activity;['lakapi'];'O le lakapƒ´, 'o se ta'aloga e fiafia tele i ai tagata SƒÅmoa.
activity;['soka'];Soka o se ta ªaloga e afua mai i Egelani ile 19th seneturi.
activity;['pasiketipolo', 'basketball'];'O le fa'asamoa o le 'upu lea 'o le pasiketipolo.
activity;['hockey'];'O se ta'aloga lenei e lua 'au e ta'a'alo ai.
activity;['kirikiti'];Kirikiti o le a taaalo i le va o taaloga pe ªa-ma-polo e lua 'au o le sefulutasi tagata taaalo i luga o se fanua taitasi i le ogatotonu o lea o se faatafafƒÅ lƒì tutusa fanua-umi luasefulu-lua pitch.
activity;['tenisi'];'O le ta'aloga o le tenisi e to'alua tagata e mafai ona ta'a'alo ai i le taimi e tasi.
activity;['faamalositino'];Faamalositino o se ta ªaloga e aofia ai le fa ªatinoina o gaioiga e mana ªomia le malosi, saoasaoa ma le feso ªota ªi o masani masani gaioiga.
activity;['netipolo'];'O se ta'aloga a tama'ita'i lenei ta'aloga.
activity;["ta'aloga", 'sport'];Samoan sporting heroes are found not only in Samoa, but also in New Zealand,the United States of America and Australia.
activity;['avega mamava'];Avega mamava, masani ona ta ªua o le mamafa, o se ta ªaloga lea e taumafai ai le tagata afeleti e maualuga le mamafa pa ªu tasi ofe barbell utaina ma mamafa ipu.O le ta ªaloga o se tasi lea o pine auro a Samoa i le Ta ªaloga fa ªava o malo ma Ta ªaloga a le Pasefika.
activity;['alo'];Alo, o isi taimi e ta ªua o crew i Iunaite Sitete o Amerika, o se ta ªaloga lona afuaaga toe fo ªi i tua i Aikupito Aikupito anamua.
activity;['pisinisi'];'O le 'upu lenei 'o le pisinisi, e maua mai le 'upu PapƒÅlagi o le 'business'.
activity;["e sufulu 'upu"];O Tulafono a le Alii.
activity;["suegatusi po'o suetusi", 'accounting'];'O lenei matƒÅ'upu 'ua fa'aperetaniaina o le accounting.
agentive-figure;['iuni a europa', 'üá™üá∫', 'eu'];O le Iuni a Europa o se politico-tamaoaiga faatasiga o le luasefulu-valu setete tagata o loo tu muamua i Europa.
agentive-figure;['malo aufaatasi', 'malo afaatasi', 'un'];Malo Aufaatasi o se faalapotopotoga faava o malo ua faavaeina i le aso 24 Oketopa 1945 ina ia uunaia le galulue faatasi faava o malo.
agentive-figure;['lotu mamona', 'ekalesia a iesu keriso o le au paia o aso e gata ai'];O le Lotu Mamona po'o le Ekalesia a Iesu Keriso o le Au Pa'ia o Aso E Gata Ai o se lotu Kerisiano sa fa'atuina i ona po nei i le 1830 e Iosefa Samita.
agentive-physical-object;['maile', 'canis lupus familiaris'];'O le tasi lenei o manu e lata ma e ta'ua 'o le fagafao po'o le 'pet' i le gagana PeretƒÅnia.
agentive-physical-object;['oti', 'capra aegagrus hircus'];O le 'oti totonu o le atunuu o se mamele totonu o le atunuu.
agentive-physical-object;['tafolƒÅ', 'tafola'];Le tafolƒÅ, e taua foi falesa, o le faaupuga masani o le igoa nisi o mamele tetele o lo ªo gaosia i le faasologa o infraorder Cetacea.
agentive-physical-object;['mamele', 'mammalia'];Mamele o le vaega o manu vertebrate lea e fausia ai le Mammalia vasega.
agentive-physical-object;['aniani', 'agiagi'];'O aniani o se mea'ai.
agentive-physical-object;['gose', 'felis silvestris catus', 'pusi'];Le gose, e lauiloa o le pusi, fale gose ia iloagofie le ituaiga o vao fomu vaogose, o se meaola mama o le aiga Felidae.
agentive-physical-object;['elefane', "'elefane"];Elefane o mamele tele o le aiga Elephantidae ma le faatulagaga Proboscidea.
agentive-physical-object;['talo'];'O le talo o le meai e sau mai le la'au.
agentive-physical-object;['taika', 'panthera tigris', 'taiga', 'tiger'];O le Taika (Panthera tigris) o le ituaiga pusi tele, aapa a umi atoa tino e oo atu i 3,38 mita i pi ªoga ma exceptionally mamafa e oo atu i 388,7 kg i le vao.
agentive-physical-object;['leona', 'liona', 'panthera leo', 'lion'];O le Leona o se tasi o le pusi tele e lima i le Panthera genus ma se tasi o le aiga Felidae.
agentive-physical-object;['solofanua', 'equus caballus'];O se Solofanua o se mamele o le aiga Equidae.
agentive-physical-object;['mamoe', 'ovis aries'];A Mamoe totonu o le atunuu o se mamele totonu o le atunuu e faatatau i mamoe vao ma 'oti.
amount-of-matter;['vai', 'h‚ÇÇo'];Vai (fua faatatau: H2O) o se vailaau o lona molecules ua aofia ai le lua atoms hydrogen ma se okesene.
biological-object;['human body'];Talofa lava.
biological-object;['apu'];O le Apu o le fualaau e a'ai tagata, e amai mai la'au, o le fa'aperetania o le Apu o le Apple.
biological-object;['faiga tau faataamilosaga'];Le faiga tau faataamilosaga, o le okeni faiga lea e mafai ai toto ona tufatufa atu ma ave mea ªai
chemical-object;['molecule'];A Molecule o electrically tino faaituau ua le itiiti ifo i atoms lua, e fesootai faatasi uma e fusi covalent.
classification-system;['kalena kurekoria', 'kalena gregorian'];O le Kalena Kurekoria o le kalena o loo faaaogaina i le tele o le lalolagi.
cognitive-event;['mƒÅfaufau'];O le mƒÅfaufau e aofia ai se "fa ªalautelega masani o manatu ma fa ªalapotopotoga e mafai ona ta ªita ªia ai se fa ªamautuga masani".
event;["ta'aloga olimipeka"];'O ta'aloga Olimipeka, e ta'ifa tausaga ma fai.
functional-matter;['pateta', 'solanum tuberosum'];O le pateta o se fualaau.
functional-matter;['apu'];O le Apu o le fualaau e a'ai tagata, e amai mai la'au, o le fa'aperetania o le Apu o le Apple.
geographical-object;['amerika i saute'];O Amerika i Saute se konetineta o loo i le Itulagi i Sisifo, o le tele lava i le i Saute Itulagi, i se vaega itiiti matua i le itulagi i matu.
geographical-object;['saina taipei'];Saina Taipei (pea lefea atu ia Lepulika o Saina), o lenei atanu'u e faagaa ina le igoa le ai le olypic ta'aloga.
geographical-object;['marshall islands'];Marshall Islands O le au motu totonu le Pasefika, o le atanu'u lea le vavalalata i Kilibati ma Nauru.
geographical-object;['marquesas'];Marquesas Islands (O se au motu totonu le malae o Polenisia).
geographical-object;['oceania', 'oseania'];'O Oseania o se keuneania 'upu PapƒÅlagi e fa'aigoa ai le Vasa Pasefika, 'aemaise 'o atumotu 'uma 'olo'o maua ai e pei o SƒÅmoa, Niue, To'elau, Papua Niu Kini, Niu Sila ma isi.
geographical-object;['kolea'];E maua Kolea i 'Asia.
geographical-object;['anetatika', 'antarctica'];'O le 'Anetatika 'o le konetineta telƒì lea e t≈´ i le pito lava i saute o le kelope po'o le lalolagi fo'i.
geographical-object;['peretƒÅnia tele', 'peretania tele'];PeretƒÅnia Tele, o se motu i le itu i matu Atalani mai le talafatai i matu-sisifo o le konetineta o Europa.
geographical-object;['niu kaletonia'];Niu Kaletonia O se atanu'u totonu le vasa o le Pasefika.
geographical-object;['wake island'];Wake Island (O lenei motu laititi lava e auga ina i le Iunaite Sitete o Amelika, e vavalalata le nu'u lea ma Kilibati ma TuvaluPolenisia.) O lenei motu laititi e tuu totonu le malae o Micronisia.
geographical-object;['amerika'];O Amerika 'o konetineta e lua, 'o Amerika Matu, ma Amerika Toga, po'o Amerika Saute.
geographical-object;['vasa atalani'];O le Vasa Atalani o le lona lua aupito tele o vaega oceanic a le lalolagi, o le mulimuli i le Vasa Pasefika.
geographical-object;['polenisia'];O le Polenisia o le faiupu e sau mai le upu kuliti o 'tele', O le vase o Polenisia le pea 1000 afe nu'u po motu le totonu le vasa o Polenisia.
geographical-object;['melanisia', 'gagana vanuatu'];Melanisia o se igoa e sau mai le 'upu' 'Kuliki' o (Motu e Uli).
geographical-object;['vasa pasefika', 'pacific ocean', 'pasefika'];'O le Vasa Pasefika 'o le vasa pito telƒì lea i le lalolagi 'ƒÅtoa.
geographical-object;['ni ªihau', 'niihau'];Ni ªihau o le westernmost ma le fitu aupito tele o le motu o Hawai'i aina i le setete o Hawai'i, o loo taoto 17,5 maila i saute i sisifo o Kaua ªi i le auala Kaulakahi ma le mauaina o se vaega o 69,5 maila faatafafa.
information-encoding-system;['faleaitu', 'maliega'];Le faleaitu, ma e taua foi maliega, o se ituaiga o talafatu e faatatau i so ªo se lauga po ªo se galuega masani e malie pe malie e ala i le faatosinaina o le lata, aemaise lava i le fale tifaga, televise, tifaga, tu i luga faleaitu, tusi ma tala po ªo isi fa ªalauiloa.
information-object;['leti≈ç', 'leitio', 'letio'];'O le leti≈ç 'o se tama'i pusa e mafai ona pu'ea fa'asalalauga mai le 'ea, e pei o le televise, 'ae 'o le leti≈ç e mafai ona fa'aliliu ia fa'asalalauga i leo 'ae lƒì mafai ona fa'aali ai se ata.
information-object;["fa'aliliuga", 'translating samoan into english'];'O le fa'aliliutusi e lƒì 'o se mea faig≈çfie.
information-realization;['o le tusi a le perofeta o iona'];Ua auina Iona e le Ali'i i Nineva. Ua maua e le afƒÅ ina o sola i Tasesa.
information-realization;['o galuega a le au aposetoro'];O le afio ae o Iesu i le lagi ina ua toe soifua mai. o le tofiga o Matataia.
information-realization;['o le tusi ia eseta'];O le tausamiga na faia e Asueru, ma lona toasa i lana masiofo.
information-realization;['o le tusi i faamasino'];Ua taui atu e le Atua ia Atonipiseka i lana amio leaga.
information-realization;['pese'];'O tagata SƒÅmoa e fiafia tele i pese.
information-realization;['m≈´sika'];'O m≈´sika a SƒÅmoa i aso anamua, 'o fatuga na fatu e tagata SƒÅmoa e 'ave tausoa ai le ≈çlaga po'o le soifua i nƒÅ vaitaimi.
information-realization;['le amuia'];‚ÄúAmuia ƒì matitiva i le agaga. auƒÅ e o latou‚Äù
information-realization;['o le evagelia a luka'];O le fanau mai o Ioane, ma le valoaga a Sakaria.
information-realization;['o le evagelia a mataio'];O le gafa o Iesu.
information-realization;['o le tusi a mamona'];O le Tusi a Mamona o se tasi molimau ia Iesu Keriso o lo'o fa'aaogaina e le Ekalesia a Iesu Keriso o Le Au Pa'ia o Aso E Gata Ai po'o le Lotu Mamona.
information-realization;['o le faaaliga ia ioane'];O le tusi a Ioane i Ekalesia e fitu o i Asia.
information-realization;["'o le feagaiga fou", 'feagaiga fou', 'le feagaiga fou', 'o le feagaiga fou', 'ole feagaiga fou'];'O le Feagaiga Fou (gagana Eleni: ·º© ŒöŒ±ŒπŒΩ·Ω¥ ŒîŒπŒ±Œ∏ŒÆŒ∫Œ∑, Hƒì Kain·∏ï Diath·∏ókƒì) o le vaega tele lona lua o le loka le Tusi Paia Kerisiano, o le vaega muamua o le Feagaiga Tuai, e faavae i luga o le Tusi Paia Eperu.
information-realization;['o le evagelia a ioane'];Ua liutino tagata le Upu.
information-realization;["'o le tusi pa'ia", 'o le tusi paia'];'O le Tusi Pa'ia - O le Feagaiga Tuai ma le Feagaiga Fou
information-realization;['o le evagelia a mareko'];Ua faamaloloina le supa, ua valaauia Levi.
language;['faasiaosiana'];Faasiaosiana o se Kartvelian gagana fetalaia e tagata Siaosia.
language;["fa'anouei", 'faanouei'];Fa'anouei o se gagana Germanic Matu fetalai mafuli i Nouei, lea o le gagana aloaia.
language;["fa'atenimaka", 'da', 'dan', 'faatenimaka'];Fa'atenimaka o se gagana Germanic Matu fetalaia e faataamilo i le ono miliona tagata, autu i Tenimaka ma i le itulagi o Saute Schleswig i Siamani i matu, i le mea ei ai le tulaga o le gagana e aupito i laiti.
language;["fa'asuetena", 'faasuetena', 'gagana suetena'];Fa'asuetena o se gagana Germanic Matu, tautala e uiga i le 9 miliona tagata na matele lava i Suetena ma vaega o Finelani, i le mea ei ai tulaga fa'aletulafono tutusa ma fa'afinelani.
language;['gagana'];‚ÄôO le gagana e feso'ota'i ai tagata.
language;["fa'aromania", 'gagana romanian'];Fa'aRomania o se gagana alofa faaleuo fetalaia e faataamilo i le 24 miliona o tagata e pei o se gagana, muamua i Romania ma Moldova, ma i le isi 4 miliona o tagata e pei o se gagana lona lua.
language;["fa'aperetania", "'igilisi", 'igilisi', '‚Äòigilisi'];'Ua salalau lenei gagana i le lalolagi atoa.
language;['fa ªa afelika'];Fa ªa Afelika o se gagana Germanic sisifo tautala i Aferika i Saute, Namipia, ma i se tulaga maualalo, Botswana ma Zimbabwe.
language;["fa'asaina"];'O tagata Saina na 'ƒÅmata ona taunu'u atu i Samoa talu ai faiga fa'akolone a mƒÅl≈ç tetele e pei o Siamani, Amerika ma Peretania.
language;["fa'akolea"];Fa'aKolea (ÌïúÍµ≠Ïñ¥) o le gagana aloaia a uma Kolea i Saute ma Kolea i Matu, e pei foi o se tasi o le gagana aloaia e lua i le Yanbian Kolea t≈´ to ªatasi Prefecture Saina.
language;["fa'ainitonesia"];Fa'aInitonesia o le gagana aloaia o Initonesia.
language;["fa'aeleni"];Fa'aEleni o se paranesi tutoatasi o le Indo-Europa aiga o gagana, moni i le Balkans i saute, o le Motu Aegean, sisifo o Asia Itiiti, o vaega o le itu i mƒÅt≈´ ma Sasae Anatolia ma le Caucasus i Saute, i saute Italia, Eleni, Albania ma Kuperu.
language;['gagana kosovo'];Gagana Kosovo se gagana lea e fa'atasi le Gagana Albanian ma le Gagana Serbian, le mea le e fai le gagana o Kosovo.
language;["fa'aperesia"];Fa'aPeresia foi e iloa ai lona endonym Farsi, o le tupuga o aso nei silisili o Tuai Peresia, o se gagana Iran saute i sisifo totonu le paranesi Indo-Iran o le gagana Indo-Europa.
language;["fa'aviatename"];Fa'aViatename (ti·∫øng Viet) o se gagana Austroasiatic e amata i le itu i matu o Viatename ma o le gagana a le atunuu ma le aloaia o le atunuu.
language;['gagana mƒÅoli', 'gagana faamauli', 'gagana fa ºa mauli', 'gagana maori'];O le 'gagana MƒÅoli (reo MƒÅori) 'o le gagana moni o Niusila.
language;["gagana fa'a hawai'i", 'gagana faahawaii', 'gagana fa ºa hawaii', 'gagana fa ºa hawai ºi'];O le gagana fa'a Hawai'i (‚Äò≈ålelo Hawai'i) o le gagana moni o Hawai'i.
language;["fa'afinelani", 'faafinelani'];Fa'afinelani o le gagana tautala i ai o le toatele o le faitau aofai o tagata i Finelani ma tagata o Finelani ituaiga fafo Finelani.
language;['gagana hungary', "fa'ahanikeri"];Fa'aHanikeri o le gagana aloaia o Hanikeri ma o se tasi o le 24 o gagana aloaia o le Iuni a Europa.
language;['gagana urdu', 'urd√ª'];Gagana Urdu o le igoa o se tasi o gagana sili e tautalagia i Asia i Saute.
language;['gagana spaniolo', "fa'asipaniolo", 'sipaniolo'];Ua iloa lenei 'upu o le fa'asipaniolo i le gagana Samoa ona o le ki o le kitala e masani ona ta ai le kitara i aso la.
language;["fa'apolani"];Fa'apolani (Polski jƒôzyk) o se gagana Slavic tautala faapitoa i Polani ma le gagana o le pou.
language;["fa'asieki", 'gagana sieki'];O Fa'aSieki se gagana Slavic i sisifo aafia i Latina, na fetalai i ai i le 10 miliona tagata.
language;["fa'asolovak"];Fa'aSolovak o se gagana Indo-Europa e faatatau i le gagana Slavic i sisifo.
language;["fa'aukaraina"];Fa'aUkaraina se gagana Sasae Slavic.
language;["gagana fa'a lusia", "fa'arusia"];O le Gagana Fa'arusia o le gagana o tagata i le atunu'u o Rusia i Europa.
language;["fa'asiamani", 'faasiamani', 'gagana siamani'];'O le gagana Siamani, na fa'aaogƒÅ i totonu o Samoa i tausaga ua mavae, 'a'o nofoia e le pulega a Siamani ia Samoa i le vaitami mai le 1900 - 1914.
language;["fa'aholani"];Fa'aholani o se gagana Germanic sisifo o loo tautalagia i le Iuni a Europa e uiga i le 23 miliona o tagata e pei o se gagana-e aofia ai muamua le tele o le faitau aofai o tagata o le Netalani ma e uiga i le ono sefulu pasene o lena o Peleseuma-ma o le isi 5 miliona e pei o se gagana lona lua.
locative-role;['ho chi minh city'];Ho Chi Minh City le laumua tele lea le totonu o Vietnam.
locative-role;['serbia', '—Å—Ä–±–∏—ò–∞'];Serbia se atanu'u totonu o Europa.
locative-role;['pagopago', 'pago pago'];'O PagoPago 'o le laumua lea o Amerika SƒÅmoa.
locative-role;['lufiana', 'malo o lufiana', 'lithuania'];Lufiana, aloaia o le Malo o Lufiana, o se atunuu i Matu Europa.
locative-role;['le malo o peresia', 'peresia'];Le Malo o Peresia.
locative-role;['uelese', 'wales'];O Uelese a atunuu o se vaega o le Malo Aufaatasi ma le motu o Peretania Tele, tuaoi e ala i Egelani i lona itu i sasa ªe, o le Sami Aialani i lona itu i matu ma sisifo, ma le Atuvasa Bristol i lona itu i saute.
locative-role;['valparaiso'];O Valparaiso, 'o le laumua lea o Chile.
locative-role;['rio de janeiro'];O Rio de Janeiro, 'o le laumua lea o Brazil.
locative-role;['niu ioka'];Niu Ioka - masani ona ta ªua Aai o Niu Ioka e iloa mai le Setete o Niu Ioka, o lea o se vaega-o le aai sili ona nonofo ai i le Iunaite Setete ma le ogatotonu o le eria o aai tetele o Niu Ioka, le sili faitotoa mo femalagaa ªiga faaletulafono i le Iunaite Setete ma o se tasi o le agglomerations le taulaga sili ona populous i le lalolagi.
locative-role;['central amelika'];Central Amelika O lenei nu'u le tuu i le ogatotonu o Amelika (saute) ma le Amelika lei luga.
non-physical-collection;['kerisiano'];O Kerisiano se lotu monotheistic Aperaamo e faavae i le soifuaga ma aoaoga a Iesu Keriso e pei ona tuuina mai i le Feagaiga Fou.
non-physical-collection;['porotesano'];O Porotesano se pepa faatumu o le faatuatua Kerisiano ma faiga na amata mai i le toefaatulagaina Porotesano, o se gaoioiga e faasaga i mea manatu ona soo ina ia sese i le Ekalesia Katoliko Roma.
physical-object;["falema'i", 'falema ºi'];E iai ni falema'i e lua i Samoa, ma le tasi i Amerika Samoa.
physical-object;['telefoni'];'O le telefoni, 'o se 'upu e sau mau le 'upu PapƒÅlagi 'o le telephone.'Ua leva ona iai telefoni i Samoa.
physical-object;['televise'];O le televise o se pusa e mafai ona pu'e faasalalauga mai le ea ona faaliliu ai lea ia faasalalauga i ata ma leo ina ia mafai ona matamata ai tagata.'O aso nei, 'ua tele it≈´'ƒÅiga televise ma 'ua faigofie fo'i ona matamata tagata i ata 'ese'ese.
political-geographic-object;['romania'];Romania (O se atanuu le vavalalata ia Hungary ma Serbia ma lesi tuu le lalata ia Moldova ma Ukraine).
political-geographic-object;['ho chi minh city'];Ho Chi Minh City le laumua tele lea le totonu o Vietnam.
political-geographic-object;['norge', 'nouei', 'kongeriket noreg', 'kongeriket norge', 'noreg'];Nouei (Faanouei: Kongeriket Norge), aloaia o le Malo o Nouei, o se tupu ma Malo Faitupu lona teritori e aofia ai le vaega i sisifo o le Scandinavian Penisula faaopoopo le motu Jan Mayen ma le atumotu o Svalbard.
political-geographic-object;['netalani', 'holani'];O le Netalani (Fa'aholani: Nederland) o le atunuu faaitumalo autu o le Malo o le Netalani.
political-geographic-object;['iapani'];Tasi lenei atunu'u i Asia e 'ese le to'atele o tagata e nonofo ai.
political-geographic-object;['sƒÅmoa', 'samoa', 'malo sa‚Äôoloto tuto‚Äôatasi o samoa', 'samoa i sisifo'];O SƒÅmoa o se atunu‚Äòu Polenƒ´sia i le vasa o le Pasefika.
political-geographic-object;['ripapelika aferika i tutotonu', 'central african republic'];O Ripapelika Aferika i Tutotonu o se atunuu i Aferika.
political-geographic-object;['djibouti'];O Djibouti o se atunuu i Aferika.
political-geographic-object;['malesia'];O Malesia o se atunu'u i Asia la patei lamua Kuala Lumpur.
political-geographic-object;['namipia', 'namibia'];Namipia aloaia le Ripapelika o Namipia (Fa ªa Afelika: Republiek van Namibi√´), ma sa avea muamua ma Siamani i Saute i Sisifo o Aferika ma Aferika i Saute sisifo, o se atunuu i Aferika i saute o lona tuaoi i sisifo o le Vasa Atalani.
political-geographic-object;['antigua ma barbuda', 'antigua and barbuda'];O Antigua ma Barbuda o se atunuu i Amerika i Matu.
political-geographic-object;['mauritania'];O Mauritania o se atunuu i Aferika.
political-geographic-object;['pelisi', 'belize'];O Pelisi se atunuu i le talafatai i sasae o Amerika i Tutotonu.
political-geographic-object;['kini ekuatoria', 'equatorial guinea'];Kini Ekuatoria o se atunuu o loo i Tutotonu Aferika, ma o se nofoaga o le 28,000 kilomita faatafafa.
political-geographic-object;['saint kitts ma nevis'];O Saint Kitts ma Nevis o se atunuu i Amerika i Matu.
political-geographic-object;['comoros'];O Comoros o se atunuu i Aferika.
political-geographic-object;['malo o dominica', 'dominican republic'];O Malo o Dominica o se atunuu i Amerika i Matu.
political-geographic-object;['saint lucia'];O Saint Lucia o se atunuu i Amerika i Matu.
political-geographic-object;["'egelani", 'egelani'];'O Egelani e lauiloa fo'i i lona tala fa'asolopito.
political-geographic-object;['suitiselani', 'ch', 'sueteselani'];O Suitiselani a atunuu i Europa.
political-geographic-object;['malo alapi lotogatasi', 'united arab emirates'];O Malo Alapi Lotogatasi o se atunuu i Asia.
political-geographic-object;['luxembourg'];Luxembourg, o se atunuu i Europa.
political-geographic-object;['morocco'];O Morocco o se atunuu i Aferika.
political-geographic-object;['peretania', 'iunaite malo o peretƒÅnia tele ma aialani i matu', 'peretƒÅnia', 'iunaite malo', 'iunaite malo o peretania tele ma aialani', 'iunaite malo o peretania tele ma aialani i matu', 'malo o peretania', 'malo o peretania tele', 'peletania', 'uk'];O le Iunaite Malo o PeretƒÅnia Tele ma Aialani i Matu, e masani ona ta ªua o le Malo o PeretƒÅnia (UK) po o PeretƒÅnia o se tulaga tupu i le Iuni a Europa.
political-geographic-object;['spania', 'sepa\xadni', 'sepania'];Sepania (Fa'asipaniolo: Espa√±a) o se Lepulika totonu o Europa.
political-geographic-object;['chad'];O Chad o se atunuu i Aferika.
political-geographic-object;['tajikistan'];O Tajikistan o se atunuu i Asia.
political-geographic-object;['uganda'];O Uganda o se atunuu i Aferika.
political-geographic-object;['belarus'];O Belarus o se atunuu i Europa.
political-geographic-object;['malawi'];O Malawi o se atunuu i Aferika.
political-geographic-object;['azerbaijin'];Lepulika o Azerbaijan po le (Azerbaijan) o se atanuu e vavalalata ia Lusia ma Georgia ma Armenia.
political-geographic-object;['kyrgyzstan'];O Kyrgyzstan o se atunuu i Asia.
political-geographic-object;['uzbekistan'];O Uzbekistan o se atunuu i Asia.
political-geographic-object;['kasakisitana', 'kasakisitani'];O Kasakisitana o se atunuu o lo ªo i le ogatotonu o Eurasia.
political-geographic-object;['mogitolia'];Mogitolia (o se atanu'u totonu o Asia), o tagata e omai mai Mogitolia le Gagana Mongitolian, o le laumua o Ulan Bator.
political-geographic-object;['misuri', 'missouri'];O Misuri se tulaga o loo i Sisifotutotonu Iunaite Setete.
political-geographic-object;['peleseuma', 'belgium'];Peleseuma, aloaia o le Malo o Peleseuma, o se tulaga tupu i Sisifo Europa.
political-geographic-object;['toga', 'tonga'];'O Toga 'o se malo Tupu i le Polenisia.
political-geographic-object;['pakisitana', 'pakistan'];Pakisitana, o se atunuu i Asia i Saute.
political-geographic-object;['bangladesh'];O Bangladesh o se atunuu i Asia.
political-geographic-object;['afakanisitana', 'afghanistan'];O Afakanisitana a atunuu fanua loka tu i totonu o Asia i Saute Asia ma Tutotonu.
political-geographic-object;['austilia', 'oseteria', 'austria'];Oseteria o se malo faitele feterale ma se atunuu fanua loka o i 8,77 miliona tagata i Tutotonu Europa.
political-geographic-object;['laos'];Laos aloaia le le Ripapelika Temokarasi a Tagata Lao, o se atunuu fanua i Sautesasae Asia, tuaoi e Myanmar (Burma) ma Saina i le Matusisifo, Viatename i le itu i sasae, Kemupotia i le itu i saute, ma Taialani i le itu i sisifo.
political-geographic-object;['kemupotia', 'cambodia'];Kemupotia, aloaia ua ta ªua o le Malo o le Kemupotia o se atunuu o loo i le vaega i saute o le Penisula Indosaina i Sautesasae Asia.
political-geographic-object;['ausetalia', 'taupulega o ausetalia'];'O 'Ausetalia, 'o se konetineta i le Vasa Pasefika.
political-geographic-object;['bhutan'];O Bhutan o se atunuu i Asia.
political-geographic-object;['castile'];O Castile a itulagi talafaasolopito Sipaniolo o tuaoi fa ªanenefu, o le taunuuga o le a tuufaatasia malie o le Malo o le Castile ma ona tuaoi e avea ai le Tupu o Castile ma mulimuli ane i le Malo o le Sepania pe a faatasi ma le Tupu o Aragon ma le Malo o le Navarre.
political-geographic-object;['turkmenistan'];O Turkmenistan o se atunuu i Asia.
political-geographic-object;['siaosia'];Siaosia o se atunuu i Eurasia, tu i le fetaulaiga ala o Europa i Sasae ma sisifo Asia.
political-geographic-object;['rwanda'];O Rwanda o se atunuu i Aferika.
political-geographic-object;['zambia'];O Zambia o se atunuu i Aferika.
political-geographic-object;['ripapelika timokiratika o le congo'];O Ripapelika Timokiratika o le Congo o se atunuu i Aferika.
political-geographic-object;['honilagi', 'honduras'];Honilagi o se atanu'u e le lalata atu i Mexico ai totonu le pito o Central Amelika.
political-geographic-object;['tuatemala', 'guat√©mala'];Tuatemala O se atanu'u le tuu lava i le ogatotonu o Amelika ma Mexico.
political-geographic-object;['kosta rika', 'crc', 'malo o kosta rika', 'costa rica', 'costa rika'];Kosta Rika, aloaia o le Malo o Kosta Rika, o se atunuu i Amerika i Tutotonu, tuaoi e Nikaragua i le itu i matu, Panama i le sautesasae, o le Vasa Pasefika i le itu i sisifo, o le Sami Karepiane i le itu i sasae, ma Ekuatoa i le itu i saute o le Motu Cocos.
political-geographic-object;['hungary', 'hanikeri'];Ripapelika o Hanikeri (O lenei upu e lefer atu ai tagata peretania /po palagi).
political-geographic-object;['polagi', 'polani'];Ripapelika o Polani (Fa'apolani: Polska) o se atunuu i Tutotonu Europa, tuaoi e ala i Siamani i le itu i sisifo. le Sieki Ripapelika ma Solovakia i le itu i saute. Iukureini ma Belarus i le itu i sasae.
political-geographic-object;['burundi'];O Burundi o se atunuu i Aferika.
political-geographic-object;['tanzania'];O Tanzania o se atunuu i Aferika.
political-geographic-object;['guinea'];Lepulika o Guinea (O se atanu'u fo'i totonu o Aferika).
political-geographic-object;['somalia'];Lepulika o Somaliapo le(Ethiopia) o se atanuu e vavalalata ia Djibouti ma Kenya ma Yemen.
political-geographic-object;['vietnam', 'viatename'];Ripapelika o Viatename (Fa'aViatename: Vi·ªát Nam) o se atanuu e vavalalata ia Kemupotia ma Taialani ma Laos.
political-geographic-object;['siamani', 'mille anni al terzo reich'];O Siamani o se malo faitele Palemene feterale i Europa i Sisifo-Tutotonu.
political-geographic-object;['aikupito'];O Aikupito o se atunu'u i le konitineta o Aferika.
political-geographic-object;['suriname'];Suriname, aloaia ua ta ªua o le Ripapelika o Suriname, o se tulaga tupu i luga o le talafatai Atalani sasae o Amerika i Saute.
political-geographic-object;['venesuela', 'venezuela'];O Venesuela o se atanu'u le tuu atu le saute o Amerika.
political-geographic-object;['algeria'];== Taulaga i Apia == == Motu == == Gagana == == It≈´mƒÅl≈ç == == Lotu == == Mau faasino == Algeria.
political-geographic-object;['igitia', 'india'];Lepulika o Igitia po le (Igitia) o se atanuu e vavalalata ia Sri Lanka ma Maldives ma Intonisia.
political-geographic-object;['italia', 'esticazzi', 'filly', 'flavia ferrero', 'pg'];Italia, aloaia le Ripapelika Italia.
political-geographic-object;['shili', 'chile'];Shili, aloaia o le Malo o Shili, o se atanu'u e t≈´ i le vƒÅ.
political-geographic-object;['parakuei'];Parakuei, aloaia o le Malo o Parakuei, o se atunuu fanua loka i le ogatotonu o Amerika i Saute, tuaoi i Atenitina i le itu i saute ma saute i sisifo, Pasila i le itu i sasa ªe ma i matu i sasae, ma Polevia i le Matusisifo.
political-geographic-object;['indyunisia', 'initonesia'];Tasi lenei atunu'u i Asia la patei lamua Jakarta.
political-geographic-object;['eleni', 'kuliti'];Eleni (Fa'aEleni: ŒïŒªŒªŒ∑ŒΩŒπŒ∫ŒÆ ŒîŒ∑ŒºŒøŒ∫œÅŒ±œÑŒØŒ±) se atanu'u totonu o Europa.
political-geographic-object;['ukraine', 'iukureini'];o Iukureini (Fa'aUkaraina: –£–∫—Ä–∞—ó–Ω–∞) a atunuu i Europa i Sasae, tuaoi e Rusia i le itu i sasae ma i matu i sasae, Belarus i le Matusisifo, Polani ma Solovakia i le itu i sisifo, Hanikeri, Romania, ma Moldova i saute sisifo, ma le sami uliuli ma le sami o Azov i le itu i saute ma sautesasae, faasologa.
political-geographic-object;['mexico', 'mekisik≈ç', 'mekisiko', 'mesiko', 'mesik≈ç'];‚ÄôO Mekisiko o se atanu‚Äôu le tuu atu le ogatotonu o Iunaite Setete ma Pelisi ma Tuatemala.
political-geographic-object;['amenia', 'armenia'];Lepulika o Amenia po le o se atanuu e vavalalata ia Iran ma Georgia ma Aserbaijan.
political-geographic-object;['iraq'];O Iraq o se atunuu i Asia.
political-geographic-object;['kolea i saute', 'korea i saute'];Kolea i Saute (Fa'aKolea: ÎåÄÌïúÎØºÍµ≠ / Â§ßÈüìÊ∞ëÂúã, Daehan Minguk) o se atanu'u le tuu atu le Asia.
political-geographic-object;['le gambia'];O Le Gambia o se atunuu i Aferika.
political-geographic-object;['nigeria'];O Nigeria o se atunuu i Aferika.
political-geographic-object;["c√¥te d'ivoire", 'ivory coast'];O C√¥te d'Ivoire o se atunuu i Aferika.
political-geographic-object;['niger'];O Niger o se atunuu i Aferika.
political-geographic-object;['gabon'];O Gabon o se atunuu i Aferika.
political-geographic-object;['ripapelika o congo'];O Congo o se atunuu i Aferika.
political-geographic-object;['cameroon'];O Cameroon o se atunuu i Aferika.
political-geographic-object;['kini-bissau', 'guinea-bissau'];O Kini-Bissau o se atunuu i Aferika.
political-geographic-object;['senegal'];O Senegal o se atunuu i Aferika.
political-geographic-object;['farani', 'falani'];O 'Farani la o se atanu'u le tuu atu le Europa.
political-geographic-object;['ekuatoa', 'ecuador'];Ekuatoa, aloaia le Ripapelika o Ekuatoa, o se Malo Temokalasi o sui i matu i sisifo Amerika i Saute, tuaoi e Kolomupia i le itu i matu, Peru i le itu i sasa ªe ma le itu i saute, ma le Vasa Pasefika i le itu i sisifo.
political-geographic-object;['ripapelika o aialani', 'aialani', "'aealani", 'ireland'];O le Ripapelika o Aialani (Poblacht na h√âireann), o se tupu tulaga i Europa i matu-sisifo o lo o nofoia e uiga i le lima mai le ono o le motu o Aialani.
political-geographic-object;['madagascar'];Madagascar (O se atanu'u po se motu fo'i tel'e totonu o Aferika).
political-geographic-object;['aai o panama', 'panama city'];Aai o Panama (Sipaniolo: Ciudad de Panama) o le tupe faavae ma aupito tele aai o le Ripapelika o Panama O loo i ai se faitau aofai o tagata o 880.691 (2013), ma se faitau aofai o tagata Metro atoa o 1.501.691, ma ua tu i le.
political-geographic-object;['el salvador'];O El Salvador o se atunuu i Amerika i Matu.
political-geographic-object;['filipaina'];O Filipaina o se atunu ºu o motu o lo ºo i le pasefika i matu o Ausetalia ma i saute o Iapani ma i Sasa ºe o Tailani.
political-geographic-object;['seychelles'];O Seychelles o se atunuu i Aferika.
political-geographic-object;['sweden', 'suetena'];Suetena (Faasuetena: Konungariket Sverige ), aloaia o le Malo o Suetena, o se atunuu Scandinavian i Matu Europa.
political-geographic-object;['laumua'];Laumua o le sili aai tele lona nu‚Äòu, ‚Äòi‚Äòina nofoa o le malo.
political-geographic-object;['ausetalia i sisifo', 'sisifo ausetalia', 'western australia'];O Ausetalia i Sisifo se tulaga o lo o nofoia le lona tolu i sisifo atoa o Ausetalia.
political-geographic-object;['tenesi', 'tennessee'];O Tenesi (gagana Cherokee: ·èî·éæ·èè, Tanasi) se tulaga o loo i ai i le sautesasae Iunaite Setete.
political-geographic-object;['ausetalia i saute', 'saute ausetalia', 'south australia'];o Ausetalia i Saute o se tulaga i le vaega tutotonu i saute o Ausetalia.
political-geographic-object;['siaosia', 'ge√≥rgia'];O Siaosia se tulaga o loo i ai i le sautesasae Iunaite Sitete.
political-geographic-object;['karolaina i matu', 'matu karolaina', 'north carolina'];O Matu Karolaina se tulaga i le itulagi sautesasae o le Iunaite Sitete.
political-geographic-object;['niu mekisik≈ç', 'new mexico', 'niu mekisiko'];O Niu Mekisik≈ç se tulaga o loo i ai i le itulagi saute i sisifo o le Iunaite Setete.
political-geographic-object;['arisona', 'arizona'];Arisona o se tulaga i le saute i sisifo itulagi o le Iunaite Setete.
political-geographic-object;['misisipi', 'mississippi'];O le Misisipi o se tulaga o loo i le itulagi i saute o le Iunaite Setete.
political-geographic-object;['karolaina i saute', 'saute karolaina', 'south carolina'];O Saute Karolaina se tulaga i le itulagi sautesasae o le Iunaite Sitete.
political-geographic-object;['alabama'];O Alabama se tulaga o loo i ai i le itulagi sautesasae o le Iunaite Setete.
political-geographic-object;["hawai'i", 'hawaii'];Hawai'i o le tulaga 50 ma sili ona lata mai o le Iunaite Setete o Amerika, mauaina o setete i le aso 21 o Aokuso, 1959.
political-geographic-object;['kalefonia', 'california'];O Kalefonia le sili ona nonofo ai le setete i le Iunaite Setete.
political-geographic-object;['iutƒÅ', 'utah'];IutƒÅ (Navajo: √ÅshƒØƒØh bi T√≥ Hahoodzo. Arapaho: Wo't√©√©neih√≠) o se tulaga i sisifo o le Iunaite Sitete.
political-geographic-object;['kolorato', 'colorado'];Kolorato o se tulaga i le Iunaite Setete aofia ai le tele o le Mauga Papa i Saute faapea foi ma le vaega sasae o le plateau Kolorato ma i le pito i sisifo o le Fanua Laugatasi Tele.
political-geographic-object;['teritori i matu', 'northern territory', 'teritori matu'];O le Teritori i Matu o se teritori o Ausetalia le feterale i le ogatotonu ma le itulagi i matu tutotonu.
political-geographic-object;['amerika sƒÅmoa', 'teritori o amerika sƒÅmoa', 'amelika samoa', 'american samoa', 'amerika samoa'];O Amerika SƒÅmoa o le Teritori o le Iunaite Sitete o Amerika mai le tausaga e 1900 se'ia o'o mai i le taimi nei.
political-geographic-object;['niu saute uelese', 'new south wales'];Niu Saute Uelese o se tulaga i le talafatai i sasa ªe o Ausetalia.
political-geographic-object;['aai o vatikana', 'aai o le vatikana', 'vatican city'];Aai o Vatikana o se malupuipuia ma tulaga tupu i totonu o le aai o Roma.
political-geographic-object;['fiti'];'O Fiti 'o se tasi o atumotu tƒÅua o le Pasefika.
political-geographic-object;['cabo verde', 'cape verde'];O Cabo Verde o se atunuu i Aferika.
political-geographic-object;['saint vincent ma grenadine'];O Saint Vincent ma Grenadine o se atunuu i Amerika i Matu.
political-geographic-object;['bahrain'];O Bahrain o se atunuu i Asia.
political-geographic-object;['vanuatu'];Vanuatu, O se atanu'u totonu le vasa o le Pasefika le tuu lalata ma Fiti ma Niu Kaletonia.
political-geographic-object;['kilibati', 'kiripati', 'kiribati'];O le Atanu'u o Kiripati, le totonu le Pasefika.
political-geographic-object;['trindad ma tobacco'];Lepulika o Trinidad ma Tobagopo le(Trindad ma Tobacco) o se atanuu e vavalalata ia Farani Guiana ma Guyana ma Netherlands Antilles.
political-geographic-object;['aiselani'];O Aiselani la o se atanu'u le tuu atu le Europa.
political-geographic-object;['grenada'];O Grenada o se atunuu i Amerika i Matu.
political-geographic-object;['sofia'];Sofia le laumua tele lea le totonu o Bultalia.
political-geographic-object;['bogota'];Kolomupia faatasi ai ma lona laumua i Bogota.
political-geographic-object;['budapest'];Budapest le laumua tele lea le totonu o Hungary.
political-geographic-object;['roma'];Roma o le aai laumua o Italia ma le itulagi o Italia Latium.
political-geographic-object;['brisbane'];O Brisbane le laumua ma aai sili ona populous i le setete o Ausetalia o Kuiniselani, ma le aai lona tolu sili ona nonofo ai i totonu o Ausetalia.
political-geographic-object;['ierusalema'];Ierusalema.
political-geographic-object;['belgrade'];Belgrade Le Laumua o Serbia e pei 1,670,000 le numela o tagata.
political-geographic-object;['perelini', 'berlin'];O Perelini le laumua o Siamani ma se tasi o le setete sefulu ma le ono o Siamani.
political-geographic-object;['taialani', 'thailand'];Taialani, aloaia o le Malo o Taialani, muamua ta ªua o Siam, o se atunuu i le ogatotonu o le Penisula Indosaina i fanua tele Sautesasae Asia.
political-geographic-object;['ethiopia', 'aitiope', 'itiopia'];Aitiope aloaia ua ta ªua o le Feterale Faatemokalasi Ripapelika o Aitiope o se tulaga tupu o loo i le Horn o Aferika.
political-geographic-object;['moscow'];Moscow le laumua o Lusia, e pe 10470318 numela o tagata e nonofo totonu i lenei pito nu'u.
political-geographic-object;['benin'];O Benin o se atunuu i Aferika.
political-geographic-object;['burkina faso'];O Burkina Faso o se atunuu i Aferika.
political-geographic-object;['bahamas'];O Bahamas o se atunuu i Amerika i Matu.
political-geographic-object;['s√£o tom√© ma pr√≠ncipe'];O S√£o Tom√© ma Pr√≠ncipe o se atunuu i Aferika.
political-geographic-object;['israel', 'isalaeru', 'isaraelu'];Isaraelu, aloaia o le Malo o Isaraelu, o se atunuu i Sasae Tutotonu, oi ai i le matafaga i sautesasae o le Sami Meititerane ma le matafaga i matu o le to o le Aqaba i le Sami Ulaula.
political-geographic-object;['sikotilani', 'sikotilandi'];O Sikotilani a atunuu o se vaega o le Iunaite Malo ma e aofia ai le tolu i matu o le motu o Peretania Tele.
political-geographic-object;['finalagi', 'finelani', 'finilani', 'finland'];Finelani (Faafinelani: Suomi), aloaia o le Ripapelika o Finelani, o se tulaga tupu i Europa.
political-geographic-object;['lonetona'];O Lonetona le laumua ma sili ona nonofo ai o Egelani ma le Malo o Peretania.
political-geographic-object;['pale', 'paris'];Pale le laumua ma aai sili ona nonofo ai o Farani.
political-geographic-object;['atenai'];Atenai, o le tupe faavae ma aupito tele aai o Eleni.
political-geographic-object;['tokyo'];Tokyo le laumua ma aai sili ona nonofo ai o Iapani.
political-geographic-object;['mexico siti'];O Mexico Siti o le taulaga i Mexico.
political-geographic-object;['aai o panama', 'panama city'];Aai o Panama (Sipaniolo: Ciudad de Panama) o le tupe faavae ma aupito tele aai o le Ripapelika o Panama O loo i ai se faitau aofai o tagata o 880.691 (2013), ma se faitau aofai o tagata Metro atoa o 1.501.691, ma ua tu i le.
political-geographic-object;['madrid'];O Madrid a aai Europa i saute i sisifo, o le laumua o Sepania, ma le municipality aupito tele i le nuu o le Madrid.
political-geographic-object;['canberra'];O Canberra le aai laumua o Ausetalia.
political-geographic-object;['ottawa'];O Ottawa o le laumua o le itumalo o Kanata o Ontario.
political-geographic-object;['ueligitone', 'wellington'];'O Ueligitone 'o le laumua lea o Niu Sila.
political-geographic-object;['melepone', 'melbourne'];O Melepone le laumua ma aai sili ona populous i le setete o Ausetalia o Vitoria, ma le lona lua e sili ona nonofo ai aai i Ausetalia ma le Oseania.
political-geographic-object;['apia'];'O Apia, 'o le laumua lea o SƒÅmoa.
political-geographic-object;['valparaiso'];O Valparaiso, 'o le laumua lea o Chile.
political-geographic-object;['rio de janeiro'];O Rio de Janeiro, 'o le laumua lea o Brazil.
political-geographic-object;['sini', 'sydney'];Sini o le tulaga laumua o Niu Saute Uelese ma le aai sili ona nonofo ai i totonu o Ausetalia ma le Oseania.
political-geographic-object;['niu ioka'];Niu Ioka - masani ona ta ªua Aai o Niu Ioka e iloa mai le Setete o Niu Ioka, o lea o se vaega-o le aai sili ona nonofo ai i le Iunaite Setete ma le ogatotonu o le eria o aai tetele o Niu Ioka, le sili faitotoa mo femalagaa ªiga faaletulafono i le Iunaite Setete ma o se tasi o le agglomerations le taulaga sili ona populous i le lalolagi.
political-geographic-object;['pasila', 'brasil', 'brazil'];Pasila, aloaia le Ripapelika feterale o Pasila, o le tulaga aupito sili ona tele tupu e le gata i Amerika i Saute ma le itulagi Latina Amerika.
political-geographic-object;['toronto'];O Toronto o le laumua o le itumalo o Kanata o Ontario.
political-geographic-object;['adelaide'];O Adelaide le aai laumua o le setete o Ausetalia i Saute, ma le aai lona lima-e sili ona nonofo ai o Ausetalia.
political-geographic-object;['perth', 'perth, ausetalia'];O Perth o le laumua ma aai aupito tele i le setete o Ausetalia o Ausetalia i Sisifo.
quality;["itu fa'aleagaga"];O le uiga o le itu fa'aleagaga ua atiina ae ma faalauteleina i le aluga o taimi, ma eseese faamatalaga e mafai ona maua faatasi ma isi.
quality;['mama'];O le mama o tulaga uma fa ªapitoa o le mama ma saoloto mai siama, palapala, otaota, po o otaota, ma le masani o le mauaina ma le tausia o lena setete.
quality;['oloa totonu o le atunuu atoa', 'gdp'];Oloa Totonu o le Atunuu Atoa (GDP) o se fua tau tupe o le tau o oloa mulimuli uma ma auaunaga tuuina atu i totonu o se vaitaimi (kuata po o le tausaga).
quality;['kerisiano'];O Kerisiano se lotu monotheistic Aperaamo e faavae i le soifuaga ma aoaoga a Iesu Keriso e pei ona tuuina mai i le Feagaiga Fou.
quality;['porotesano'];O Porotesano se pepa faatumu o le faatuatua Kerisiano ma faiga na amata mai i le toefaatulagaina Porotesano, o se gaoioiga e faasaga i mea manatu ona soo ina ia sese i le Ekalesia Katoliko Roma.
region;['karama', 'g'];O le Karama o se iunite faiga nati o vaega tele.
region;['kilokalama', 'hg', 'kg', 'mg', 'tg', 'kilogram', 'kilogramme'];O le Kilokalama (Si faailoga iunite: kg), o le faavae iunite o le vaega tele i le Faava o Malo Faiga o Iunite (SI) (le faiga nati) ma o loo faauigaina e tutusa ma le vaega tele o le Faava o Malo Prototype o le Kilokalama.
region;['tala ausetalia', 'aud'];O le Tala Ausetalia (faailoga: $. tulafono: AUD) o le tupe o le Taupulega o Ausetalia, e aofia ai le Motu Kerisimasi, Atumotu Cocos, ma Motu Norfolk, faapea foi ma le setete tutoatasi Motu Pasefika o Kiripati, Nauru ma Tuvalu.
region;['9', '0'];9 o se fuainumera, fuainumera, ma glyph.
region;['6'];6 o se fuainumera, fuainumera, ma glyph.
region;['5'];5 o se fuainumera, fuainumera, ma glyph.
region;['10', 'sefulu'];10 o se fuainumera, fuainumera, ma glyph.
region;['tolu', '3'];3 o se fuainumera, fuainumera, ma glyph.
region;['lua', '2'];2 o se fuainumera, fuainumera, ma glyph.
region;['8'];8 o se fuainumera, fuainumera, ma glyph.
region;['7'];7 o se fuainumera, fuainumera, ma glyph.
region;['fa', '4'];4 o se fuainumera, fuainumera, ma glyph.
region;['tasi', 'asi', '1'];O se Tasi o se fuainumera moni ina ua uma ona o ma i le lua.
situation;['tolotolo'];Le tolotolo, ua lauiloa foi luma tolotolo, Ausetalia tolotolo po ªo le Amerika tolotolo, o se ta ªaloga aau e masani ona manatu i ai o le sili ona vave o le fa muamua muamua o ta ªavale.
socially-constructed-person;['siaosi iii'];Siaosi III (George William Frederick. 4 Iuni 1738 - 29 Ianuari 1820) o le Tupu o Peretania Tele ma Aialani mai 25 Oketopa 1760 seia oo i le faatasiga o le atunuu e lua i le aso 1 Ianuari 1801, ina ua mavae lea o ia o le Tupu o le Iunaite Malo o Peretania Tele ma Aialani seia oo i lona maliu.
socially-constructed-person;['siaosi iv'];Siaosi IV o le Tupu o le Iunaite Malo o Peretania Tele ma Aialani ma o Hanover mavae le maliu o lona tama, o e Siaosi III, i le aso 29 Ianuari.
socially-constructed-person;['eteuati vii', 'edward vii'];Eteuati VII o le Tupu o le Malo Aufaatasi ma le Peretania malo ma le emeperoa o Initia mai 22 Ianuari 1901 seia oo i lona maliu i le 1910.
socially-constructed-person;['siaosi v', 'george v'];O Siaosi V o le Tupu o le Malo Aufaatasi ma le Peretania malo, ma le emeperoa o Initia, mai le 6 Me 1910 seia oo i lona maliu i le 1936.
socially-constructed-person;['siaosi vi', 'george vi'];O Siaosi VI (Albert Frederick Arthur George. 14 Tesema 1895 - 6 Fepuari 1952) O le Tupu o le Malo Aufaatasi ma le malo o le Peretania Taupulega mai 11 Tesema 1936 seia oo i lona maliu.
socially-constructed-person;['virgil'];Publius Vergilius Maro
socially-constructed-person;['aperaamo linikone', 'abraham lincoln'];Aperaamo Linikone o le Peresitene lona 16 o le Iunaite Setete, auauna atu mai ia Mati 1861 seia oo i lona fasiotia i Aperila 1865.
socially-constructed-person;['wolfgang amadeus mozart'];Wolfgang Amadeus Mozart
socially-constructed-person;['napoelon'];Napoleon Bonaparte
socially-constructed-person;['masiofo elisapeta ii', 'elisapeta ii', 'elizabeth ii'];'O le Masiofo Elisapeta II (fanau mai 21 Aperila 1926) ua, ma ua faapea talu mai lona faa- uuina i le 1952, Masiofo o le Iunaite Malo, Kanata, Ausetalia, ma Niu Sila, ma le Ao o le Taupulega.
socially-constructed-person;['ronald reagan'];Ronald Wilson Reagan wis 40th Peresitene o Iunaite Sitete o Amerika.
socially-constructed-person;['aokuso kaisara'];Aokuso Kaisara ia a Le Malo o Roma.
socially-constructed-person;['sierra leone'];O Sierra Leone o se atunuu i Aferika.
socially-constructed-person;['iesu keriso', 'iesu', 'keriso'];Iesu Keriso
socially-constructed-person;['thomas edison'];Thomas Alva Edison (Fepuari 11, 1847 - 18 Oketopa, 1931) o se tagata fa ªatupu Amerika, o le fausia le tele o mea.
socially-constructed-person;['julius caesar'];Gaius Julius Caesar
socially-constructed-person;['iosefa samita', 'joseph smith'];Iosefa Samita
socially-constructed-person;['puta kotama'];Na fanau i le 563 T.L.M. i se taitai Initu i Nepal.
socially-constructed-person;['ioane kalavini'];Na fanau i le aso 10 Iulai 1509, i Farani.
socially-constructed-person;['matini luteru', 'martin luther'];Na fanau i le aso 10 Novema 1483, i Siamani.
socially-constructed-person;['peresitene'];O se Peresitene o le taitai o se atunuu po o se vaega po o vaega o se atunuu, e masani lava o se malo faitele, o se faatemokalasi, po o se tikitato.
socially-constructed-person;['mose'];O Mose o se perofeta i lotu Aperaamo.
subject;['saienisi'];'Ua 'ƒÅtoa nei pe tusa o le 200 tausaga talu ona sui mea tau tekonolosi talu ona fa'alautele faiga a saienitisi.
subject;['matematika'];O le matematika 'o se matƒÅ'upu e a'oa'oina i ƒÅ'oga.
subject;['geography'];'O le geography, 'o le igoa o le matƒÅ'upu e su'esu'e ai mea tau i atunu'u ta'itasi.
subject;['saienisi o fet≈´', 'astronomy'];'O le matƒÅ'upu lea e ta'ua e tagata Samoa 'o mea tau va'ai fet≈´.
subject;['economics'];Economics - 'o se 'upu Peretania.
subject;['kemisi'];'O se matƒÅ'upu aogƒÅ lenei matƒÅ'upu i totonu o le ƒÅ'oga.
subject;["'inisinia"];'O le 'inisinia 'o se tagata atamai i mea tau tekonolosi e fau ai masini po'o fausaga tetele e pei o alalaupapa, ala tetele fa'apea ma vƒÅega 'ese'ese o le soifua e mana'omia ai se masini po'o se meafaitino e fesoasoani ai i le fa'afaigofie o le olaga o le tagata.
subject;['fisiki'];Talofa lava.
subject;['saikolosi'];'O le saikolosi, 'o se tasi fo'i lea o matƒÅ'upu e su'esu'eina i a'oa'oga i aso nei.
subject;['paiolo'];E maua palolo i le masina o 'Oketopa i tausaga ta'itasi.
temporal-region;['fepuari 2'];Fepuari 2 o aso numera 33 o le tausaga i le Kalena Kurekoria.
temporal-region;['motu o eseta', 'easter'];O le Motu o Eseta o le motu i le Vasa Pasefika.
temporal-region;['tausaga masani'];A Tausaga masani o se tausaga e le o se tausaga puna ifo.
temporal-region;['aso sa'];Le Aso Sa o le aso o le vaiaso e sosoo ai o le Aso Toonai ae i luma o le Aso Gafua.
temporal-region;['taimi tuufaatasia lautele', 'utc'];Faamaopoopoina Lautele Taimi, o le tulaga faatonuina o le taimi muamua lea e faatonutonu ai le lalolagi uati ma le taimi.
temporal-region;['puna ifo tausaga'];O le Puna ifo tausaga se fa ªatasi fa tausaga uma.
temporal-region;['mati 2'];Mati 2 o aso numera 62 o le tausaga i le Kalena Kurekoria.
temporal-region;['ianuari'];O Ianuari o le masina muamua o le tausaga ma se tasi o le fitu masina le umi o le 31 aso.
temporal-region;['aso tofi'];O le Aso Tofi i le aso o le vaiaso Aso Lulu nei ma i luma o le Aso Faraile.
temporal-region;['ianuari'];O Ianuari o le masina muamua o le tausaga ma se tasi o le fitu masina le umi o le 31 aso.
temporal-region;['ianuari'];O Ianuari o le masina muamua o le tausaga ma se tasi o le fitu masina le umi o le 31 aso.
temporal-region;['aso lulu'];O le Aso Lulu o le aso o le vaiaso o le Aso Lua nei ma i luma o le Aso Tofi.
temporal-region;['tesema'];O Tesema o le masina lona sefulu lua ma le mulimuli o le tausaga i le Kalena.
temporal-region;['tesema'];O Tesema o le masina lona sefulu lua ma le mulimuli o le tausaga i le Kalena.
temporal-region;['kerenise uiga taimi', 'gmt'];O Kerenise Uiga Taimi le uiga taimi le la i le observatory Tupu i Kerenise, Lonetona.
temporal-region;['me', 'mae'];o le Me i le masina lona lima o le tausaga i le kalena ma se tasi o le fitu masina le umi o le 31 aso.
temporal-region;['setema'];O Setema i le masina lona iva o le tausaga i le kalena ma se tasi o le fa masina i se umi o le 30 aso.
temporal-region;['mati'];o Mati o le masina lona tolu o le tausaga.
temporal-region;['fepuari'];O Fepuari o le masina lona lua o le tausaga.
temporal-region;['aokuso'];O Aokuso le masina lona valu o le tausaga i le kalena ma se tasi o le fitu masina i se umi o le 31 aso.
temporal-region;['iulai'];o Iulai i le masina lona fitu o le tausaga i le kalena ma se tasi o le fitu masina le umi o le 31 aso.
temporal-region;['apelila', 'aperila'];Aperila o le masina lona fa o le tausaga ma le umi o le 30 aso.
temporal-region;['iuni', 'iune'];o Iuni i le masina lona ono o le tausaga i le kalena ma se tasi o le fa masina i se umi o le 30 aso.
temporal-region;['novema'];O Novema i le masina e sefulu ma le tasi o le tausaga i le kalena ma se tasi o le fa masina ma le umi o le 30 aso.
temporal-region;['oketopa', 'okitopa'];O Oketopa o le masina lona sefulu o le tausaga i le kalena ma se tasi o le fitu masina i se umi o le 31 aso.
temporal-region;['fepuari 29'];Fepuari 29 o aso numera 60 o le tausaga i le Kalena Kurekoria.
temporal-region;['aso gafua'];O le Aso Gafua i le aso o le vaiaso i le va o le Aso Sa ma le Aso Lua.
temporal-region;['aso toonai', "aso to'ona'i", "aso tona'i"];O le Aso Toonai le aso o le vaiaso e sosoo ai o le Aso Faraile ma le Aso Sa na muamua atu.
temporal-region;['aso faraile', 'aso faralie'];O le Aso Faraile le aso ina ua mavae le Aso Tofi lea e muamua le Aso Toonai.
temporal-region;['aso lua'];O le Aso Lua a aso o le vaiaso e tutupu ina ua mavae le Aso Gafua ma ao le Aso Lulu.
