activity;['anata'];Anata Pachamamaru luqtaña pacha, Juyranakaru, uywanakaru ch’allaña pacha.
activity;['phutwul'];Phutwul, anataña kayunaka.
activity;['taqikuna anataña'];Taqikuna anataña Phutwul == Aruskipäwi == == Juk'amp Jach'aq'achxat yatiyäwinaka == Commons katt'ana uñnaqa Taqikuna anataña.
activity;["sayt'awi"];Sayt'awi, jaqinakana jani waljanakapana arsuwipa ch'axwasa ist'ayasiwipa.
activity;['khunu', 'aqarapi', 'aqharapi'];Khunu / aqharapi, t'una qhiyaru uñtata jallu, alaxpacha qinayata jalaqaniri tullpa jallu.
activity;['chhijchhi', 'chhijchi'];Chhijchhi, qinayana janq'u jisk'a muruq'uru tukuta jallu uma.
activity;['qhuya'];Qhuya, uraqi manqhana qullqi, quri k'atampi yänakani chiqt'a.
activity;['yäpa'];Yäpa
activity;['pulu'];Pulu, kunaymana usunaka qullasiña qura qulla.
activity;['yatiya apiri'];Yatiya apiri, maya markata yaqha markaru qillqata yatiya, jani ukaxa aru yatiya apiri jaqi.
activity;['jallu'];Jallu, qinayata uma ch'aqanakaru tukusina jalaqaniri.
activity;['juyphi'];Juyphi, thaya pacha.
agentive-figure;['yupaychäwi'];Yupaychäwi
agentive-physical-object;["q'uwa"];Q’uwax mä thujsa qurawa janirakiw sinti axtasiñjam thujsakarakisa, ukat pata pampanakan, sirka parkinakan, qala taypinakan utjaspa.
agentive-physical-object;['qhipu', 'quipú'];Inkanakaxa qhipu qillqa yatiripxiritayna.
agentive-physical-object;["jach'a titi", 'panthera onca'];Jach'a titi, ñuñuri, aycha manq'iri jach'a sallqa uywa, ch'umphi q'illuru ch'iyarampi allqantata t'awrani, junt'u tuqina sarnaqri uywa.
agentive-physical-object;['uywa', 'animalia', 'uyhua'];Uywa, aka pacha uraqina yuriri, sarnaqiri, jiwiri, kunaymana jakirinaka.
agentive-physical-object;['ali', 'plantae'];Ali
agentive-physical-object;['anu', 'canis lupus familiaris'];Anu, ñuñuri, ururu aycha manq'iriwa anuxa jaqina uywata kasta uywa.
agentive-physical-object;['chita'];Chita kunasa sami.
agentive-physical-object;['panqara'];Panqara jach'a q'illu inti jama taqinaru kusisi.
agentive-physical-object;['quqa'];Kuka
agentive-physical-object;["siwiq'ara", 'coragyps atratus'];Siwiq'ara, uru sarnaqiri jisk'a sallqa jamach'i, aycha manq'iri, jisk'a p'iqini, nayrapaxa qawayapaqtuqi uñiri, sunituqina jila sarnaqi.
agentive-physical-object;['qachu'];Qachu, qallu wawachiri uywa.
agentive-physical-object;['sullu'];Sullu, jani jila phuqata yurita wawa.
agentive-physical-object;['jaqi', 'homo sapiens'];Jaqi, chachanakaru, warminakaru, wawanakaru, jisk’aru, jach’aru, taqi masisaru ukhama satawa.
agentive-physical-object;["wank'u"];Wank'u uka uywax jaqin uywatawa, ukat ujarakiw kast kast wank'unaka: limachi, k'uwisu uka uywax wali mirantiriwa, aychapas wali sumarakiwa.
agentive-physical-object;['paka', 'paca'];Paka, alaxa pacha thaynama jaliri, aycha manq'ani jach'a jamach'i.
agentive-physical-object;['ñuñuri', 'mammalia'];Ñuñuri, uywa umantaña ñuñu millk'i.
agentive-physical-object;['ajarankhu', 'scorpiones'];Ajarankhu, laq'uwa.
agentive-physical-object;['tunki'];Tunki,, jamach'i uywa.
agentive-physical-object;['tikitiki'];Tikitiki jan ukax tikilux mä quta jamach'iwa
agentive-physical-object;['ajusa', 'allium sativum'];Ajusa, manq'aña qulla ali.
agentive-physical-object;['siwilla'];Siwilla, yapuchata manq'aña jis'a ali.
agentive-physical-object;['khirkhi khiwiña'];Khirkhi khiwiña, thuru jikhanini, kuru ñik'utani, junt'u suyu tuqina utjasiri uri uywa.
agentive-physical-object;['siwara', 'hordeum vulgare', 'cebada'];Siwara, marata mara aliri ali, lawapaxa phuskulu, llaqapaxa sat'u, achupaxa puyanwa achuqi.
agentive-physical-object;['taruka'];Taruka, ñuñuri sallqa uywa, aruma manq'atapa khisturi.
agentive-physical-object;['mamani'];Mamani, niya pakaru, jani ukaxa k'ilik'iliru uñtasita alaxpachnama jaliri jach'a jamach'i.
agentive-physical-object;['asnu', 'equus asinus', "ch'utu", 'qala kayu'];Asnu, qala kayu, ch'utu, ñuñuri kasta uywa, jaqina uywata, paya jach'a jinchuni, pusi kayuni, t'awrarara, q'achu manq'iri.
agentive-physical-object;['khuchi', 'sus scrofa domestica'];Khuchi, ñuñuri kasta uta uywa, jach'a p'iqini, jisk'a nayrani, warkuqata jinchuni, thuru nasani ukampi uraqi t'inqiri, kuru t'awrani.
agentive-physical-object;['allpachu', 'vicugna pacos'];Allpachu, ñuñuri khanuri kasta, q'achu, qhiña, jichhu manq'iri, suni tuqina jakiri uywa.
agentive-physical-object;['phisi', 'felis silvestris catus'];Taqicht'awinaka Phisixa jaqimpi jakir uywawa, phisituxa ñuñuri kasta uywawa.
agentive-physical-object;["ch'uru", "ch'ulli"];Ch'uru, ch'ulli, uywa.
agentive-physical-object;["k'ayra"];K'ayra, umana jakiri jamp'atu kasta sallqa uywa.
agentive-physical-object;['chullu walli'];Chullu walli,, jamach'i uywa.
agentive-physical-object;['kunturi', 'cunturi'];Kunturi, aycha manq'iri kasta jamach'i, khunu qulluna jakiri sallqa uywa.
agentive-physical-object;['suri'];Suri, jamach'i kasta jakiri, uqi samiri chhiqani, t'ijuri jani jaliri jamach'i.
agentive-physical-object;['asiru', 'catari'];Asiru, uraqi pampnama lluskhuri sallqa uywa.
agentive-physical-object;['jukumari'];Plantilla:Ficha de taxón
agentive-physical-object;['juku'];Juku, aruma jalnaqiri jamach'i, p'iqipanxa jinchjama jilsuta chhiqani, wali ari jinchuni. arumanaka jachi ukaxa watiqa jachi sapxiwa.
agentive-physical-object;['chiñi', 'chiroptera'];Chiñi, ñuñuri kasta jisk'a uywa, achakjama ajanuni, q'ara janchita chhiqani, arumaxa jakkiri uywanakata wilapa ch’amsuri.
agentive-physical-object;['jawasa'];Jawasa, marata mara achuqiri ali. achupaxa luquta manqhana achuqixa.
agentive-physical-object;['jakhuña'];Jakhuña, amparampi apnaqaña, jakhthapiñataki, jakhuqañataki, miratayañataki, lakiñataki lurata yä.
agentive-physical-object;['kusikusi', 'kusi kusi'];Kusikusi, simpana utjasiri uywa qallu.
agentive-physical-object;['jararankha'];Jararankha, sallqa jisk'a uywa.
agentive-physical-object;["jisk'a laq'u", 'bacteria'];Jisk'a laq'u, nayrampi jani uñjaña ali kasta laq'unaka, yaqhipa jisk'a laq'unakaxa usuntayiriwa, yaqhipaxa waliñataki yanapt'arakiwa.
agentive-physical-object;["ch'iwi", 'insecta', 'insiktu'];Ch'iwi, Insiktu, uywa jisk'a.
agentive-physical-object;['achuqalla', 'mustela', 'achuqallu'];Achuqalla,, ñuñuri, aycha manq'iri kasta, jisk'a sallqa uywa ch'umphi samiri t'awrani, niya kimsa tunka phisqani patakachjata wiskhallawa, aruma sarnaqiriwa.
agentive-physical-object;["k'ilik'ili"];K'ilik'ili, aycha manq'iri alaxpachnama jaliri jisk'a paka.
agentive-physical-object;['mulli'];Mulli, jisk'a quqa.
agentive-physical-object;['unkalla'];Unkalla Jamach'i.
agentive-physical-object;["k'isimira", 'formicidae', 'qanlli'];K'isimira, qanlli, jani ch'akani, uraqi manqhana jakiri jisk'a uywa.
agentive-physical-object;['kawallu', 'equus caballus', 'qaqilu'];Qaqilu, kawallu, uywa.
agentive-physical-object;['apilla', 'kaya'];Apilla, jisk'a alini, uraqi manqhana jisk'a wiskhalla nayra nayrani achuqiri achu.
agentive-physical-object;["jamp'atu", 'bufonidae'];Jamp'atux, jisk'a uri
agentive-physical-object;['tunqu', 'zea mays'];Tunqu, chhuxllu manq'ani ali, nayra pachatpachawa achachilanakasaxa kuna kasta manq'añataki yapuchapxiritayna.
agentive-physical-object;["sillq'u"];Sillq'u, siwita siwi janchini jakiri kasta iq'u.
agentive-physical-object;["jach'a wich'inka achuqalla", 'mustela frenata'];Achuqalla, ñuñuri, aycha manq'iri kasta, jisk'a sallqa uywa ch'umphi samiri t'awrani, niya kimsa tunka phisqani patakachjata wiskhallawa, aruma sarnaqiriwa.
agentive-physical-object;['chuwi', 'phaseolus vulgaris'];Phaseolus vulgaris, chuwi kastilla aru: alubias, caraotas, chícharos, fabas, fréjoles, frijoles, frijones, granos, habichuelas, judías, pochas, porotos Jatha ali.
agentive-physical-object;['luli'];Luli, jach'a jich'usa chhuruni, panqaranakata musq'apa ch'ammuri jisk'a ch'uxña jamach'i.
agentive-physical-object;['kiswara', 'buddleja'];Kiswara, tunqu q'illu panqarani k'ita ayru.
agentive-physical-object;["ch'uspi"];Ch'uspi, ch'iwi.
agentive-physical-object;['chhichhillanka', 'chhichhillanca', 'chhichhillankha', 'chhichhiranka'];Chhichhillanka, ch'iwi.
agentive-physical-object;['pharayli'];Pharayli, aruma thuqnaqiri pilpintu.
agentive-physical-object;["ch'uwankira"];Ch'uwankira, jach'anaka kayuni, jach'a k'umu chhuruni, qutana utjasiri sallqa uywa.
agentive-physical-object;["jamach'i", 'aves'];Jamach'i, taqi kasta chhiqani uywa, amparata lanti chhiqani, anqäxa janchipaxa phuyuni, lawrawani.
agentive-physical-object;['qawra', 'lama glama', 'qarwa'];Qarwa qarwa, manq'a aruma khisturi axa uywawa.
agentive-physical-object;["lap'a", "la'pa"];Lap'a, uywa.
agentive-physical-object;['iwija', 'ovis aries'];Iwija ñuñuri, iwija millk'itxa kisuwa lurañaxa.
amount-of-matter;['qhisti'];Qhisti, qhillana mult'suta, qhisima ch'islli, q'añu.
amount-of-matter;['uma', 'h₂o', 'agua'];Uma, H2O, taqi uraqin utjiritakixa, umax wali askipuniwa.
amount-of-matter;['anti', 'cu'];Anti (kastilla aru: Cobre, latin aru: Cuprum)
amount-of-matter;['chayanta', 'sn', "k'awsi"];Chayanta, Sn
amount-of-matter;['qollqe', 'ag'];Qollqe (latin aru: argentum: kastilla aru: Plata).
amount-of-matter;['quri', 'chuqi', 'oro'];Quri, chuqi, q'illu lliphiri wali yä, qhuya manqhata apsuta mitala.
amount-of-matter;["q'atawi"];Q'atawi, qalata wajata janq'u laq'a.
amount-of-matter;["millk'i"];Millk'i, qachu uywanakana ñuñupata q'usmi.
amount-of-matter;['asuphri', 's'];Asuphri jani mitala kasta q’illu samiripachankiri jani jakiri yä.
amount-of-matter;['juqhu'];Juqhu, uraqiru uma sayt'ata niya jisk'a qutjama, siniya, phuch'u.
amount-of-matter;["millk'i"];Millk'i, qachu uywanakana ñuñupata q'usmi.
biological-object;['pullullu'];Pullullu, uma wayu wayu janchiru mistsuta.
biological-object;['kayumuqu', 'cayumoqo'];Kayumuqu
biological-object;['ampara muquchasita'];Ampara muquchasita ampara luk’ananaka q’apthapita.
biological-object;["yaq'allachi"];Yaq'allachi, kamana manqhana maya jisk'a janchi wayaqa, ukaruxa chhuxuwa tantasixa.
biological-object;["janchi lip'ichi"];Janchi lip'ichi, janchiru jark'iri qhawa.
biological-object;["k'ara"];K'ara, yaqhipa jaltiri uywanakana p'iqxaru jilata aychapa ququrichipa.
biological-object;['jatha', 'chira'];Chira, Jatha, yaqhapa achunakana jathapa.
biological-object;['puraka', 'phatanka'];Puraka, phatanka, manq'a kamana chiqa, lankhu aycha wayaqa, ukaruwa lakata manq'axa mallq'nama manti.
biological-object;["qhiwi ch'aka"];Qhiwi ch'aka, paya wiskhalla k'umu ch'aka, kallachi ch'akampi t'ullu ch'akampi katuri.
biological-object;['kallachi'];Kallachi, qhiwi ch'akampi lankhu ampara ch'akampi katuta jikhaninkiri pallalla ch'akawa.
biological-object;['chuyma'];Chuyma, samana apiri apsuri aycha kamana, samañataki wali wakisiri chiqa.
biological-object;['ñuñu'];Ñuñu, warmina, jani ukaxa ñuñuri qachu uywanakana utji, asu wawanakaparu millk'impi uywañapataki.
biological-object;['jamaña'];Jamaña, manq'aña kamanana tukuwipa uknamawa yaq'aka anqaru mistuni.
biological-object;['pula'];Pula, siwara, tiriwu yaqha yarananakana achuqata p'iqipa.
biological-object;["laka ch'aka"];Laka ch'aka, jisk'a janq'u ch'akanaka, khistuñataki lakaru k'ik'i anantata.
biological-object;['mujlli'];Mujlli, lankhu ampara ch'akhampi jich'usa ampara ch'akhampi jakisita chiqa.
biological-object;['qunquri'];Qunquri, lankhu chara ch'akampi kayu ch'akampi jakisiriwja muqu ch'aka.
biological-object;['sillu'];Sillu, pallalla k'umt'ata ch'akjama thuru, luk'anaru patäxata jark'iri.
biological-object;["k'iwcha"];K'iwcha, ch'illkata saraqata ch'iyara wilaru uñtata p'axla aycha.
biological-object;['tunquri'];Tunquri, chuymaru thaya samana apiri kamana.
biological-object;['panqara'];Panqara jach'a q'illu inti jama taqinaru kusisi.
biological-object;["ch'aka", "ch'aca"];Ch'aka, jaqina uywana janchipa thurunchiri.
biological-object;['lixwi'];lixwixa jaqinsa uywansa utjapuniwa.
biological-object;['ampara'];Ampara jaqi kurpuna chiqapa.
biological-object;['kayu wintu'];Kayu wintu, kayu qutaña qhipäxapa.
biological-object;['tullu'];Tullu, tujtuka patxankiri thuru ch'aka.
biological-object;['kayumuqu', 'cayumoqo'];Kayumuqu
biological-object;['tujtuka'];Tujtuka, kunkata purakkama chiqt'ankiri ch'aka.
biological-object;["ch'ina"];Ch'ina (kastilla aru: Nalga)
biological-object;['kayu', 'cayu'];Kayu, jaqina, uywana aynacha chiqapa, ukxaruwa sayt'i, ukxaru takt'asawa sarnaqi.
biological-object;['uñnaqa'];Uñnaqa, ajanuna, nayräxa chiqa.
biological-object;['lluqu'];Lluqu, tullu manqhankiri chupika muruq'u llayta janchi, ukawjaru purisina wilaxa taqi chiqaru muyti.
biological-object;["chara ch'aka"];Chara ch'aka, thixni ch'akampi qunquri ch'akampi taypinkiri, lankhu ch'aka.
biological-object;['laphi'];Laphi, alinakana ch'uxña p'allalla chiqapa.
biological-object;['allu'];Allu.
biological-object;['janchi kamana', 'muxsa janchi kamana'];Janchi kamana, taqi janchina chiqanakapa khusañapataki kasta kasta mayjachasitapa.
biological-object;["juch'usa jikhani"];Juch'usa jikhani, janchina chiqapa, jikhanina jaraphimpi thijnimpi t'aqi.
biological-object;['nayra'];Nayra, uñjaña kamana, ajanunkiwa.
biological-object;['nasa'];Nasa, jaqinakana uywanakana ajanupankiri, mukhiñataki, samaqiñataki chiqapa.
biological-object;['kunka', 'cunca'];Kunka, p'iqimpi t'ullumpi katuri jaqi kamanawa.
biological-object;["mallq'a"];Mallq'a, manq'a kamanana maya chiqapa, phusa k’apa laxrampi tunqurimpi taypinki, alaya nayraqata kunkankiwa.
biological-object;['jikhani'];Jikhani, jaqi janchina qhipäxapa, kallachita juch'usa jikhankama.
biological-object;["k'achi"];K'achi, ajanuna aynachapa, lakana aynacha.
biological-object;['achu', 'fruta'];Achu, panqarani alinakana machaqa puqutanakapa.
biological-object;['jinchu'];Jinchu, k'apharu janchimpi qhawantata, suyniri katuqiri chiqa.
biological-object;["jikhani k'ili"];Jikhani k'ili, mayata mayxaru katthapita kimsa tunka kimsani k'ili ch'akawa.
biological-object;["p'iqi"];P'iqi, jaqina uywana alax nayra tuqinkir katupawa.
biological-object;['saphi'];Saphi
biological-object;['jakaña'];Jakaña, puraka manqhana wawanakana jani ukaxa qallunakana utjawipa wayaqa.
cognitive-event;['samka'];Samka, ikiskasa kunaymana uñjaña, ukhamaraki lurawinaka luraña.
cognitive-event;['axsaraña'];Axsaraña jaqitaki uywataki jani ukaxa yänakataki jani chachacht’asiña.
cognitive-event;['jasi'];Jasi, janchina sujutapawa, janchiruxa yaqhipa yänakaxa janiwa wali purkiti, jani ukaxa mich'isiri laq'unakawa janchiru pisiki mich'inti ukata janchixa wali sujusi, ukawa jasi sataxa.
cognitive-event;['llaki'];Llaki, chuyma usuta, chhijuru jalantaña.
cognitive-event;['amuyu'];Amuyu
commerce-role;['yänaka'];Yänaka, utjirinaka, manq'anaka, juyranaka, utanaka.
dependent-place;['tiyi'];Tiyi (kastilla aru: Cueva.
dependent-place;["k'uchu"];K'uchu ichana churu,, paya qawaya jakisiwi manqha tuqi chiqa.
ecological-collective;['pacha'];Pacha, Lamaranppacha uraqimppacha jakawisa muyu uraqi.
ecological-collective;['ali', 'plantae'];Ali
event;['uxi'];Uxi, quta uma, thayana qulluptayata aptata uma.
event;['amaya uta'];Amaya uta.
functional-matter;['aku'];Aku, siwara jamp'suta piqata, qañiwa jamp'itata qhunata.
functional-matter;["ch'ijma"];Ch'ijma
functional-matter;['anti', 'cu'];Anti (kastilla aru: Cobre, latin aru: Cuprum)
functional-matter;['aqu', "ch'alla", 'challa'];Aqu, ch'alla jisk’a qhisqa qalanakani ch’alla laq’a.
functional-matter;['qollqe', 'ag'];Qollqe (latin aru: argentum: kastilla aru: Plata).
functional-matter;['kisu'];Kisu, iwija, waka millk'ita kuwajumpi lurata.
functional-matter;["misk'i"];Misk'i, wanquyrunakana lurata pupa muxsa.
functional-matter;["millk'i"];Millk'i, qachu uywanakana ñuñupata q'usmi.
functional-matter;["ch'uqi", 'solanum tuberosum', 'patata'];Ch'uqi, amka kasta ali, jaljata jani kikipa llaqani, janq'u, qhana chupika, anti samiri panqarani, mak'unk'u achuni, juch'usa saphinakani, saphi tukuyanxa amkawa jili.
functional-matter;['chhullunkhaya', 'chhullunka', 'chullunkiya'];Chhullunkhaya ch'uch'u umawa.
functional-matter;["q'awa wanu"];Q'awa wanu, jaya pacha uywanakana taksuta wanu.
functional-matter;["manq'a sumachiri"];Manq'a sumachiri, manq'aru yaqhïri manq'anakampi yapt'asa sumachiri.
functional-matter;["q'achu", 'chhuxlla'];Q'achu, jisk'a ch'uxña chhuxlla ali, uywana manq'apa.
functional-matter;['aku'];Aku, siwara jamp'suta piqata, qañiwa jamp'itata qhunata.
functional-matter;["t'ant'a"];T'ant'a, chili jak'ut lurat manq'awa.
functional-matter;['chhuxu'];Chhuxu, maymuruna jani wakisiri uma ch'uwthapiyatapawa.
functional-matter;["millk'i"];Millk'i, qachu uywanakana ñuñupata q'usmi.
functional-matter;['jurma'];Jurma, khusu lip'isiri umjama, nasa manqhanta jutiri, jani wakisiri uma.
functional-matter;["jump'i"];Jump'i, janq'u jayu k'ara umjama, janchi lip'ichita p'iyarama aywsuniri uma.
functional-matter;['qhiya'];Qhiya, uywa t'awraru uñtasiri, kunaymana isi lurañataki maya kasta alina panqarapa.
functional-matter;['jama'];Jama, janchi manqhana, jani manq'a kamanana katuqatanaka, anqaru jamañnama mistsuri jach'a yaq'a.
functional-matter;['tika'];Tika, pirqañataki ñiq'ita lurata yä, ñiq'ita taksuta k'ullu tika lurañaru limsusina lupimpi wañt'ayata.
functional-matter;['mataxi', 'guano', 'wanu'];Mataxi, lamara jamach'inakana, chawlla ch'akanaka q'awa wanu.
functional-matter;['aycha', 'chichi'];Aycha, uywana jasa janchipa. yaqhipa uywanakana aychapaxa manq'añawa.
functional-matter;['phuyu'];Phuyu, jamach'inakana janchipa imxatiriquña yänaka.
functional-matter;["k'aphu", "ch'illiwa", 'jichhu', 'sikuya'];K'aphu, japu ali.
functional-matter;['chhullunkhaya', 'chhullunka', 'chullunkiya'];Chhullunkhaya ch'uch'u umawa.
functional-matter;["ñiq'i"];Ñiq'i, jallu umana siniyjata laq'a, jani ukaxa umampi wakichata laq'a.
functional-matter;['jayu'];Jayu, jani jakañani, jayu quchana utjiri, thuru janq'u qulunaka, lakaru puri ukaxa qhatiri, jijiyiri.
functional-matter;['lawa'];Lawa, phayaña, quqanakana thuru chiqapa, layminakaru, laphinakaru katxasiri.
genetic-collective;['wila masi'];Wila masi, chachawarmi jaqinaka.
geographical-object;['quta'];Quta, aka pacha uraqinxa umana katuntata chiqa.
geographical-object;['lamara'];Lamara, lamaraxa uraqita juk'ampi sinti jach'awa, umapaxa jayu k'arawa.
geographical-object;['amasunu jawira'];Amasunu jawira nisqaqa Tiksi muyuntinpi lliwmanta aswan hatun, 6 400 km suni jawiram.
geographical-object;['volga'];Volga, Rusiya jawira.
geographical-object;['muntaña tuqi suyu'];Muntaña tuqi suyu, walja kunaymana quqanakani, sallqa uywanakani junt'u tuqi suyu.
geographical-object;['pallalla', 'pampa'];Pallalla, pampa irama ch'iqt'a p'axla uraqi.
geographical-object;['awya yala', 'américa', 'amërika'];Awya Yala, Amërika, kuntininti.
gestalt;["pusi k'uchuni"];Pusi k'uchuni, pusi kikipa qawayanakani salta.
gestalt;['wiskhalla'];Wiskhalla, pusi chiqa k'uchuni, paya kikipa qawayani.
information-encoding-system;['jarawi'];Jarawi, kuna utjirxatsa arunakampi qillqata, suma kusiskaña arunakampi jiwaki qillqata.
information-object;['saphi'];Saphi
information-object;["jiskht'awi chimpu"];Jiskht'awi chimpu, ¿?.
information-realization;['panka', 'liwru'];Panka jan ukasti liwru akax laphinakar qillqaqat yänakawa.
information-realization;['amta qillqata'];Amta qillqata, Arust'ata qillqata. tantachawina arust'ata qillqata.
information-realization;['qillqa'];Qillqa, maya kunxatsa qillqata.
information-realization;['aru pirwa'];Aru pirwa, arunakani qillqata. achakajaparjama arunaka qillqata.
information-realization;['yatichawini jawari'];Yatichawini jawari, yatichawini jawarinxa yatichawipaxa maya iwxawa, janiwa aliqa jawarikikiti.
information-realization;["q'uchu"];Q'uchu qillqi arsuyaña.
information-realization;['jawari'];Jawari, arsusisa nayra pacha utjawinakxata yatiyaña.
information-realization;["jaylliphust'a"];Jayllt'awinakaxa, jiwasan sarawinakasap chikaw uñjasiski.
information-realization;['thuquña'];Thuquña.
information-realization;['laxra chinja'];Laxra chinja, arunaka anatayaña amuya.
information-realization;['qillqatata'];Qillqatata
information-realization;['murmunan qillqatapa', 'mormonan kellkatapa'];Plantilla:Murmunan Qillqatapa
information-realization;['la marseillaise'];La Marseillaise. Phransiya yarawi nasyunal, Phransiya.
information-realization;['diosan suma arunacapa san juan apostolon kellkata'];Diosan Suma Arunacapa San Juan Apostolon Kellkata
information-realization;['biblia'];Bibliax mä 40 chachanakan qillqatänwa, nayrïr pach 1513 maranwa qillqañ qalltasïna, ukat niya 1600 maranakanwa tukuyapxäna.
language;['ispirantu aru', 'esperanto'];Ispirantu aru. pachanaka aru.
language;['idu aru', 'ido'];Idu aru. pachanaka aru.
language;['inlish aru', 'idioma inglés', 'inlis aru'];Inlish aru . Iwrupa aru, xeramanu aru, anglosajonan arupawa.
language;['awya yala arunaka', 'américa idoma', 'amërika aru'];Aymara aru
language;['pirsa aru'];Pirsa Iran, Afganistán, Tayikistán & Uzbekistáni aru.
language;['qhichwa aru', 'qichwa aru', 'quechua', 'runa aru', 'runa simi'];Qhichwa aru : Piruw, Wuliwya, Arxintina.
language;['urdu aru', 'urdû'];Urdu tabi Lashkari, Pakistani aru
language;['kastilla aru', 'español', 'idioma español', 'kastillanu'];البحث العلمي '. Ispaña.
language;['rusi aru'];Rusi aru Rusiya, Iwrupa aru.
language;['aliman aru', 'alimaña aru'];Aliman aru. Iwrupa aru, xeramanu aru.
locative-role;['firenze'];Firenze, marka Italiya
locative-role;['kawnas', 'kaunas'];Kawnas Lituaña marka.
locative-role;['lyon'];Lyon, marka Auvergne-Rhône-Alpes suyu Phransiya.
locative-role;['edirne'];Edirne, nayriri Marka Jisk'a suyu Edirne, Turkiya.
locative-role;['punta arenas'];Punta Arenas, Chili marka.
locative-role;['ho chi min marka', 'ho chi minh city'];Ho Chi Minh City Vietnam marka.
locative-role;['marseille'];Marseille, marka Provence-Alpes-Côte d'Azur suyu Phransiya.
locative-role;['los angeles'];Los Angeles Marka, City of Los Angeles, nayriri marka California suyu, Istadus Unidus 1 290,6 km²
locative-role;['stuttgart'];Stuttgart, marka Alimaña, nayriri marka Baden-Württemberg suyu.
locative-role;['santu pitirwurhu'];Santu Pitirwurhu Rusiya marka.
locative-role;['oaxaca de juárez', 'oaxaca'];Oaxaca de Juárez marka, Mïxiku marka.
locative-role;['orleans'];Orleans, marka Centre-Val de Loire suyu Phransiya.
locative-role;['haute-normandie suyu', 'haute-normandie'];Haute-Normandie suyu Phransiyana mä suyuwa.
locative-role;['franche-comté suyu', 'franche-comte'];Franche-Comté suyu Phransiyana mä suyuwa.
locative-role;['bourgogne suyu'];Bourgogne suyu Phransiyana mä suyuwa.
locative-role;['bretagne suyu'];Bretagne suyu Phransiyana mä suyuwa.
locative-role;['sirwiya', 'србија'];Sirwiya, uficialmente Republika Sirwiya,, jach'a marka Iwrupa.
locative-role;['thüringen suyu'];Thüringen suyu Alimañana mä suyuwa.
locative-role;['centre suyu', 'centre-val de loire suyu', 'centre'];Centre-Val de Loire suyu Phransiyana mä suyuwa.
locative-role;['poitou-charentes suyu', 'poitou-charentes'];Poitou-Charentes suyu Phransiyana mä suyuwa.
locative-role;['rhône-alpes suyu', 'rhône-alpes'];Rhône-Alpes suyu Phransiyana mä suyuwa.
locative-role;['hannover'];Hannover, marka Alimaña, nayriri marka Niedersachsen suyu.
locative-role;['bordeaux'];Bordeaux, marka Nouvelle-Aquitaine suyu Phransiya.
locative-role;['antofagasta'];Antofagasta, Chili marka.
locative-role;['cádiz'];Cádiz, marka Andalusiya, Ispaña
locative-role;['auvergne suyu', 'auvergne'];Auvergne suyu Phransiyana mä suyuwa.
locative-role;['nord-pas-de-calais suyu', 'nord-pas-de-calais'];Nord-Pas-de-Calais suyu Phransiyana mä suyuwa.
locative-role;['languedoc-roussillon suyu', 'languedoc-roussillon'];Languedoc-Roussillon suyu Phransiyana mä suyuwa.
locative-role;['midi-pyrénées suyu', 'midi-pyrenees'];Midi-Pyrénées suyu Phransiyana mä suyuwa.
locative-role;['limousin suyu', 'limousin'];Limousin suyu Phransiyana mä suyuwa.
locative-role;['île-de-france suyu'];Île-de-France suyu Phransiyana mä suyuwa.
locative-role;['champagne-ardenne suyu', 'champagne-ardenne'];Champagne-Ardenne suyu Phransiyana mä suyuwa.
locative-role;['alsace suyu'];Alsace suyu Phransiyana mä suyuwa.
locative-role;['picardie suyu', 'picardië'];Picardie suyu Phransiyana mä suyuwa.
locative-role;['aquitaine suyu'];Aquitaine suyu Phransiyana mä suyuwa.
locative-role;['lituaña', 'lituania'];Lituañaxa Iwrupana mä jach'a markawa.
locative-role;['viña del mar'];Viña del Mar, Chili marka.
locative-role;['genova'];Genova, marka Italiya
locative-role;['amaya imaña uyu'];Amaya imaña uyu jaqi jiwata imañataki uyuchrantata uraqi.
locative-role;['pays de la loire suyu', 'pays de la loire'];Pays de la Loire suyu Phransiyana mä suyuwa.
locative-role;['sachsen suyu'];Sachsen suyu Alimañana mä suyuwa.
locative-role;['lorraine suyu'];Lorraine suyu Phransiyana mä suyuwa.
locative-role;['düsseldorf'];Düsseldorf, marka Alimaña, nayriri marka Nordrhein-Westfalen suyu.
locative-role;['qhatu'];Qhatu, kunaymana yänaka alasiña alxasiña chiqt'a.
locative-role;['san pauluw', 'sâo paulo'];San Pauluw, Brasil marka.
locative-role;['bari'];Bari, marka Italiya Apulia suyu Nicola di Mira santu == Links == Commons katt'ana uñnaqa Bari.
locative-role;['torino'];Torino, marka Italiya
locative-role;['münchen'];München, marka Alimaña, nayriri marka Bayern suyu.
locative-role;['milano'];Milano, marka Italiya
locative-role;['palermo'];Palermo, marka Italiya
locative-role;['valparaíso'];Valparaíso Chili marka.
locative-role;['new york'];New York marka,, marka Istadus Unidus 1624 Huillka kuti phaxsi 1 == Jisk'a t'aqa suyunaka == == Links == Commons katt'ana uñnaqa New York.
locative-role;['philadelphia'];Philadelphia Marka, City of Philadelphia, marka Pennsylvania suyu, Istadus Unidus 22,6 km²
locative-role;['wayakil', 'guayaquil'];Wayakil, Ikwadur
locative-role;['venezia'];Venezia, marka Italiya
locative-role;['jalsu'];Jalsu, uraqita uma aywsu qalltawa.
non-agentive-physical-object;['punchu', 'poncho'];Punchu, jalluta thayata jark'aqasiña chachana isipa.
non-agentive-physical-object;["k'anchila"];K'anchila, kunaymana kasta k'achachañaka.
non-agentive-physical-object;['siwi'];Siwi, luk'anaru uskusiñataki jiruta lurata yä.
non-agentive-physical-object;['kira'];Kira, uta manqhana isinaka imaña wiskha.
non-agentive-physical-object;['tapa'];Tapa, jamach'inakana kitulanakana chhiwlinaka uywasiña utapa.
non-agentive-physical-object;["jach'a tupu", 'thaki', 'tupu'];Jach'a tupu, awtuna sarnaqaña thaki.
non-agentive-physical-object;['isi'];Isi
non-agentive-physical-object;["q'aspa"];Q'aspa, p'iqiru uchasiña chhuruni isi.
non-agentive-physical-object;['asi'];Asi sawuna illawa nayraru apsuta sariri ch’ankha.
non-agentive-physical-object;['qhiri'];Qhiri, sañuta jank ukasti k'awsa ñiq'it luratawa.
non-physical-collection;['yupaychäwi'];Yupaychäwi
parameter;['chika aruma', 'chicäruma', 'chikäruma'];Chikäruma, ch'amakthapita qharatatkama arumana taypipa.
parameter;['awti pacha'];Awti pacha awti pacha sataxa, jallu tukuyata jallu qalltakama pachawa, jani jallu puriri pacha.
parameter;['qhantati'];Qhantati, machaqa uruna qhantanitapa qallta.
parameter;['chika uru', 'chica uru'];Chika uru, qharatatata ch’amakthapkama uruna taypipa.
parameter;["jayp'u"];Jayp'u, chika uruta arumt'akama pacha.
phenomenon;['qhana'];Qhana (kastilla aru: luz, claridad)
phenomenon;["jiwq'i"];Jiwq'i, phichkatata, nakhantatata aywsuri qinayjama uqi k'illima.
phenomenon;['lupi'];Lupi, Intina qhanapa, junt'upa.
phenomenon;['tutuka'];Tutuka, muytasa muytasa sariri, kuna yänaksa apiri thaya.
phenomenon;['qinaya'];Qinaya, umata urpuptata alaxpachankiri, uma jiwq'i.
phenomenon;['khunu', 'aqarapi', 'aqharapi'];Khunu / aqharapi, t'una qhiyaru uñtata jallu, alaxpacha qinayata jalaqaniri tullpa jallu.
phenomenon;['chhijchhi', 'chhijchi'];Chhijchhi, qinayana janq'u jisk'a muruq'uru tukuta jallu uma.
phenomenon;["laka k'ama"];Laka k'ama, laka ch'akanakaru laq'untiri.
phenomenon;["k'aja"];K'aja, jach'a ch'uxu usu.
phenomenon;['jakaña', 'jakawi'];Jakaña
phenomenon;['nina', 'fuego'];Nina, phayaña nakhiri, laxrasisa nakhiri, nakhasina yänaka phichantíri.
phenomenon;["jump'i"];Jump'i, janq'u jayu k'ara umjama, janchi lip'ichita p'iyarama aywsuniri uma.
phenomenon;['jallu'];Jallu, qinayata uma ch'aqanakaru tukusina jalaqaniri.
phenomenon;['juyphi'];Juyphi, thaya pacha.
physical-body;['phaxsi'];Phaxsi
physical-body;['aka pacha', 'uraqi'];Aka pacha Intiru muych'ukiri jakatasa laq'a lamara muruq'u pacha.
physical-body;['amaya'];Amaya jaqi jiwata, jakaña kankañapaxa tukuta.
physical-object;['punchu', 'poncho'];Punchu, jalluta thayata jark'aqasiña chachana isipa.
physical-object;['mutüwi'];Mutüwi, t'aqisiña chiqa, lutiru jaquntata phuqaña ñanqha uta.
physical-object;['jawuna'];Jawuna, t'axsañataki lik'ita lurata.
physical-object;['khuchuña'];Khuchuña, maya kuna yäsa, t'aqanakaru kuchuñampi jaljtayaña.
physical-object;['achkatasiri'];Achkatasiri, uqi qillaya, qillaya masiparuxa waykatasisina wayxasi.
physical-object;['arma'];Arma yapu yapuchaña yä, lawata khituta, jasa uraqi yuntampi wayt’ayasa qhulliñataki.
physical-object;['celular'];Jawsaña Jawsaña uka arux catellan arunx Celular sañ muni, wali askipuniw yatiykipt'asiñataki mä wila masimpi, masimpi jan ukax yaqhanakampi.
physical-object;['qäna'];QÄNA.
physical-object;['phuku', 'phukhu'];Phuku, manq'a phayasiñataki sañu ñiq'ita wajata yä.
physical-object;["mich'i"];Mich'i, purappacha k'umu lawa, qawayaru maya wayt'asiri ch'ankhampi chinuntata, uknama maya juch'usa ari lawa q'axcht'añalaki.
physical-object;["p'iqi p'akjasiña"];P'iqi p'akjasiña, maya sixsuta, jani ukaxa maya qillqata walja chiqanakaru jalanuqtayata.
physical-object;['yatiqawi uta'];Yatiqawi uta, yatiqiri wawanakaxa machaqa yatiwinaka yatichiripampi chika yatiqaña uta manqha.
physical-object;['thujru'];Thujru, chuymani achachilanakana sarnaqañapataki k'umu lawata lurata.
physical-object;['pirwa'];Pirwa, sixita pirqani, kunaymana yarananaka imaña uta manqhankiri chiqa.
physical-object;["k'uchu tupuña"];K'uchu tupuña, k'uchunaka tupuña yä.
physical-object;['lliju lliju'];Lliju lliju, jallu pacha illapana qhantawipa.
physical-object;['chaka'];Chaka, jawira makhatañataki, qalata, ch'amphata, jiruta lurata.
physical-object;['pirqa'];Pirqa, uta pirqa uyu qalanakampi ñiq'impi, jani ukaxa yaqha yänakampi lurata.
physical-object;['jusi'];Jusi, k'ullu katuñani, uka katuñatxa p'allalla k'umu jiruwa saraqi, p'allalla - k'umu jiruna manqhapaxa ari lakanakaniwa.
physical-object;['ñuqiña'];Ñuqiña, k'uspi lawata lurata yä, wampunaka, walsanaka qutana sarayañataki.
physical-object;['chikama'];Chikama . français: balancement. deutch: waage
physical-object;['qhana'];Qhana (kastilla aru: luz, claridad)
physical-object;['chinu'];Chinu, ch'ankha, inkuña, jisk'a sawuta chinjata.
physical-object;['ahuayo'];Ahuayo (inglis aru: Blanket)
physical-object;['suxu suxu'];Suxu suxu, latata kawchuta lurata jisk'a yä, manqhipanxa jisk'a muruq'u jirullanakawa utji, khiwt'ataxa suxu suxu sasawa ist'ayasi.
physical-object;['susuña'];Susuña, latata lurata yä, muyu pampaxa phulurata, pampa qawayaparaki muyuntayata, jani juyra piqata, aku, jak'u williqasiñapataki.
physical-object;['isi'];Isi
physical-object;['pichaña'];Pichaña, ch'illiwata lurata, q'añunaka apthapiña yä.
physical-object;['juñi'];Juñi, muytasa muytasa ukch'akama llaysuta ch'ankha.
physical-object;['chuwa', 'palatu'];Chuwa, palatu, Manq'añataki, apunakaru luqañataki q'ink'u laq'ata lurata sañuwa.
physical-object;["q'aspa"];Q'aspa, p'iqiru uchasiña chhuruni isi.
physical-object;['tika'];Tika, pirqañataki ñiq'ita lurata yä, ñiq'ita taksuta k'ullu tika lurañaru limsusina lupimpi wañt'ayata.
physical-object;['jarphi'];Jarphi, warminakana nayraxa pullirapa paypacha amparampi jantasa pullira chinjaru kathapiyatawa, jani ukaxa pullirxa amparampi katxasitawa.
physical-object;['qhiri'];Qhiri, sañuta jank ukasti k'awsa ñiq'it luratawa.
physical-object;['pukara'];Pukara, jach'a qalanakampi lawkata pirqata chiqawa.
physical-object;['jaruchi'];Jaruchi, maysaru katuñani yä, uma qichiñataki, umañataki.
physical-region;['kurmi', 'kurumi'];Kurmi, jallu apjta, sulla jalluna, pachana paqallqu kasta samani jawirxaru, jani ukaxa qutxaru muyuntata uñasiri.
political-geographic-object;['rumanya'];Rumanya nisqaqa Iwrupapi huk jach'a markam.
political-geographic-object;['firenze'];Firenze, marka Italiya
political-geographic-object;['kawnas', 'kaunas'];Kawnas Lituaña marka.
political-geographic-object;['lyon'];Lyon, marka Auvergne-Rhône-Alpes suyu Phransiya.
political-geographic-object;['edirne'];Edirne, nayriri Marka Jisk'a suyu Edirne, Turkiya.
political-geographic-object;['punta arenas'];Punta Arenas, Chili marka.
political-geographic-object;['ho chi min marka', 'ho chi minh city'];Ho Chi Minh City Vietnam marka.
political-geographic-object;['marseille'];Marseille, marka Provence-Alpes-Côte d'Azur suyu Phransiya.
political-geographic-object;['los angeles'];Los Angeles Marka, City of Los Angeles, nayriri marka California suyu, Istadus Unidus 1 290,6 km²
political-geographic-object;['stuttgart'];Stuttgart, marka Alimaña, nayriri marka Baden-Württemberg suyu.
political-geographic-object;['santu pitirwurhu'];Santu Pitirwurhu Rusiya marka.
political-geographic-object;['oaxaca de juárez', 'oaxaca'];Oaxaca de Juárez marka, Mïxiku marka.
political-geographic-object;['orleans'];Orleans, marka Centre-Val de Loire suyu Phransiya.
political-geographic-object;['nurweka', 'noreg', 'norge'];Nurweka icha Nurgi nisqaqa Iwrupapi huk jach'a markam.
political-geographic-object;["aynacha jach'a markanaka"];Aynacha Jach'a Markanaka icha Nirlan nisqaqa Iwrupapi huk jach'a marka.
political-geographic-object;['nihun'];Nihun icha Hapun nisqa llaqtaqa Asyapi huk jach'a markam.
political-geographic-object;['antiwa wan barbuda'];Antiwa wan Barbudaxa Awya Yalana mä jach'a markawa.
political-geographic-object;['wilisi', 'belize'];Wilisixa Awya Yalana mä jach'a markawa.
political-geographic-object;['san kristobal wan niebes'];San Kristobal wan Niebesxa Awya Yalana mä jach'a markawa.
political-geographic-object;['duminika'];Duminikaxa Commonwealth of Dominica Awya Yalana mä jach'a markawa.
political-geographic-object;['santa lusiya'];Santa Lusiyaxa Awya Yalana mä jach'a markawa.
political-geographic-object;['maruku'];Maruku / Maruku Riynu, Aphrikapi jach'a marka.
political-geographic-object;['ispaña', 'españa'];Ispaña, jach'a marka Iwrupa.
political-geographic-object;['tayiksuyu'];Tayiksuyuxa, (kastilla aru: Tayikistan] icha Tuyikistun (Тоҷикистон تاجکستان) Asyana mä jach'a markawa.
political-geographic-object;['uganda'];Uganda / Uganda Ripublika, Aphrikapi jach'a marka.
political-geographic-object;['bilarus'];Bilarus,, jach'a marka Iwrupa.
political-geographic-object;['asirbayjan', 'asar suyu'];Asar suyu icha Asirwayan nisqaqa Iwrupapi Asyapipas Jach'a markam.
political-geographic-object;['new jersey suyu', 'new jersey'];New Jersey Istadus Unidusna mä suyuwa.
political-geographic-object;['illinois suyu', 'illinóis'];Illinois Istadus Unidusna mä suyuwa.
political-geographic-object;['minnesota suyu', 'minnesota'];Minnesota Istadus Unidusna mä suyuwa.
political-geographic-object;['missouri suyu', 'missouri'];Missouri Istadus Unidusna mä suyuwa.
political-geographic-object;['michigan suyu', 'michigan'];Michigan Istadus Unidusna mä suyuwa.
political-geographic-object;['nebraska suyu', 'nebraska'];Nebraska Istadus Unidusna mä suyuwa.
political-geographic-object;['bilkiya'];Bilkiya icha Bilgasuyu nisqaqa Iwrupapi huk Jach'a markam.
political-geographic-object;['suasïsuiu', 'swasisuyu', 'swatini', 'swaziland'];Suasïsuiu oficiales la Reino de Suasïsuiu, Aphrika.
political-geographic-object;['pakistan'];Pakistan / Pakistan Islamika Ripublika, Asyapi jach'a marka.
political-geographic-object;['banladish'];Banladish / Banladish Markani Ripublika, Asyapi jach'a marka.
political-geographic-object;['austriya'];Austriya (kastilla aru: Austria, aliman aru: Österreich [ˈøːstɘrɑeç]) —oficialmente, kastilla aru: República de Austria, Republik Österreich)— país de la porción meridional de Iwrupa.
political-geographic-object;['australla'];Australlaxa Usiyanya mä jach'a markawa.
political-geographic-object;['connecticut suyu', 'connecticut'];Connecticut Istadus Unidusna mä suyuwa.
political-geographic-object;['hannover'];Hannover, marka Alimaña, nayriri marka Niedersachsen suyu.
political-geographic-object;['bordeaux'];Bordeaux, marka Nouvelle-Aquitaine suyu Phransiya.
political-geographic-object;['antofagasta'];Antofagasta, Chili marka.
political-geographic-object;['cádiz'];Cádiz, marka Andalusiya, Ispaña
political-geographic-object;['kartulsuyu', 'kiyorxiya'];Kartulsuyu.
political-geographic-object;['kartulsuyu', 'kiyorxiya'];Kiyorxiya, Iwrupapi jach'a marka.
political-geographic-object;['kungu dimukratiku ripublika'];Kungu Dimukratiku Ripublika, Aphrikapi jach'a marka.
political-geographic-object;['honduras'];Hondurasxa Awya Yalana mä jach'a markawa.
political-geographic-object;['watimala', 'guatémala'];Watimalaxa Awya Yalana mä jach'a markawa.
political-geographic-object;['kustarika', 'crc'];Kustarikaxa Awya Yalana mä jach'a markawa.
political-geographic-object;['hunkariya'];Hunkariya, Magyarsuyu icha Mayarsuyu hunkariya arupi: Magyarország Iwrupapi jach'a marka.
political-geographic-object;['puluña'];Puluña (puluña aru: Polska, kastilla aru: Polonia)), uficialmente Republika Puluña, (bulgariya aru: Rzeczpospolita Polska, kastilla aru: República de Polonia), jach'a marka Iwrupa.
political-geographic-object;['tansanya'];Tansanya / Tansanya Tantata Ripublika, Aphrikapi jach'a marka.
political-geographic-object;['vietnam'];Vietnam / Vietnam Susialysta Ripublika, Asyapi jach'a marka.
political-geographic-object;['alimaña'];Alimaña, jach'a marka Iwrupa.
political-geographic-object;['sudan'];Sudan / Sudan Ripublika, Aphrikapi jach'a marka.
political-geographic-object;['iqiptu', 'iqiqtu'];Iqiqtu / Iqiqtu Ripublika Arabi, Aphrikapi jach'a marka.
political-geographic-object;['wayana'];Wayanaxa Awya Yalana mä jach'a markawa.
political-geographic-object;['suriname'];Surinamexa Republiek van Suriname Awya Yalana mä jach'a markawa.
political-geographic-object;['winïxwila'];Winïxwilaxa Awya Yalana mä jach'a markawa.
political-geographic-object;['indya', 'india'];Indya, jach'a marka Asya.
political-geographic-object;['italiya'];Italiya, jach'a marka Iwrupa.
political-geographic-object;['chili', 'chile', 'chilli'];Chilixa Awya Yalana mä jach'a markawa.
political-geographic-object;['parawayi'];Parawayixa Awya Yalana mä jach'a markawa.
political-geographic-object;['musambiki'];Musambiki / Musambiki Ripublika, Aphrikapi jach'a marka.
political-geographic-object;['indunisya'];Indunisya, jach'a marka Asya.
political-geographic-object;['grisya'];Grisya, jach'a marka Iwrupa.
political-geographic-object;['ukraniya'];Ukraniyaxa Iwrupana mä jach'a markawa.
political-geographic-object;['mïxiku'];Mïxikuxa Awya Yalana mä jach'a markawa.
political-geographic-object;['republika duminikana'];Republika Duminikanaxa Awya Yalana mä jach'a markawa.
political-geographic-object;['ghana'];Ghana / Ghana Ripublika, Aphrikapi jach'a marka.
political-geographic-object;['phransiya'];Phransiya, jach'a marka Iwrupa.
political-geographic-object;['ikwadur', 'ec', 'ecu', 'república del ecuador', 'ikwatur'];Ikwaduraxa Awya Yalana mä jach'a markawa.
political-geographic-object;['irlandiya'];Irlandiya, jach'a marka Iwrupa.
political-geographic-object;['panama marka'];Panama marka, nayra marka Panama.
political-geographic-object;['el salvador'];El Salvadorxa Awya Yalana mä jach'a markawa.
political-geographic-object;['viña del mar'];Viña del Mar, Chili marka.
political-geographic-object;['swisya', 'suecia', 'swisiya'];Swisyaxa Iwrupana jach'a markapawa.
political-geographic-object;['genova'];Genova, marka Italiya
political-geographic-object;['burinkin', 'puerto rico'];Burinkinxa Awya Yalana mä jach'a markawa.
political-geographic-object;['tennessee suyu', 'tennessee'];Tennessee Istadus Unidusna mä suyuwa.
political-geographic-object;['kentucky suyu', 'kentucky'];Kentucky Istadus Unidusna mä suyuwa.
political-geographic-object;['kansas suyu', 'kansas'];Kansas Istadus Unidusna mä suyuwa.
political-geographic-object;['vermont suyu', 'vermont'];Vermont Istadus Unidusna mä suyuwa.
political-geographic-object;['massachusetts suyu', 'massachusetts'];Massachusetts Istadus Unidusna mä suyuwa.
political-geographic-object;['rhode island suyu', 'rhode island'];Rhode Island Istadus Unidusna mä suyuwa.
political-geographic-object;['south dakota suyu', 'south dakota'];South Dakota Istadus Unidusna mä suyuwa.
political-geographic-object;['niedersachsen suyu'];Niedersachsen suyu Alimañana mä suyuwa.
political-geographic-object;['alaska suyu', 'alaska'];Alaska Istadus Unidusna mä suyuwa.
political-geographic-object;['montana suyu', 'montana'];Montana Istadus Unidusna mä suyuwa.
political-geographic-object;['oregon suyu', 'orégon'];Oregon Istadus Unidusna mä suyuwa.
political-geographic-object;['louisiana suyu', 'louisiana'];Louisiana Istadus Unidusna mä suyuwa.
political-geographic-object;['oklahoma suyu', 'oklahoma'];Oklahoma Istadus Unidusna mä suyuwa.
political-geographic-object;['arkansas suyu', 'arkansas'];Arkansas Istadus Unidusna mä suyuwa.
political-geographic-object;['florida suyu', 'flórida'];Florida Istadus Unidusna mä suyuwa.
political-geographic-object;['georgia (istadus unidus) suyu', 'georgia suyu', 'geórgia'];Georgia Istadus Unidusna mä suyuwa.
political-geographic-object;['north carolina suyu'];North Carolina Istadus Unidusna mä suyuwa.
political-geographic-object;['new mïxiku suyu'];New Mïxiku Istadus Unidusna mä suyuwa.
political-geographic-object;['arizona suyu', 'arizona'];Arizona Istadus Unidusna mä suyuwa.
political-geographic-object;['mississippi suyu', 'mississíppi'];Mississippi Istadus Unidusna mä suyuwa.
political-geographic-object;['south carolina suyu'];South Carolina Istadus Unidusna mä suyuwa.
political-geographic-object;['virginia suyu'];Virginia Istadus Unidusna mä suyuwa.
political-geographic-object;['idaho suyu', 'idaho'];Idaho Istadus Unidusna mä suyuwa.
political-geographic-object;['alabama suyu', 'alabama'];Alabama Istadus Unidusna mä suyuwa.
political-geographic-object;['hawaii suyu', 'hawaii'];Hawaii Istadus Unidusna mä suyuwa.
political-geographic-object;['nevada suyu', 'névada'];Nevada Istadus Unidusna mä suyuwa.
political-geographic-object;['california suyu'];Fheurieyruurr
political-geographic-object;['wyoming suyu', 'wyoming'];Wyoming suyu Istadus Unidusna mä suyuwa.
political-geographic-object;['utah suyu', 'utah'];Utah Istadus Unidusna mä suyuwa.
political-geographic-object;['colorado suyu', 'colorado'];Colorado Istadus Unidusna mä suyuwa.
political-geographic-object;['north dakota suyu', 'north dakota'];North Dakota Istadus Unidusna mä suyuwa.
political-geographic-object;["jisk'a t'aqa suyu"];Jisk'a t'aqa suyu, Pirüwa markaxa jach'a suyunakaru jaljatawa, jach'a suyunakarakiwa jisk'a suyuru jaljata, jisk'a suyurakiwa jisk'a t'aqa suyuru jaljti.
political-geographic-object;['düsseldorf'];Düsseldorf, marka Alimaña, nayriri marka Nordrhein-Westfalen suyu.
political-geographic-object;['saint winsent wan grenadinak'];Saint Winsent wan Grenadinakxa Awya Yalana mä jach'a markawa.
political-geographic-object;['trinidad wan tubagu'];Trinidad wan Tubaguxa Awya Yalana mä jach'a markawa.
political-geographic-object;['grenada'];Grenadaxa Awya Yalana mä jach'a markawa.
political-geographic-object;['san pauluw', 'sâo paulo'];San Pauluw, Brasil marka.
political-geographic-object;['lisboa'];Lisboa, nayriri marka Purtuwal == Nayra sarnaqäwi == == Uraqipa == == Jaqinakapa == 547 733 jaqi == Phunchäwinakapa == == Yatichäwi == Yatiqäwi == Saräwinakapa == == Phunchäwi == == Irpirinaka == Kuraka: Fernando Medina == Wali uñt'at chiqanaka == == Aruskipäwi == Braga Castello Branco Coimbra OportoLisboa == Juk'amp Jach'aq'achxat yatiyäwinaka == Commons katt'ana uñnaqa Lisboa.
political-geographic-object;['lima'];Lima,, nayra marka Piruw, nayra marka Lima jach'a suyu.
political-geographic-object;['dublin'];Dublin, nayriri marka Irlandiya == Jisk'a t'aqa suyunaka == == Irpirinaka == == Wali uñt'at chiqanaka == Commons katt'ana uñnaqa Dublin.
political-geographic-object;['wukuta', 'bogotá'];Wukuta, Kuluwya nayriri marka..
political-geographic-object;['la habana'];La Habana,, nayra marka Kuba.
political-geographic-object;['budapest'];Budapest, nayriri marka Hunkariya == Nayra sarnaqäwi == == Uraqipa == == Jaqinakapa == 1 741 041 jaqi == Phunchäwinakapa == == Yatichäwi == Yatiqäwi == Saräwinakapa == == Phunchäwi == == Irpirinaka == Kuraka: Gergely Karácsony == Wali uñt'at chiqanaka == == Aruskipäwi == Debrecen Miskolc Szeged == Juk'amp Jach'aq'achxat yatiyäwinaka == Commons katt'ana uñnaqa Budapest.
political-geographic-object;['roma'];Roma, nayriri marka Italiya
political-geographic-object;['bari'];Bari, marka Italiya Apulia suyu Nicola di Mira santu == Links == Commons katt'ana uñnaqa Bari.
political-geographic-object;['torino'];Torino, marka Italiya
political-geographic-object;['berlin'];Berlin, nayriri marka Alimaña == Net == Commons katt'ana uñnaqa Berlin.
political-geographic-object;["pekin'", 'pekin'];Pekin, China marka.
political-geographic-object;['mosku'];Mosku Rusiya nayriri marka.
political-geographic-object;['bahamas'];Bahamasxa Awya Yalana mä jach'a markawa.
political-geographic-object;['israel', 'israyil'];Israyil — uñt'atawa — khaysa mar Mediterráneo quta lakjan utt'asitawa.
political-geographic-object;['iskusiya'];Iskusiya, jach'a marka Iwrupa.
political-geographic-object;['phini suyu'];Phini suyu Chincha Iwrupapi Jach'a marka kan.
political-geographic-object;['boston'];Boston Marka, City of Boston, nayriri marka Massachusetts suyu, Istadus Unidus 232 14 km²
political-geographic-object;['asunsyun', 'asunción'];Asunsyun, Nuestra Señora Santa María de la Asunción, nayra marka Parawayi.
political-geographic-object;['paramaribo'];Paramaribo Par'bo.
political-geographic-object;['tirana'];Tirana, nayriri marka Alwaña.
political-geographic-object;['wien'];Wien, nayriri marka Austriya == Nayra sarnaqäwi == == Uraqipa == == Jaqinakapa == 1 797 337 jaqi == Phunchäwinakapa == == Yatichäwi == Yatiqäwi == Saräwinakapa == == Phunchäwi == == Irpirinaka == Kuraka: Michael Häupl Wien == Wali uñt'at chiqanaka == == Aruskipäwi == Graz Linz Innsbruck Salzburg == Juk'amp Jach'aq'achxat yatiyäwinaka == Commons katt'ana uñnaqa Wien.
political-geographic-object;['münchen'];München, marka Alimaña, nayriri marka Bayern suyu.
political-geographic-object;['santiago de chile', 'santiago chilli'];Santiago de Chili nayriri marka Chili, nayriri marka Metropolitana jach'a suyu.
political-geographic-object;['san jusiy', 'san jose'];San Jusiy,, nayra marka Kustarika.
political-geographic-object;['kobenhavn'];Kobenhavn . nayriri marka Dinamarka.
political-geographic-object;['roseau'];Roseau Wozo, nayra marka Duminika.
political-geographic-object;['san salvador'];San Salvador,, nayra marka El Salvador.
political-geographic-object;['london'];London, nayriri marka Inglisuyu
political-geographic-object;['helsinki'];Helsinkixa Phini suyu nayriri markawa.
political-geographic-object;['paris'];Paris, nayriri marka Phransiya == Jisk'a t'aqa suyunaka == == Wali uñt'at chiqanaka == Commons katt'ana uñnaqa Paris.
political-geographic-object;['tbilisi'];Tbilisi, nayriri marka Kartulsuyu == Nayra sarnaqäwi == == Uraqipa == Kura jawira == Irpirinaka == Kuraka Kakha Kaladze == Kawkit waruqt'atasa == == Aruskipäwi == Vakhtang Gorgasali Narikala == Juk'amp Jach'aq'achxat yatiyäwinaka == Commons katt'ana uñnaqa Tbilisi.
political-geographic-object;['watimala marka'];Watimala marka, nayra marka Watimala.
political-geographic-object;['port-au-prince'];Port-au-Prince Pòtoprens, nayra marka Ayti.
political-geographic-object;['tegucigalpa'];Tegucigalpa,, nayra marka Honduras.
political-geographic-object;['reykjavik'];Reykjavik, nayriri marka Islandiya.
political-geographic-object;['tokyo'];Tokyo icha Tukyu, markaq Nihun jach suyu Nayra markanmi.
political-geographic-object;['wilñus', 'vilnius', 'wilniyus', 'wilno'];Wilñus, Lituaña nayriri marka.
political-geographic-object;['manawa', 'managua'];Manawa, nayra marka Nikarwa.
political-geographic-object;['mïxiku marka', 'marka mïxiku', 'qllapa mïxiku'];Marka Mïxiku, Mïxiku
political-geographic-object;['panama marka'];Panama marka, nayra marka Panama.
political-geographic-object;['varsovia'];Varsovia, nayriri marka Puluña.
political-geographic-object;['madrid'];Madrid, nayriri marka Ispaña == Nayra sarnaqäwi == == Uraqipa == == Jaqinakapa == 3 165 541 jaqi == Phunchäwinakapa == == Yatichäwi == Yatiqäwi == Saräwinakapa == == Phunchäwi == == Irpirinaka == Kuraka: Manuela Carmena.
political-geographic-object;['stockholm'];Stockholmaxa Swisya nayriri markawa.
political-geographic-object;['santo domingo'];Santo Domingo,, nayra marka Republika Duminikana.
political-geographic-object;['muntividëw', 'montevideo'];Muntividëw, nayra marka Uruwayi.
political-geographic-object;['caracas'];Caracas, nayra marka Winïxwila.
political-geographic-object;['brasilia', 'wrasilla'];Brasilia, nayra marka Wrasil.
political-geographic-object;['ottawa'];Ottawa, nayra marka Kanada.
political-geographic-object;['kitu', 'quito'];Kitu, Ikwadur
political-geographic-object;['milano'];Milano, marka Italiya
political-geographic-object;['palermo'];Palermo, marka Italiya
political-geographic-object;['valparaíso'];Valparaíso Chili marka.
political-geographic-object;['new york'];New York marka,, marka Istadus Unidus 1624 Huillka kuti phaxsi 1 == Jisk'a t'aqa suyunaka == == Links == Commons katt'ana uñnaqa New York.
political-geographic-object;['philadelphia'];Philadelphia Marka, City of Philadelphia, marka Pennsylvania suyu, Istadus Unidus 22,6 km²
political-geographic-object;['wayakil', 'guayaquil'];Wayakil, Ikwadur
political-geographic-object;['wrasil', 'brasil'];Wrasilaxa Awya Yalana mä jach'a markawa.
political-geographic-object;['venezia'];Venezia, marka Italiya
political-geographic-object;['texas suyu', 'téxas'];Texas Istadus Unidusna mä suyuwa.
political-geographic-object;["jach'a marka"];Jach'a marka, jach'a uraqini, jaqini, maya jilïri mallkuni marka.
political-geographic-object;["jisk'a suyu"];Jisk'a suyu, jach'a suyuna sapa maya jaljatanakapa.
quality;['inas'];Inas, . françaisna: probabilité.
quality;['uqi', "ch'ejhe"];Uqix samawa.
quality;["ch'umpi"];Ch'umpix samawa.
quality;['yupaychäwi'];Yupaychäwi
quality;['sajuna'];Sajunax samawa.
quality;['sami', 'color', 'colors', 'sama', 'samanaka'];Sami / Sama
quality;["p'aqu"];P'aqux samawa.
quality;['jucha'];Jucha, tatituna arupa p'akintaña.
quality;['tansa'];Tansa, kayuta piqkama jaqina sayapa, maya yä sayapa.
quality;["ch'uju"];Ch'uju, amuki jani ch'iriqaña.
quality;['larama'];Larama, wila kasta sama.
quality;["ch'uxña", "ch'ojhña", 'verde'];Ch'uxñax samawa.
quality;["janq'u", 'blanco'];Janq'ux samawa.
quality;["ch'iyara", 'chchiara', 'negro'];Ch'iyarax samawa.
quality;['chupika', 'rojo', 'wila'];Chupika, wila kasta sama.
quality;["q'illu", 'amarillo'];Q'illux samiwa.
region;["kayu takt'a"];Kayu takt'a, nayra achachilanakana uraqi tupuñapawa.
region;['mitru patakachjata'];Mitru patakachjata, maya mitruna pataka t'aqaru jaljtatana mayapa.
region;["ch'aqa"];Ch'aqa Jisk’a muruq’u jalaqiri uma.
region;["t'ijuqa"];T'ijuqa, maya uraxa suxta tunka t'ijuqaru jaljatawa.
region;['kilu', 'hg', 'kg', 'mg', 'tg'];Kilu, yänaka, manq'añanaka alasiña tupuwa.
region;['pataka', '100'];Pataka, patakaxa, tunka kuti tunka.
region;['phisqa', '5'];Phisqa, pusi jakhuru maya jakhumpi jakhxatata.
region;['tunka', '10'];Tunka, llätunkxankiri jakhu.
region;['paya', '2'];Paya, mayata maya kuti jakhu.
region;['kimsaqallqu', '8'];Kimsaqallqu, paqallqu jakhxankiri llätunka jakhu nayrankiri.
region;['pusi', '4'];Pusi, paya kuti paya jakhu.
region;['pachjiri'];Pachjiri, Maya pachjtana, jalanuqtayiri jakhu.
region;['arumanthi', 'arumanti'];Arumanthi, jutiri chika arumata chika urukama pacha.
region;['lakiri'];Lakiri, maya jakhuna apjiri jakhupa.
region;['pachjta'];Pachjta, jalanuqtatana uñanchawipa.
region;['maya', '1'];Maya, jakhu.
region;['uru'];Uru, Inti jalsuta inti jalantkama pacha.
relevant-part;["janchi lip'ichi"];Janchi lip'ichi, janchiru jark'iri qhawa.
relevant-part;['chhipchi', 'nayra phichu'];Chhipchi
relevant-part;['kururu'];Kururu, puraka taypi chiqa.
relevant-part;['nayra chiphu', "ch'ipoqo", "ch'ipuqu"];Nayra chiphu, ch'ipuqu patxa nayra.
relevant-part;['sunkha'];Sunkha, laka muytankiri ñik'uta.
relevant-part;['phuyu'];Phuyu, jamach'inakana janchipa imxatiriquña yänaka.
simple-collection;['cruz del sur'];Illampu p'iqitxa qutastniwa warawanakaxa, ukhaxanawa yatisi jicha marax waliniti janicha, qhipa maraniti jana ukaxa nayra maranicha.
simple-collective;['rikuwa'];Rikuwa, manq'anaka isinaka alxaña jach'a uta.
situation;['arunta'];Arunta (kastilla aru: Saludo).
situation;["samana llupht'ata", 'smothers'];Samana llupht'ata, jani t'aku thaya utjipana samanawa t'aqi.
situation;['qarachi'];Qarachi challwa uñjaña
situation;['katjawi'];Katjawi, jani yatita yatiwinaka chikt'aña, irt'aña.
situation;["t'uku usu"];T'uku usu, jani amuyuni luriri usu, amuyu ch'amakt'ayiri usu.
situation;['chuqu usu'];Chuqu usu, jaqiru katuri usu.
situation;['larusiña yatiyäwi'];Larusiña yatiyäwi, jakkiri jaqiru akatjama kuna kusisiña kamachiru puritapa.
situation;['thayjata'];Thayjata, jaqi kamana thayana q'ala chuch'jata.
situation;['awtja'];Awtja.
situation;['kitjata arunaka', "k'anata arunaka"];Kitjata arunaka, k'anata arunaka.
situation;['sira'];Sira, manq'a kamana manqhana, manq'ata thayapti ukwa purakaxa jamañnama anqaru phussuni.
situation;["k'ari"];K'ari, jani chiqapa aru.
situation;['piyampiya usu'];Piyampiya usu, ñanqha katusiri usu.
situation;['jurma usu', 'pisti'];Jurma usu, pisti, nasa manqhata jurmaxa wali aywiri, jani ukaxa wañkatiri, walja jurma nasaru lluphantiri.
situation;['utjirinaka'];Utjirinaka, maya liwru kamachinakapa, t'aqanakapa uñanchiri.
situation;['usu'];Usu, k'umara jaqi aynacht'ayiri, jani walïña.
situation;['jiphilla jaqukipata', 'kursu usu'];Jiphilla jaqukipata, wijwillata jutiri wich'u usu.
situation;['tisiku'];Tisiku, katusiri usu, chuymaxa jisk'a jani uñjaña laq'una manq'sutawa uñjasi.
situation;['puraka tini'];Puraka tini, puraka nakhiri usuri usu.
situation;['jinchu usu'];Jinchu usu, taypi jinchu manqha p'usutatata.
situation;["jawq'a"];Jawq'a, jani jupankiri aptiri, jaqita jamasata apaqiri.
situation;["jinq'ichata"];Jinq'ichata, ch'upu tantasitani p'usuta janchi.
situation;["such'u"];Such'u, aythapita jani unxtiri kayunakani, k'uk'illu amparanakani.
situation;["k'aja"];K'aja, jach'a ch'uxu usu.
situation;['rikuwa'];Rikuwa, manq'anaka isinaka alxaña jach'a uta.
socially-constructed-person;['johann sebastian bach'];Johann Sebastian Bach Alimaña jacha marka suma urukipan jumanakataki, jilatanaka, kullakanaka.
socially-constructed-person;['georg friedrich händel'];Georg Friedrich Händel aliman suma urukipan jumanakataki, jilatanaka, kullakanaka.
socially-constructed-person;['johann wolfgang von goethe'];Johann Wolfgang von Goethe Alimaña jacha markaq qillqiri.
socially-constructed-person;['ludwig van beethoven'];Ludwig van Beethoven, Deutschlandankirïw suma q'uchux achuyirin pyanirichiw.
socially-constructed-person;['simuna wuliwar', 'simón bolivar'];Atiniñaptayiri Simuna Wuliwar (Kastilla aru: Simón Bolívar Simón José Antonio de la Santísima Trinidad Bolívar y Palacios. (* Caracas, 1783 mara 24 uru Huillka kuti phaxsin yuritayna - Santa Marta, 1830 mara 17 uru Jallu qallta phaxsin yuriwi), Winïxwila jacha marka militar & anakithiri.
socially-constructed-person;['gioachino rossini'];Gioachino Rossini, Italiyasuma klasisismu pachat rumantisismu pacharchiw.
socially-constructed-person;['fryderyk chopin', 'frederic chopin'];Fryderyk Franciszek Chopin, Puluña jacha marka ankirïw suma q'uchux achuyirin pyanirichiw.
socially-constructed-person;['arthur conan doyle'];Sir Arthur Conan Doyle Jach'a Britenqi qillqaq.
socially-constructed-person;['marcel proust'];Marcel Proust Phransiya jacha marka qillqiri.
socially-constructed-person;['winston churchill'];Winston Leonard Spencer Churchill icha Winston Churchill, Inlatirra jacha marka militar, qillqiri & anakithiri.
socially-constructed-person;['william faulkner'];William Faulkner Istadus Unidus jacha marka qillqiriq.
socially-constructed-person;['humphrey bogart'];Humphrey DeForest Bogart, Humphrey Bogart suti huk Istadus Unidos yåpari.
socially-constructed-person;['indira gandhi'];Indira Priyadarshini Gandhi इन्दिरा प्रियदर्शिनी गान्धी., Indya jacha marka anakithiri.
socially-constructed-person;['cristoforo colombo'];Cristoforo Colombo, Ispaña - Italiya jaqi.
socially-constructed-person;['leonardo da vinci'];Leonardo di ser Piero da Vinci, Italiya jach'a marka qillqiri qhusqhuri, llimphiri Yäpap.
socially-constructed-person;['william shakespeare', 'shakespeare'];William Shakespeare,, Inlatirra jacha marka inlish qillqiri jaqiq.
socially-constructed-person;['rembrandt'];Rembrandt suti Aynacha Jach'a Markanaka jacha marka llimphiri yäpa.
socially-constructed-person;['abraham lincoln'];Abraham Lincoln, Istadus Unidos jacha marka arxatiri & anakithiri.
socially-constructed-person;['joseph haydn'];Franz Joseph Haydn,, Austriya ankirïw suma q'uchux achuyirin pyanirichiw.
socially-constructed-person;['wolfgang amadeus mozart'];Wolfgang Amadeus Mozart,, Austriya ankirïw suma q'uchux achuyirin pyanirichiw.
socially-constructed-person;['sigmund freud'];Sigmund Freud, Sigismund Schlomo Freud,, Austriya jacha marka midiku &Jakaña yatxatawiri.
socially-constructed-person;['pablo picasso'];Plantilla:Ficha de artista Pablo Ruiz Picasso suti jaki, Pablo Picasso suti Ispaña jach'a marka qillqiri qhusqhuri, llimphiri Yäpap.
socially-constructed-person;['franz kafka'];Franz Kafka suti Chexya Ripublika jach'a marka arxatiri & qillqiri.
socially-constructed-person;['george washington'];George Washington, Istadus Unidos jacha marka militar & anakithiri.
socially-constructed-person;['grover cleveland'];Stephen Grover Cleveland, Istadus Unidos jacha marka arxatiri & anakithiri.
socially-constructed-person;['benjamin harrison'];Benjamin Harrison, Istadus Unidos jacha marka arxatiri & anakithiri.
socially-constructed-person;['theodore roosevelt'];Theodore Roosevelt, Istadus Unidos jacha marka qillqiri & anakithiri.
socially-constructed-person;['woodrow wilson'];Thomas Woodrow Wilson, Istadus Unidos jacha marka anakithiri.
socially-constructed-person;['warren harding'];Warren Gamaliel Harding chacha suti, Istadus Unidos jacha marka imprisawryu & anakithiri.
socially-constructed-person;['john adams'];John Adams, Istadus Unidos jacha marka arxatiri & anakithiri.
socially-constructed-person;['herbert hoover'];Herbert Clark Hoover, Istadus Unidos jacha marka anakithiri.
socially-constructed-person;['franklin d. roosevelt'];Franklin Delano Roosevelt, Istadus Unidos jacha marka arxatiri & anakithiri.
socially-constructed-person;['john f. kennedy'];John Fitzgerald Kennedy, Istadus Unidos jacha marka anakithiri, Istadus Unidus Prisidintipa.
socially-constructed-person;['lyndon johnson'];Lyndon Baines Johnson chacha suti,, Istadus Unidos jacha marka Yachachijg Yatichiri & anakithiri.
socially-constructed-person;['jimmy carter'];James Earl Carter Jr, Jimmy Carter, Istadus Unidos jacha marka anakithiri, Istadus Unidus Prisidintipa.
socially-constructed-person;['thomas jefferson'];Thomas Jefferson, Istadus Unidos jacha marka arxatiri & anakithiri.
socially-constructed-person;['ronald reagan'];Ronald Reagan, Istadus Unidos jacha marka yäpasri & anakithiri.
socially-constructed-person;['césar augusto'];Augusto Imperator Caesar Divi F. Augustus.
socially-constructed-person;['hans christian andersen'];Hans Christian Andersen
socially-constructed-person;['awki', 'auqi'];Awki, auqi chacha jaqichasiña.
socially-constructed-person;['awicha'];Awicha, awkina jani ukaxa taykana taykapa.
socially-constructed-person;['anakithiri'];Anakithiri ..
socially-constructed-person;['urqu'];Urqu, maya kasta uywa, qachu uywanakaru wawachayiri uywa.
socially-constructed-person;['yachachijg yatichiri'];Yachachijg Yatichiri kastilla aru: maestro
socially-constructed-person;['asayiri'];Asayiri Manq'a apiri jaqi.
socially-constructed-person;['paqupaqu'];Paqupaqu, ch'umphi niya q'illuru uñtata samiri.
socially-constructed-person;['kullaka', 'cullaca'];Kullaka, kikipa awkita taykata yurita imilla wawa.
socially-constructed-person;['arxatiri'];Arxatiri Jaqi kamachi irnaqiriq.
socially-constructed-person;['jesus'];Jesus o Jesus di Nazareth (* 7 a.
socially-constructed-person;['wawa', 'asu'];Wawa, asu wawa, jisk'a jaqi.
socially-constructed-person;['tayka'];Tayka, wawa jathasiri warmi.
socially-constructed-person;['chupa'];Chupa, warmi jaynu jiwaña.
socially-constructed-person;['jarawiri'];Jarawiri : latin aruna poeta. poéte, poétesse phransis aruna.
socially-constructed-person;['yuqa'];Yuqa, chacha warmina chacha wawapa.
socially-constructed-person;['thomas edison'];Thomas Alva Edison, Istadus Unidos jacha marka Yatxatawiri.
socially-constructed-person;['warmi'];Warmi, warmiru wawa jathiri.
socially-constructed-person;['chacha'];Chacha, warmiru wawa jathiri.
socially-constructed-person;['ernest hemingway'];Ernest Miller Hemingway Istadus Unidos jacha marka qillqiriq.
socially-constructed-person;['dwight eisenhower', 'dwight d. eisenhower'];Dwight David Eisenhower, Istadus Unidos jacha marka militar & anakithiri.
socially-constructed-person;['mao zedong'];Mao Zedong, China jacha marka anakithiri.
socially-constructed-person;['fernando de magallanes', 'fernão de magalhães'];Fernão de Magalhães, Purtuwal jacha marka militar jaqi.
socially-constructed-person;['gamal abdel nasser'];Gamal Abdel Nasser suti, arabya aru: جمال عبد الناصر Ŷamāl ʿAbd an-Nāṣir. Iqiptu jacha marka militar & anakithiri.
socially-constructed-person;['calvin coolidge'];John Calvin Coolidge Jr.
socially-constructed-person;['isaac newton'];Isaac Newton Inlatirra Yatxatawi Jaqi.
socially-constructed-person;['charles darwin'];Charles Robert Darwin, Inlatirra Jakaña yatxatawiq jaqiq.
socially-constructed-person;['karl marx'];Karl Heinrich Marx, Alimaña jacha marka Lup'intawi jaqi & anakithiri kumunista.
socially-constructed-person;['blaise pascal'];Blaise Pascal, Phransiya Yatxatawiq Jakhu jaqiq.
socially-constructed-person;['galileo galilei'];Galileo Galilei, Italiya jacha marka Yatxatawi jaqi.
socially-constructed-person;['albert einstein'];Albert Einstein, Alimaña- Istadus Unidos Yatxatawi jaqiq.
socially-constructed-person;['anton chekhov'];Anton Pavlovich Chekhov
socially-constructed-person;['iosif stalin', 'iosif vissarionovich dzhugashvili'];Iosif Vissarionovich Dzhugashvili icha Iosif Stalin
socially-constructed-person;['yatichiri'];Yatichiri, wawanakaru, jaqi masiru jani yatita yatiña uñt'ayiri.
socially-constructed-person;['chawllacaturi', 'chaullacaturi'];Chaullacaturi jaqu thaqhaña challhuanaka.
socially-constructed-person;['miguel de cervantes'];Miguel de Cervantes Saavedra Ispaña jacha marka qillqiri.
socially-constructed-person;['neil armstrong'];Neil Alden Armstrong, Istadus Unidus pilutu, inhiniuru, astrunauta.
socially-constructed-person;['tatitu', 'dios'];Tatitu, aka pachpacha inuqiri awki.
socially-constructed-person;['george h. w. bush'];George Herbert Walker Bush, Istadus Unidos jacha marka anakithiri.
socially-constructed-person;['qillqiri'];Qillqiri.
space-region;['pullu'];Pullu, putuku, t'uyu tikaru uñtata, mayïri qawayapaxa qhanqha, tukuyaraki jisk'a k'uchu.
spatial-feature;["p'iya"];P'iya, muyu uñtasiri ansa.
spatial-feature;['ari'];Ari . en français, arista.
spatial-feature;['qullu'];Qullu, sayt'u jaqhinakani wira laya uraqi.Qulluxa yaqhipchqanxa sayxata ukampisa uñt'atarakiwa.
spatial-feature;["t'una uchaña"];T'una uchaña, t'unanaka uchaña yä.
spatial-feature;['everest', 'chomolungma'];Everest mä jach'a khunu qulluwa, nä 8.848 ukja luqanakxankarakiwa jach'a lamar quta lakxatxa.
spatial-feature;['illampu'];Illampux mä jach'a khunu qulluwa, nä 6.485 ukja luqanakxankarakiwa jach'a lamar quta lakxatxa.
spatial-feature;["janq'u uma", 'ancohuma', 'jankho uma', 'jankhouma', "janq'uma"];Janq'u Umax Wuliwya markana mä jach'a khunu qulluwa.
spatial-feature;['jillimani', 'illimani'];Jillimanix Wuliwya markana mä jach'a khunu qulluwa.
spatial-feature;['phutina'];Phutina, junt'u uma jalsuwja.
spatial-feature;['khunu qullu'];Khunu qullu, jach'a sayt'u aqaraprantata qullunaka.
spatial-feature;['qawaya'];Qawaya, maya tikana ajanupa.
spatial-feature;["lamara junt'u tuqi suyu"];Lamara junt'u tuqi suyu, jach'a lamara tuqi junt'u uraqinaka.
state;["p'usu"];P'usu, kanchina k'atampi punkitatatapa.
status;["phinq'a"];Phinq'a, jaxsaraña, janiwa walikiti jani sasiñataki.
subject;['yatxatawi'];Yatxatawi.
subject;['jakhu', 'matemática'];Jakhu, qhawqhanitapa maya chimpumpi chimpuri, jani ukaxa arsuri.
subject;['uraqita', 'geografiya', 'geografía'];Uraqita, uraqi yatxatawi.
subject;['alaxpacha yänakata'];Alaxpacha yänakata, alaxpacha yatxatawi.
subject;["lup'intawi"];Lup'intawi yäpa lup'iña.
substance-role;['juwri'];Juwri, uma wallaqinna jujuripa.
task;['jakhuqawi'];Jakhuqawi, walja jakhuta jakhuqaña.
task;['jaljayaña'];Jaljayaña, maya sapata, kucha kucha khuchunuqaña, q'llunuqaña, phachjaña, t'aqjaña, wikhjaña.
taxonomic-collective;['kitula'];Kitula, suni thaya tuqina jakasiri sallqa jisk'a khullkhutiya jamach'ï.
taxonomic-collective;['qhurukutu', 'zenaida'];Qhurukutu, jisk'a chupika nayrani kitula.
taxonomic-collective;['allqamari', 'accipiter'];Allqamari, jamach'i uywa.
technique;["isch'ukiña"];Isch'ukiñax ist'añatakiwa.
temporal-region;['autipacha'];Autipacha == Aruskipäwi == Panqara phaxsi Phanchiri == Juk'amp Jach'aq'achxat yatiyäwinaka == Commons katt'ana uñnaqa Autipacha.
temporal-region;['chichu phaxsi', 'chichu'];Chichu phaxsi
temporal-region;['chichu phaxsi', 'chichu'];Chichu phaxsi
temporal-region;['chichu phaxsi', 'chichu'];Chichu phaxsi
temporal-region;['jallu qallta phaxsi', 'jallu qallta'];Jallu qallta phaxsi, marana tunka payani phaxsipa, kimsatunka mayani uruniwa.
temporal-region;['jallu qallta phaxsi', 'jallu qallta'];Jallu qallta phaxsi, marana tunka payani phaxsipa, kimsatunka mayani uruniwa.
temporal-region;['llamayu phaxsi', 'qasïwi'];Llamayu phaxsi, Qasïwi phaxsi, marana phisqayri phaxsipa, kimsa tunka maya uruni, akïri phaxsinxa jaqinakaxa puquta yapunakapa utarkamawa apthapxapxi.
temporal-region;["llamp'u phaxsi"];Llamp'u phaxsi, marana llätunka phaxsipa, kimsa tunka uruni, sata qallta phaxsi.
temporal-region;['achuqa phaxsi', 'achuqa', 'chuqa'];Chuqa, marana kimsayri phaxsipawa, kimsa tunka mayani uruniwa.
temporal-region;['anata phaxsi'];Anata, marana payïri phaxsipa.
temporal-region;['thaya phaxsi', 'agustu', 'llumpaqa'];Thaya phaxsi, Llumpaqa phaxsi, aymaranakana machaqa mara phaxsi, panichasiña phaxsiwa.
temporal-region;['huillka kuti phaxsi', 'huillka kuti'];Huillka kuti phaxsi
temporal-region;['yapu apthapi phaxsi'];Yapu apthapi phaxsi, achuqa phaxsita qhipa phaxsi, llamayu phaxsita nayra phaxsi.
temporal-region;['juyphi phaxsi', "mara t'aqa"];Juyphi phaxsi, Mara t'aqa, marana suxtïri phaxsipa, kimsa tunka uruni.
temporal-region;['awti phaxsi', 'lapaka'];Awti phaxsi, Lapaka phaxsi, marana tunka mayani phaxsipa, kimsa tunka uruniwa.
temporal-region;['taypi sata phaxsi', 'chika sata'];Taypi sata phaxsi, Chika sata, marana tunkayri phaxsipa, kimsa tunka uruni, niya achunaka sata tukuyaña phaxsi.
temporal-region;['mara'];Mara, chinu phaxsi mayïri qallta uruta, jallu qallta phaxsi tukuya urukama pacha.
temporal-region;['phanchiri'];Phanchiri, yapu yapuchaña qallta phaxsinaka.
temporal-region;['aruma'];Aruma, jayp'u sujsata chika arumkama pacha.
temporal-region;['arumanthi', 'arumanti'];Arumanthi, jutiri chika arumata chika urukama pacha.
temporal-region;['qhipa'];Qhipa, jutiri pacha, jutiri urunaka, jutiri uruchhananaka phaxsinaka maranaka.
temporal-region;['panqara phaxsi'];Panqara phaxsi, thaya suyu tuqina jallu phaxsinakapa.
