activity;['๐๐๐๐ฟ๐ฑ๐ฐ๐ป๐ป๐ฐ', '๐๐๐๐ฟ๐ฑ๐ฐ๐ป๐ป๐ฟ๐'];รฐยยยรฐยยยรฐยยยรฐยยยฟรฐยยยฑรฐ
agentive-figure;['๐ฐ๐น๐๐๐๐๐น๐๐บ๐ฐ ๐ฟ๐ฝ๐พ๐', '๐ฐ๐น๐๐๐๐๐ฐ๐น๐๐บ๐ฐ ๐ฟ๐ฝ๐น๐', '๐ช๐บ'];รฐยยยรฐยยย รฐยยยฐรฐยยยนรฐยยยรฐยยยรฐยยยรฐยยยรฐย
agentive-figure;['๐๐๐น๐พ๐ฐ๐๐น๐ผ๐๐ด๐น๐ฝ๐'];รฐยยยรฐยยยรฐยยยนรฐยยยพรฐยยยฐรฐยยยรฐยยยนรฐยยยผรฐยยยรฐยยยดรฐยยยนรฐยยยฝรฐยยย รฐยยยธรฐยยยฐรฐยยยฟ รฐยยยรฐยยยรฐยยยดรฐยยยนรฐยยยรฐยยยนรฐยยยผรฐยยยรฐยยยดรฐยยยนรฐยยยฝรฐยยย รฐยยยนรฐยยยรฐยยย รฐยยยรฐยยยนรฐยยยฝรฐยยยณ รฐยยยฟรฐยยยรฐยยยฐรฐยยยรฐยยยผรฐยยยฐรฐยยยรฐยยยบรฐยยยพรฐยยยฐรฐยยยน รฐยยยพรฐยยยฐ
agentive-figure;['๐น๐๐ป๐ฐ๐ผ'];รฐยยยนรฐยยยรฐยยยปรฐยยยฐรฐยยยผ รฐยยยนรฐยยยรฐยยย
agentive-figure;['๐ฒ๐ฒ๐ฒ๐ธ'];รฐยยยฒรฐยยยฐรฐยยยรฐยยยนรฐยยยรฐยยย รฐยยยธรฐยยยนรฐยยยถรฐยยย รฐยยยฒรฐยยยฐรฐยยยผรฐยยยฐรฐยยยนรฐยยยฝรฐยยยณรฐยยยฟรฐยยยธรฐยยยดรฐยยยนรฐยยยฝรฐยยยนรฐยยยรฐยยยบรฐยยยรฐยยยฝรฐยยย รฐยยยฒรฐยยยฐรฐยยยรฐยยยฐรฐยยยฟรฐยยยรฐยยยณรฐยยยนรฐยยยธรฐยยยนรฐยยยฟรฐยยยณรฐยยยฐรฐยยยรฐยยยฐรฐยยยนรฐยยยท
agentive-figure;['๐ฝ๐ฐ๐ถ๐น ๐ธ๐น๐ฟ๐ณ๐น๐๐บ๐ฐ๐ป๐ฐ๐ฝ๐ณ', '๐ฝ๐ฐ๐๐๐น ๐ธ๐น๐ฟ๐ณ๐น๐๐บ๐ฐ๐ป๐ฐ๐ฝ๐ณ'];รฐยยยฝรฐยยยฐรฐยยยรฐยยยรฐยยยน รฐยยยธรฐยยยนรฐยยยฟรฐยยยณรฐยยยนรฐยยยรฐยยยบรฐยยยฐรฐยยยปรฐยยยฐรฐยยยฝรฐยยยณ รฐยยยฐรฐยยยนรฐยยยธรฐยยยธรฐยยยฐรฐยยยฟ รฐยยยธรฐยยยรฐยยยนรฐยยยณรฐยยยพรฐยยยฐรฐยยยรฐยย
agentive-physical-object;['๐ฐ๐น๐ต๐ฐ๐น๐๐ฝ๐ฐ', 'aiqairna'];รฐยยยฐรฐยยยนรฐยยยตรฐยยยฐรฐยยยนรฐยยยรฐยยยฝรฐยยยฐรฐยยยฝรฐยยย รฐยยยผรฐยยยนรฐยยยธรฐยยยปรฐยยยนรฐยยยธรฐยยยพรฐยยยฟรฐยยย รฐยยยรฐยยยฐรฐยยยณรฐยยยรฐยยยดรฐยยยนรฐยยยฝรฐยยยฐรฐยย
agentive-physical-object;['๐ณ๐น๐ฟ๐'];Dius kinรพs waihtais libandeis ist.
agentive-physical-object;['๐ฒ๐ฐ๐๐ฐ๐ท๐ฝ๐พ๐ฐ', '๐๐น๐๐น๐๐ฐ๐ท๐ฝ๐พ๐ฐ๐ฝ๐ณ๐/witirahnjands'];รฐยยยฒรฐยยยฐรฐยยยรฐยยยฐรฐยยยทรฐยยยฝรฐยยยพรฐยยยฐ รฐยยยนรฐยยยรฐยยย รฐยยยรฐยยยฐรฐยยยรฐยยยรฐยยยฐ รฐยยยผรฐยยยนรฐ
agentive-physical-object;['๐ฑ๐ป๐๐ผ๐ฐ'];รฐยยยฑรฐยยยปรฐยยยรฐยยยผรฐยยยฐ รฐยยยนรฐยยยรฐยยย รฐยยยณรฐยยยฐรฐยยยนรฐยยยปรฐยยย รฐยยยรฐยยยปรฐยย
agentive-physical-object;['๐บ๐ฐ๐๐๐', '๐บ๐ฐ๐๐๐ฟ๐', 'felis silvestris catus'];รฐยยยรฐยยย รฐยยยบรฐยยยฐรฐยยยรฐยยยรฐยยย รฐยยยนรฐยยยรฐยยย รฐยยยณรฐยยยนรฐยยยฟรฐย
agentive-physical-object;['๐๐ฝ๐ฐ๐ฒ๐น๐ป๐'];รฐยยยรฐยยยฝรฐยยยฐรฐยยยฒรฐยยยนรฐยยยปรฐยยย รฐยยยนรฐยยยรฐยยย
agentive-physical-object;['๐ฐ๐ณ๐ณ๐พ๐ฐ๐บ๐๐ฐ๐ฝ', 'solanum melongena'];รฐยยยฐรฐยยยณรฐยยยณรฐยยยพรฐยยยฐรฐยยยฐรฐยยยบรฐยยยรฐยยยฐรฐยยยฝ รฐยยยนรฐยยยรฐ
agentive-physical-object;['๐ท๐๐ฐ๐ฑ๐ฝ๐', 'corvus corax'];รฐยยยทรฐยยยรฐยยยฐรฐยยยฑรฐยยยฝรฐยยย รฐยยยนรฐยยยรฐยยย รฐยยยรฐ
agentive-physical-object;['๐๐น๐ฒ๐๐', 'panthera tigris'];รฐยยยรฐยยยนรฐยยยฒรฐยยยรฐยยย รฐยยยนรฐยยย
agentive-physical-object;['๐ป๐ฐ๐ผ๐ฑ', 'ovis aries'];รฐยยยปรฐยยยฐรฐยยยผรฐยยยฑ รฐ
amount-of-matter;['๐บ๐ฐ๐๐ฐ'];รฐยยยบรฐยยยฐรฐยยยรฐยยยฐ รฐยยยนรฐยยยรฐยยย รฐยยยรฐย
amount-of-matter;['๐๐ฐ๐๐ฐ', '๐๐ฐ๐๐', 'hโo'];รฐยยยรฐยยยฐรฐยยยรฐยยย รฐยยยรฐยยยฐรฐยยยรฐยยยรฐยยยฐรฐยยยปรฐยยยฐรฐยยยฟรฐยยย, รฐยยยณรฐยยยฐรฐยยยฟรฐยยยฝรฐยยยนรฐยยยปรฐยยยฐรฐยยยฟรฐยยย รฐยยยฐรฐยยยฑรฐยยยฝ
amount-of-matter;['๐ผ๐น๐ป๐ฟ๐บ๐'];รฐยยยผรฐยยยนรฐยยยปรฐยยยฟรฐยยยบรฐยยย รฐยยยนรฐยยยรฐยยย รฐยยยรฐยยยปรฐยยยรฐยยยณรฐยยยฟรฐยยยรฐยยยรฐยยยรฐยยยผรฐย
amount-of-matter;['๐๐ด๐น๐ฝ'];รฐยยยรฐยยยดรฐยยยนรฐยยยฝ รฐยยยนรฐยยยรฐยยย รฐยยยณรฐยยยรฐยยยฐรฐยยยฒรฐยยยบ รฐยยยธ
amount-of-matter;['๐ผ๐น๐ณ๐ฟ๐'];รฐยยยผรฐยยยนรฐยยยณรฐยยยฟรฐยยย รฐยยยณรฐยยยรฐยยยฐรฐยยยฒรฐยยยบ รฐยยยนรฐยยยรฐยยย รฐยยยธ
amount-of-matter;['๐ผ๐น๐ป๐ฟ๐บ๐'];รฐยยยผรฐยยยนรฐยยยปรฐยยยฟรฐยยยบรฐยยย รฐยยยนรฐยยยรฐยยย รฐยยยรฐยยยปรฐยยยรฐยยยณรฐยยยฟรฐยยยรฐยยยรฐยยยรฐยยยผรฐย
biological-object;['๐๐ฟ๐ฒ๐ฒ๐'];รฐยยยรฐยยยฟรฐยยยฒรฐยยยฒรฐยยย รฐยยยนรฐยยยรฐยยย รฐยยยณรฐยยยฐรฐยยยนรฐยยยปรฐยยย รฐย
biological-object;['๐ฑ๐ป๐๐ผ๐ฐ'];รฐยยยฑรฐยยยปรฐยยยรฐยยยผรฐยยยฐ รฐยยยนรฐยยยรฐยยย รฐยยยณรฐยยยฐรฐยยยนรฐยยยปรฐยยย รฐยยยรฐยยยปรฐยย
biological-object;['๐๐๐๐ฟ๐'];รฐยยยรฐยยยรฐยยยรฐยยยฟรฐยยย รฐยยยนรฐยยยรฐยยย รฐยยยปรฐยย
biological-object;['๐ฐ๐ฟ๐ฒ๐'];รฐยยยฐรฐยยยฟรฐยยยฒรฐยยยรฐยยยฝรฐยยยฐ รฐย
functional-matter;['๐บ๐ฐ๐๐ฐ'];รฐยยยบรฐยยยฐรฐยยยรฐยยยฐ รฐยยยนรฐยยยรฐยยย รฐยยยรฐย
functional-matter;['๐บ๐น๐ฒ๐ฒ๐๐ฐ๐ต๐น๐ธ๐', 'kiggwaqiรพo'];รฐยยยบรฐยยยนรฐยยยฒรฐยยยฒรฐยยยรฐยยยฐรฐยยยตรฐยยยนรฐยยยธรฐยยย รฐย
functional-matter;['๐๐๐ฐ๐ผ๐ผ๐'];รฐยยยรฐยยยรฐยยยฐรฐยยยผรฐยยยผรฐยยย รฐยยยนรฐยยยรฐยยย รฐยยยรฐยยยฐรฐ
functional-matter;['๐บ๐น๐ฒ๐ฒ๐๐ฐ๐ต๐น๐ธ๐', 'kiggwaqiรพo'];รฐยยยบรฐยยยนรฐยยยฒรฐยยยฒรฐยยยรฐยยยฐรฐยยยตรฐยยยนรฐยยยธรฐยยย รฐย
functional-matter;['๐ผ๐น๐ป๐ฟ๐บ๐'];รฐยยยผรฐยยยนรฐยยยปรฐยยยฟรฐยยยบรฐยยย รฐยยยนรฐยยยรฐยยย รฐยยยรฐยยยปรฐยยยรฐยยยณรฐยยยฟรฐยยยรฐยยยรฐยยยรฐยยยผรฐย
functional-matter;['๐๐๐พ๐'];รฐยยยรฐยยยรฐยยยพรฐยยย, รฐยยยทรฐยยยฐรฐยยยนรฐยยยรฐยยยฐรฐยยยฝรฐยยยฐ รฐยยยพรฐยยยฐรฐยยยท "รฐยย
functional-matter;['๐๐ด๐น๐ฝ'];รฐยยยรฐยยยดรฐยยยนรฐยยยฝ รฐยยยนรฐยยยรฐยยย รฐยยยณรฐยยยรฐยยยฐรฐยยยฒรฐยยยบ รฐยยยธ
functional-matter;['๐ผ๐น๐ผ๐ถ๐ฐ๐บ๐๐ฟ๐๐๐'];รฐยยยผรฐยยยนรฐยยยผรฐยยยถรฐยยยฐรฐยยยบรฐยยยรฐยยยฟรฐยยยรฐยยยรฐยยยรฐยยย รฐยยยรฐยยยนรฐยยยฝรฐยยยณ รฐยยยปรฐยยยดรฐยยยนรฐยยยรฐยยยนรฐยยยปรฐยยยฐรฐยยยน รฐยยยฑรฐ
functional-matter;['๐ผ๐น๐ณ๐ฟ๐'];รฐยยยผรฐยยยนรฐยยยณรฐยยยฟรฐยยย รฐยยยณรฐยยยรฐยยยฐรฐยยยฒรฐยยยบ รฐยยยนรฐยยยรฐยยย รฐยยยธ
functional-matter;['๐ผ๐น๐ป๐ฟ๐บ๐'];รฐยยยผรฐยยยนรฐยยยปรฐยยยฟรฐยยยบรฐยยย รฐยยยนรฐยยยรฐยยย รฐยยยรฐยยยปรฐยยยรฐยยยณรฐยยยฟรฐยยยรฐยยยรฐยยยรฐยยยผรฐย
functional-matter;['๐๐ฟ๐๐ฐ๐บ๐ฐ๐ฟ๐ป๐น๐', 'sauerkraut'];รฐยยยรฐยยยฟรฐยยยรฐยยยฐรฐยยยบรฐยยยฐรฐยยยฟรฐยยยปรฐยยยนรฐยยย รฐยยยรฐยยยฐรฐยยยปรฐย
functional-matter;['๐๐ฐ๐ฟ๐๐บ๐ฐ๐ฟ๐๐ฝ'];รฐยยยรฐยยยฐรฐยยยฟรฐยยยรฐยยยบรฐยยยฐรฐยยยฟรฐยยยรฐยยยฝ รฐย
functional-matter;['๐๐ด๐ผ๐ฐ'];รฐยยยรฐยยยดรฐยยยผรฐยยยฐ รฐยยยฐรฐยยยนรฐยยยธรฐยยยธรฐยยยฐรฐยยยฟ รฐยยยรฐยยยรฐยยยฐรฐยยยนรฐยย รฐยยยนรฐยยยรฐยยย รฐยยยตรฐยยยนรฐย
geographical-object;['๐๐ฟ๐ฝ๐ธ๐๐ฐ ๐ฐ๐ผ๐ด๐๐น๐บ๐ฐ', '๐๐ฟ๐ฝ๐ธ๐๐ฐ ๐๐ด๐น๐ฝ๐ฐ๐ป๐ฐ๐ฝ๐ณ'];รฐยยยรฐยยยฟรฐยยยฝรฐยยยธรฐยยยรฐยยยฐ รฐยยยฐรฐ
geographical-object;['๐๐ฐ๐นฬ๐๐ฐ'];รฐยยยรฐยยยฐรฐยยยนฬรฐยยยรฐยยยฐ รฐยยยฐรฐยยยธรฐยยยธรฐยยยฐรฐยยยฟ รฐยยยธรฐยยยนรฐยยยฟรฐยยยณรฐยยยฐรฐยยยรฐยยยฐรฐยยยปรฐยยยณรฐยยยฟรฐยยยรฐยยยฝรฐ
geographical-object;['๐๐บ๐ด๐ฐ๐ฝ๐น๐ฐ'];รฐยยยรฐยยยบรฐยยยดรฐยยยฐรฐยยยฝรฐยย
geographical-object;['๐๐ฐ๐น๐ฝ'];รฐยยยรฐยยยฐรฐยยยนรฐยยยฝ รฐยยยนรฐยยยรฐยยย รฐย
geographical-object;['๐ผ๐น๐๐๐น๐๐๐น๐๐๐ด๐น'];รฐยยยผรฐยยยนรฐยยยรฐยยยรฐยยยนรฐยยยรฐยยยรฐยยยนรฐยยยรฐยยยรฐ
geographical-object;['๐ฐ๐ผ๐ฐ๐ถ๐๐ฝ๐ฐ'];รฐยยยฐรฐยยยผรฐยยยฐรฐยยยถรฐยยยรฐยยยฝรฐยยยฐ รฐยยยนรฐยยยรฐยยย
geographical-object;['๐บ๐ฐ๐๐ด๐ป๐พ๐ฐ'];รฐยยยบรฐยยยฐรฐยยยรฐยยยดรฐยยยปรฐยยยพรฐยยยฐ รฐ
geographical-object;['๐บ๐๐ด๐น๐ผ', '๐๐น๐ป๐ฑ๐ฐ๐๐๐น๐ฟ๐๐ฐ๐ฝ๐ณ๐ด๐น ๐ธ๐น๐ฟ๐ณ๐ฐ๐๐ฐ๐น๐ท๐๐ ๐บ๐๐ด๐น๐ผ๐น๐'];รฐยยยบรฐยยยรฐยยยดรฐยยยนรฐยยยผ รฐยยยนรฐยยยรฐยยย รฐยยยรฐยยยนรฐยยยปรฐยยยฑรฐยย
geographical-object;['๐ฐ๐ฝ๐๐ฐ๐๐บ๐๐น๐บ๐ฐ'];รฐยยยฐรฐยยยฝรฐยยยรฐยยยฐรฐยยยรฐยยยบรฐยยยรฐยยยนรฐยยยบรฐยยยฐ รฐยยยฐรฐยยยนรฐยย
geographical-object;['๐ผ๐น๐บ๐น๐ป๐ฐ ๐ฑ๐๐น๐๐ฐ๐ฝ๐พ๐ฐ'];รฐยยยผรฐยยยนรฐยยยบรฐยยยนรฐยยยปรฐยยยฐ รฐยยยฑรฐยยยรฐยยยนรฐยยยรฐยยยฐรฐยยยฝรฐย
geographical-object;['๐ฐ๐ผ๐ด๐๐น๐บ๐ฐ'];รฐยยยฐรฐยยยผรฐยยยดรฐยยยรฐยยยนรฐยย
information-object;['๐๐ฐ๐น๐บ๐ฝ๐'];รฐยยยรฐยยยฐรฐยยยนรฐยยยบรฐยยยฝ รฐยยยนรฐยยยรฐยยย รฐยยยรฐยยยฐรฐยยยฟรฐยยยรฐยยยณ, รฐยยยรฐยยยฐรฐยยยนรฐยยยทรฐยยยรฐยยย รฐยยยฐรฐ
information-object;['๐ผ๐ฐ๐ฝ๐ฐ๐ฒ๐๐ฐ๐ป๐ธ๐ด๐น', '๐๐น๐ป๐ฟ๐๐ฐ๐ธ๐พ๐'];รฐยยยรฐยยย รฐยยยผรฐยยยฐรฐยยยฝรฐยยยฐรฐยยยฒรฐยยยรฐยยยฐรฐยยยปรฐยยยธรฐยยยด
information-realization;['๐น๐ป๐น๐ฐ๐'];รฐยยยนรฐยยยปรฐยยยนรฐยยยฐรฐยยย รฐยยยนรฐยยย
information-realization;['๐ธ๐ฐ๐๐ฐ ๐น๐ฝ๐๐ฐ๐น๐๐ฝ๐ฐ๐๐๐พ๐๐ฝ๐ฐ๐ป๐', 'intairnatsjonalo'];รฐยยยฐรฐยยยปรฐยยยปรฐยยยฐรฐยยยธรฐยยยนรฐยยยฟรฐยยยณรฐยยยฐรฐยยยรฐยยยฐรฐยยยฒรฐยยยฒรฐยยยรฐยยย รฐยยยฐรฐยยยนรฐยยยธรฐยยยธรฐยยยฐรฐยยยฟ รฐยยยนรฐยยยฝรฐยยยรฐยยยฐรฐยยยน
information-realization;['๐๐ฐ๐ฒ๐ฒ๐๐ด๐น๐'];รฐยยยรฐยยยฐรฐยยยฒรฐยยยฒรฐยยยรฐยยยดรฐยยยนรฐยยย รฐยยยรฐ
information-realization;['๐๐ฐ๐พ๐ฐ๐ผ๐ด๐๐ด๐น'];รฐยยยรฐยยยฐรฐยยยพรฐยยยฐรฐยยยผรฐยยยดรฐยยยรฐยยยดรฐยยยน รฐยยยนรฐยยยรฐยยย รฐยยยฐรฐยยยฝรฐยยยณรฐยยยฑรฐยยยด
information-realization;['๐ฐ๐น๐๐ฐ๐ฒ๐ฒ๐ด๐ป๐พ๐', '๐ฐ๐น๐๐ฐ๐ฒ๐ฒ๐ด๐ป๐พ๐/aiwaggeljo'];รฐยยยฐรฐยยยนรฐยยยรฐยยยฐรฐยยยฒรฐยยยฒรฐยยยดรฐยยยปรฐยยยพรฐยยย รฐยยยนฬรฐยยยรฐยยย รฐยยยรฐยยยดรฐยยยนรฐยยยรฐยยยรฐยยยรฐยย
information-realization;['๐ฐ๐น๐๐ฐ๐ฒ๐ฒ๐ด๐ป๐พ๐ ๐ธ๐ฐ๐น๐๐ท ๐ผ๐ฐ๐๐ธ๐น๐ฐ๐ฟ ๐ฐ๐ฝ๐ฐ๐๐๐๐ณ๐ด๐น๐ธ'];รฐยยยฐรฐยยยนรฐยยยรฐยยยฐรฐยยยฒรฐยยยฒรฐยยยดรฐยยยปรฐยยยพรฐยยย รฐยยยธรฐยยยฐรฐยยยนรฐยยยรฐยยยท รฐยยยผรฐยยยฐรฐยยยรฐยยยธรฐยยยนรฐยยยฐรฐยยยฟ รฐยยยฐ
language;['๐พ๐น๐ณ๐น๐๐บ๐ฐ๐๐ฐ๐ถ๐ณ๐ฐ'];รฐยยยพรฐยยยนรฐยยยณรฐยยยนรฐยยยรฐยยยบรฐยยยฐรฐยยยรฐยยยฐรฐยยยถรฐยยยณรฐยยยฐ รฐยยยนรฐยย
language;['๐๐ฐ๐ฝ๐๐บ๐๐น๐๐ด๐๐ฐ๐ถ๐ณ๐ฐ'];รฐยยยรฐยยยฐรฐยยยฝรฐยยยรฐยยยบรฐยยยรฐยยยนรฐยยยรฐยยยดรฐยยยรฐยยยฐรฐยยยถรฐยยยณ
language;['๐ด๐๐๐ฐ๐น๐๐ฐ๐ฝ๐๐', '๐ฐ๐น๐๐๐ฐ๐น๐๐ฐ๐ฝ๐๐'];รฐยยยฐรฐยยยนรฐยยยรฐยยยรฐยยยฐรฐยยยนรฐยยยรฐยยยฐรฐยยยฝรฐยยยรฐยยย รฐยยยน
language;['๐ฐ๐ฟ๐๐๐๐ฐ๐ฒ๐ฐ๐น๐๐ผ๐ฐ๐ฝ๐น๐๐บ๐๐ ๐๐ฐ๐ถ๐ณ๐๐'];รฐยยยธรฐยยยรฐยยย รฐยยยฐรฐยยยฟรฐยยยรฐยยยรฐยยยรฐยยยฐรฐยยยฒรฐยยยฐรฐยยยนรฐยยยรฐยยยผรฐยยยฐรฐยยยฝรฐยยยนรฐยยยรฐยยยบรฐยยยรฐยยยฝรฐยยย รฐยยยรฐยยยฐรฐยยยถรฐยยยณรฐยยยรฐยยย รฐยยยรฐยยยนรฐยยยฝรฐยยยณ รฐยยยฒรฐยยยฐรฐยยยรฐยยยรฐยยยฟรฐยยยปรฐยยยรฐยยยฐรฐยยยฝรฐยยยรฐยยย รฐยยยฒรฐยยยฐรฐยยยนรฐยยยรฐยยยผรฐยยยฐรฐยยยฝ
language;['๐ฐ๐ฒ๐ฒ๐น๐ป๐ฐ๐๐ฐ๐ถ๐ณ๐ฐ', 'aggilarazda', '๐ฐ๐ฒ๐ฒ๐น๐ป๐น๐๐บ๐ฐ ๐๐ฐ๐ถ๐ณ๐ฐ', '๐ฐ๐ฒ๐ฒ๐น๐ป๐น๐๐บ๐'];รฐยยยฐรฐยยยฒรฐยยยฒรฐยยยนรฐยยยปรฐยยยฐรฐยยยรฐยยยฐรฐยยยถรฐยยยณรฐยยยฐ รฐยยยนรฐยยยรฐยยย รฐยยยรฐยยยนรฐยยยรฐยยยรฐยยยรฐยยยฐรฐยยยฒรฐยยยฐรฐย
language;['๐ป๐ฐ๐๐น๐ฝ๐น๐๐บ๐ฐ๐๐ฐ๐ถ๐ณ๐ฐ'];รฐยยยปรฐยยยฐรฐยยยรฐยยยนรฐยยยฝรฐยยยนรฐยยยรฐยยยบรฐยยยฐ รฐยยยรฐยยยฐรฐยยยถรฐยยยณรฐยยยฐ รฐยยยนรฐยยยรฐยยย รฐยยยนรฐยยยฝรฐยยยณรฐยยยรฐย
language;['๐ท๐ฐ๐น๐ฑ๐๐ฐ๐น๐๐บ๐ฐ๐๐ฐ๐ถ๐ณ๐ฐ', '๐ท๐ฐ๐ฑ๐๐ฐ๐น๐น๐๐บ๐ฐ ๐๐ฐ๐ถ๐ณ๐ฐ', '๐ท๐ฐ๐น๐ฑ๐๐ฐ๐น๐๐บ๐'];รฐยยยทรฐยยยฐรฐยยยฑรฐยยยรฐยยยฐรฐยยยนรฐยยยนรฐยยยรฐยยยบรฐยยยฐ รฐยยยรฐยยยฐรฐยยยถรฐยยยณรฐยยยฐ รฐยยยนรฐยยยรฐยยย รฐยยยรฐยยยฐรฐยยยถรฐยยยณรฐยยยฐ รฐยยยรฐยยยดรฐยยยน รฐยยยรฐยยยรฐยยยณ
language;['๐บ๐น๐ธ๐น๐๐บ', '๐๐น๐ฝ๐ฐ๐๐ฐ๐ถ๐ณ๐ฐ'];รฐยยยบรฐยยยนรฐยยยธรฐยยยนรฐยยยรฐยยยบรฐยยยฐ รฐยยยรฐยยยฐรฐยยยถรฐยยยณรฐยยยฐ รฐยยยฟรฐยยย รฐยยยบรฐยยยดรฐยยยนรฐยยยฝรฐยยยนรฐยยยรฐยยยบรฐยยยฐ รฐยยยรฐยยยฐรฐยยยถรฐยยยณรฐยยยฐ รฐยยยนรฐยยยรฐยยย
language;['๐บ๐ฐ๐ฝ๐๐น๐๐บ'];รฐยยยบรฐยยยฐรฐยยยฝรฐยยยรฐยยยนรฐยยยรฐยยยบ รฐยยยผรฐยยยฟรฐยยยฝรฐยยยธรฐยยยฐรฐยยยรฐยยยนรฐยยยรฐยยยรฐยยย รฐยยยบรฐยยยนรฐย
language;['๐ฝ๐น๐ฟ๐พ๐ฐ๐บ๐๐ด๐บ๐น๐๐บ๐ฐ๐๐ฐ๐ถ๐ณ๐ฐ', '๐บ๐๐ด๐บ๐ฐ๐๐ฐ๐ถ๐ณ๐ฐ', '๐บ๐๐ด๐บ๐น๐๐บ๐ฐ', '๐บ๐๐ด๐บ๐น๐๐บ๐ฐ ๐๐ฐ๐ถ๐ณ๐ฐ', '๐๐ฐ๐น๐๐ฝ๐พ๐ฐ๐บ๐๐ด๐บ๐น๐๐บ๐ฐ ๐๐ฐ๐ถ๐ณ๐ฐ'];รฐยยยฝรฐยยยนรฐยยยฟรฐยยยพรฐยยยฐรฐยยยบรฐยยยรฐ
language;['๐๐ผ๐ฐ๐น๐๐น๐๐บ'];รฐยยยรฐยยยผรฐยยยฐรฐยยยนรฐยยยรฐยยยนรฐยยยรฐยยยบ รฐยยยรฐยย
language;['๐ท๐ด๐น๐๐๐ฐ๐ฝ๐พ๐ฐ๐๐ฐ๐ถ๐ณ๐ฐ', '๐ท๐ด๐น๐๐๐ฐ๐ฝ๐๐บ๐/heispansks'];รฐยยยทรฐยยยดรฐยยยนรฐยยยรฐยยยรฐยยยฐรฐยยยฝรฐยยยพรฐย
language;['๐ฐ๐๐ฐ๐ฑ๐น๐๐บ๐', '๐ฐ๐๐ฐ๐ฑ๐น๐๐บ๐ฐ ๐๐ฐ๐ถ๐ณ๐ฐ', 'arabisks', '๐ฐ๐๐ฐ๐ฑ๐น๐๐บ๐ฐ๐๐ฐ๐ถ๐ณ๐ฐ'];รฐยยยฐรฐยยยรฐยยยฐรฐยยยฑรฐยยยนรฐยยยรฐยยยบรฐยยยฐรฐยยยรฐยยยฐรฐยยยถรฐยยยณรฐยยยฐ รฐยยยนรฐยยยรฐยยย รฐยยยรฐยยยฐรฐยยยถรฐยยยณรฐยยยฐ รฐยยยรฐยยยดรฐยยยน รฐยยยฟรฐยยยรฐยยยผรฐยยยดรฐยยยรฐยยยฝรฐยยยรฐยยยณรฐยยยฐ
language;['๐๐ฟ๐๐ฐ๐๐ฐ๐ถ๐ณ๐ฐ'];รฐยยยรฐยยยฟรฐยยยรฐยยยฐรฐยยยรฐยยยฐรฐยย
locative-role;['๐ฐ๐น๐ณ๐น๐๐ฝ๐ฐ๐น'];รฐยยยฐรฐยยยนรฐยยยณรฐยยยนรฐยยยรฐยยยฝรฐยยยฐรฐยย
locative-role;['๐ป๐ฐ๐ฟ๐ ๐ด๐ฝ๐ณ๐ถ๐พ๐ฐ๐น๐ป๐ฐ๐น๐', '๐ป๐๐ ๐ฐ๐ฒ๐ฒ๐ด๐ป๐ฐ๐น๐'];รฐยยยปรฐยยยรฐยยย รฐยยยฐรฐยยยฒรฐยยยฒรฐยยยดรฐยยยปรฐยยยฐรฐยยยนรฐยยย รฐยยยนรฐ
locative-role;['๐ผ๐ฐ๐น๐บ๐บ๐ฐ'];รฐยยยผรฐยยยฐรฐยยยนรฐยยยบรฐยยยบรฐยยยฐ, รฐยยยฟรฐยยย รฐยยยผรฐยย
locative-role;['๐ผ๐ฟ๐ฝ๐ฐ๐บ๐'];รฐยยยผรฐยยยฟรฐยยยฝรฐยยยฐรฐยยยบรฐยยย รฐยย
locative-role;['๐ป๐ด๐น๐๐น๐ป๐ฐ๐๐ฐ ๐ฑ๐๐ฐ๐น๐๐ป๐ฐ๐ฝ๐ณ', '๐ป๐ด๐น๐๐น๐ป๐ฐ๐๐ฐ ๐ฑ๐๐ด๐๐ป๐ฐ๐ฝ๐ณ'];รฐยยยปรฐยยยดรฐยยยนรฐยยยรฐยยยนรฐยยยปรฐยยยฐรฐยยยรฐยยยฐ รฐยยยฑรฐยยยรฐยยยฐรฐยยยนรฐ
locative-role;['๐๐ฐ๐น๐๐ฑ๐พ๐ฐ'];รฐยยยรฐยยยฐรฐยยยนรฐยยยรฐยยยฑรฐยยยพรฐยยยฐ
locative-role;['๐๐ด๐น๐ฝ๐ฐ๐ฒ๐ฐ๐๐ณ๐'];รฐยยยรฐยยยดรฐยยยนรฐยยยฝรฐยยยฐรฐยยยฒรฐยยยฐรฐยยยรฐยยยณรฐยยย รฐยยยนรฐยยยรฐยยย รฐยยยผรฐยยยนรฐยยยธ รฐยยยฐรฐยยยบรฐยยยรฐยยยฐ
locative-role;['๐๐ฐ๐ฝ๐ณ๐ฐ๐ป๐น๐๐พ๐ฐ', '๐๐ฐ๐ฝ๐ณ๐ฐ๐ป๐น๐๐พ๐ฐ/wandalitja'];รฐยยยรฐยยยฐรฐยยยฝรฐยยยณรฐยยยฐรฐยยยปรฐยยยนรฐยยยรฐยยยพรฐยยยฐ, รฐยยยรฐยยยฐรฐยย
locative-role;['๐น๐ฝ๐ณ๐พ๐ฐ๐บ๐น๐ธ๐ฐ'];รฐยยยนรฐยยยฝรฐยยยณรฐยยยพรฐยยยฐรฐยยยบรฐยยยนรฐยยยธรฐยยยฐ รฐยย
locative-role;['๐ป๐น๐๐๐ฐ๐ฝ๐พ๐ฐ'];รฐยยยปรฐยยยนรฐยยยรฐยยยรฐยยยฐรฐยยยฝรฐยยยพรฐยยยฐ (รฐยยยปรฐยยยนรฐยยยรฐยยยรฐยยยฐรฐยยยฝรฐยยยนรฐยยยรฐยยยบรฐย
locative-role;['๐ด๐น๐ฐ๐น๐๐ด๐น๐บ๐', '๐น๐ฐ๐น๐๐น๐บ๐', '๐น๐ฐ๐น๐๐ด๐น๐บ๐'];รฐยยยดรฐยยยนรฐยยยฐรฐยยยนรฐยยยรฐยยยดรฐยยยนรฐยยยบรฐยยย รฐยยยนรฐยยยรฐยยย รฐยยยฑ
locative-role;['๐ฐ๐ฟ๐ธ๐น๐ณ๐ฐ'];รฐยยยฐรฐยยยฟรฐยยยธรฐยยยนรฐยยยณรฐยยยฐ รฐยยยนรฐยยยรฐยยย รฐยยยปรฐยยยฐรฐยยยฝรฐยยยณ รฐยยยธรฐยยยฐรฐยยยรฐยยยดรฐยยยน รฐยยยรฐยยยฐรฐยยยฟรฐยยย รฐยยยณรฐยยยฐรฐยยยนรฐยยยป รฐยยยฒรฐยยยฐรฐยยยทรฐยยยฟรฐยยยปรฐยยยนรฐยยยธ รฐยยยนรฐยยยรฐยยย รฐยยยผรฐยยยนรฐยยยธ
locative-role;['๐๐พ๐น๐บ๐ฐ๐ฒ๐', '๐๐๐พ๐น๐บ๐ฐ๐ฒ๐', 'chicago'];รฐยยยรฐยยยพรฐยยยนรฐยยยบรฐยยยฐรฐยยยฒรฐยยย รฐยยยนรฐยยยรฐยยย รฐยยยผรฐยยยฐรฐยยยนรฐยยยรฐยยยรฐยยย รฐยยยฑรฐยยยฐรฐยยยฟรฐยยย
locative-role;['๐๐ฐ๐ป๐ท๐ฐ๐ป๐ฐ๐ฝ๐ณ'];รฐยยยรฐยยยฐรฐยยยปรฐยยยทรฐยยยฐรฐยยยปรฐยยยฐรฐยยยฝรฐยยยณ รฐยยยรฐยยยฐรฐยยยผรฐยยยฐรฐยยยฝรฐยยยฐ รฐยยยผรฐยยยนรฐยยยธ รฐยยยรฐยยยบรฐยยยฐรฐยยยฟรฐ
locative-role;['๐ผ๐น๐ณ๐พ๐น๐ ๐ฐ๐ฟ๐๐๐๐ฐ'];รฐยยยรฐยยยฐ รฐยยยผรฐยยยนรฐยยยณรฐยยยพรฐยยยนรฐยย
locative-role;['๐ฑ๐ฐ๐ป๐๐ฐ๐๐ฐ๐น๐๐', 'valparaiso'];รฐยยยฑรฐยยยฐรฐยยยปรฐยยยรฐยยยฐรฐยยยรฐยยยฐรฐยยยนรฐย
locative-role;['๐ธ๐น๐ฟ๐ณ๐ฐ๐ฝ๐ฒ๐ฐ๐๐ณ๐น'];รฐยยยธรฐยยยนรฐยยยฟรฐยยยณรฐยยยฐรฐยยยฝรฐยยยฒรฐยยยฐรฐยยยรฐยยยณรฐยยยน รฐยยยนรฐย
locative-role;['๐๐น๐ฐ๐ฟ ๐ณ๐ฐ๐น ๐น๐ฐ๐ฝ๐ฐ๐น๐๐ฐ๐ฟ', 'rio de janeiro'];รฐยยยรฐยยยนรฐยยยฐรฐยยยฟ รฐยยยณรฐยยยฐรฐยยยน รฐยยยนรฐยยยฐรฐ
locative-role;['๐น๐๐๐ฐ๐ฝ๐ฑ๐ฟ๐ป', 'istanbul'];รฐยยยนรฐยยยรฐยยยรฐยยยฐรฐยยยฝรฐยยยฑรฐยยยฟรฐยยยป รฐยยยฐรฐยยยนรฐยยยธรฐยยยธรฐยยยฐรฐยยยฟ รฐยยยดรฐยยยนรฐยยยรฐยยยรฐยยยฐรฐยยยผรฐยยยฑรฐยยยรฐยยยป (รฐยยยรฐยยยฐรฐยยยฟรฐยยยรฐยยยบรฐยยยนรฐยยยรฐยยยบรฐยยยฐ: ฤฐstanbul,
locative-role;['๐ฝ๐น๐ฟ ๐น๐ฐ๐ฟ๐๐บ'];รฐยยยฝรฐยยยนรฐยยยฟ รฐยยยนรฐยยยฐรฐยยยฟรฐยยยรฐยยยบ รฐยยยนรฐยย
locative-role;['๐๐น๐ป๐ฐ๐ณ๐ฐ๐น๐ป๐๐พ๐ฐ', '๐๐น๐ป๐ฐ๐ณ๐ด๐ป๐๐พ๐ฐ'];รฐยยยรฐยยยนรฐยยยปรฐยยยฐรฐยยยณรฐยยยฐรฐยยยนรฐยยยปรฐยยยรฐยยยพรฐยยยฐ รฐยยยนรฐยยยรฐยยย รฐยยยผรฐยยยฐรฐยยยนรฐยยยรฐยยยรฐยยย รฐยยยฑรฐยยยฐ
non-physical-collection;['๐ฐ๐ฝ๐ณ๐ฐ๐ท๐ฐ๐น๐ ๐ธ๐น๐ ๐ฝ๐น๐บ๐ฐ๐น๐ฐ๐'];รฐยยยฐรฐยยยฝรฐยยยณรฐยยยฐรฐยยยทรฐยยยฐรฐยยยนรฐยยย รฐยยยธรฐยยยนรฐยยย
non-physical-collection;['๐ฒ๐ฐ๐ป๐ฐ๐ฟ๐ฑ๐ด๐น๐ฝ๐'];รฐยยยฒรฐยยยฐรฐยยยปรฐยยยฐรฐยยยฟรฐยยยฑรฐยยยดรฐยยยนรฐยยยฝรฐยยย รฐยยยนรฐยยยรฐยยย รฐยยยฐรฐยยยฝรฐยยยณรฐยยยฐรฐยยยฝรฐยยยฟรฐยยยผรฐยยยรฐยยย รฐยยยธรฐยยยฐรฐยยยรฐ
non-physical-collection;['๐ท๐ฐ๐น๐ธ๐ฝ๐ฐ๐ณ๐๐ผ๐', '๐ท๐ฐ๐น๐ธ๐ฝ๐ฐ๐ฒ๐ฐ๐ป๐ฐ๐ฟ๐ฑ๐ด๐น๐ฝ๐'];รฐยยยทรฐยยยฐรฐยยยนรฐยยยธรฐยยยฝรฐยยยฐรฐยยยฒรฐยยยฐรฐยยยปรฐยยยฐรฐยยยฟรฐยยยฑรฐยยยดรฐยยยนรฐยยยฝรฐยยย รฐยยยนรฐยยยรฐยยย รฐยยยฒรฐยยยฐรฐยยยปรฐยยยฐรฐยยยฟรฐยยยฑรฐยยยดรฐยยยนรฐยยยฝรฐยยย รฐยยยฐรฐยยยนรฐยยยรฐยยยธรฐยยยฐรฐยยยบรฐยยยรฐ
non-physical-collection;['๐๐น๐ฝ๐๐'];รฐยยยรฐยยยนรฐยยยฝรฐยยยรฐยยย รฐยยยฐรฐยยยนรฐยยยธรฐยยยธรฐยยยฐรฐยยยฟ รฐยยยบรฐยยยฐรฐยยยผรฐยยยนรฐยย
non-physical-collection;['๐น๐๐ป๐ฐ๐ผ'];รฐยยยนรฐยยยรฐยยยปรฐยยยฐรฐยยยผ รฐยยยนรฐยยยรฐยยย
physical-body;['๐ฐ๐น๐๐ธ๐ฐ', 'earth', '๐ผ๐น๐ณ๐พ๐ฟ๐ฝ๐ฒ๐ฐ๐๐ณ๐'];รฐยยยฐรฐยยยนรฐยยยรฐยยยธรฐยยยฐ รฐยยยนรฐยยยรฐยยย รฐยยยรฐยยย รฐ
physical-body;['๐๐๐ณ๐ฐ๐ฝ๐'];รฐยยยรฐยยยรฐยยยณรฐยยยฐรฐยยยฝรฐยยย รฐยยยนรฐยยยรฐยยย รฐยยยรฐยยย รฐยยยรฐยยยผรฐยยยฐรฐ
physical-object;['๐๐๐ฝ๐ฐ๐ฒ๐๐ฒ๐ด'];รฐยยยรฐยยยรฐยยยฝรฐยยยฐรฐยยยฒรฐยยยรฐยย
physical-object;['๐ฒ๐ฐ๐น๐'];รฐยยยฒรฐยยยฐรฐยยยนรฐยยย รฐยยยนรฐยยยรฐยยย รฐยยยรฐยยยฐรฐยยยนรฐยยยรฐยยยฝรฐยยยดรฐยยยนรฐยยย รฐยยยรฐย
physical-object;['๐ฐ๐๐๐ฐ๐ถ๐ฝ๐ฐ'];รฐยยยฐรฐยยยรฐยยยรฐยยยฐรฐยยยถรฐยยยฝรฐยยยฐ, รฐยยยพรฐยยยฐรฐยยยท รฐยยยฟรฐยยยรฐยยยรฐยย
physical-object;['๐ฐ๐ต๐น๐ถ๐น'];รฐยยยฐรฐยยยตรฐยยยนรฐยยยถรฐยยยน รฐยยยนรฐยยยรฐยยย รฐยยยรฐยยยฐรฐยยยรฐยยยรฐยย
physical-object;['๐๐ฐ๐น๐๐๐ฐ๐๐ฐ๐น๐๐ฐ๐ฝ'];รฐยยยธรฐยยยฐรฐยยยรฐยยยฐ รฐยยยรฐยยยฐรฐยยยนรฐยยยรฐยยยรฐยยยฐรฐยยยรฐยยยฐรฐยยยนรฐยยยรฐยยยฐรฐยยยฝ รฐยยยผรฐยยยฐรฐยยยรฐยยยรฐยย
physical-object;['๐ฐ๐น๐บ๐บ๐ป๐ด๐๐พ๐'];รฐยยยฐรฐยยยนรฐยยยบรฐยยยบรฐยยยปรฐยยยดรฐยยยรฐยยยพรฐยยย รฐยยยนรฐยยยรฐยยย รฐยยยฒรฐยยยฐรฐยยยรฐยยยนรฐยยยผรฐยยยรฐยยยดรฐยยยนรฐยยยฝรฐยย
physical-object;['๐๐๐ฝ๐ฐ๐ฒ๐๐ฒ๐ด'];รฐยยยรฐยยยรฐยยยฝรฐยยยฐรฐยยยฒรฐยยยรฐยย
political-geographic-object;['๐๐ฟ๐ผ๐ฐ๐ฝ๐พ๐ฐ'];รฐยยยรฐยย
political-geographic-object;['๐ฐ๐น๐ณ๐น๐๐ฝ๐ฐ๐น'];รฐยยยฐรฐยยยนรฐยยยณรฐยยยนรฐยยยรฐยยยฝรฐยยยฐรฐยย
political-geographic-object;['๐ป๐ฐ๐ฟ๐ ๐ด๐ฝ๐ณ๐ถ๐พ๐ฐ๐น๐ป๐ฐ๐น๐', '๐ป๐๐ ๐ฐ๐ฒ๐ฒ๐ด๐ป๐ฐ๐น๐'];รฐยยยปรฐยยยรฐยยย รฐยยยฐรฐยยยฒรฐยยยฒรฐยยยดรฐยยยปรฐยยยฐรฐยยยนรฐยยย รฐยยยนรฐ
political-geographic-object;['๐ผ๐ฐ๐น๐บ๐บ๐ฐ'];รฐยยยผรฐยยยฐรฐยยยนรฐยยยบรฐยยยบรฐยยยฐ, รฐยยยฟรฐยยย รฐยยยผรฐยย
political-geographic-object;['๐ฝ๐น๐ธ๐ด๐๐ฐ๐ป๐ฐ๐ฝ๐ณ', '๐ฝ๐น๐ธ๐๐ฐ๐ป๐ฐ๐ฝ๐ณ', 'niรพeraland', '๐ฝ๐น๐ธ๐ฐ๐น๐๐ฐ๐ป๐ฐ๐ฝ๐ณ'];รฐยยยฝรฐยยยนรฐยยยธรฐยยยรฐยยยฐรฐยยยปรฐยยยฐรฐยยยฝรฐยยยณ
political-geographic-object;['๐พ๐ฐ๐๐ฐ๐ฝ'];Japan is a country inn estasia.
political-geographic-object;['๐ผ๐ฟ๐ฝ๐ฐ๐บ๐'];รฐยยยผรฐยยยฟรฐยยยฝรฐยยยฐรฐยยยบรฐยยย รฐยย
political-geographic-object;['๐ผ๐ฐ๐ป๐ฐ๐น๐๐น๐ฐ', 'malaysia'];รฐยยยผรฐยยยฐรฐยยยปรฐยยยฐรฐยยยนรฐยยยรฐยยยนรฐยยยฐ รฐยยยปรฐยยยฐรฐ
political-geographic-object;['๐ฝ๐ฐ๐ผ๐น๐ฑ๐พ๐ฐ', '๐ฝ๐ฐ๐ผ๐น๐ฑ๐น๐ฐ'];รฐยยยฝรฐยยยฐรฐยยยผรฐยยยนรฐยยยฑรฐยยยพรฐยยยฐ
political-geographic-object;['๐ฐ๐ฒ๐ฒ๐น๐ป๐ฐ๐ป๐ฐ๐ฝ๐ณ'];รฐยยยฐรฐยยยฒรฐยยยฒรฐยยยนรฐยยยปรฐยยยฐรฐยยยปรฐยยยฐรฐยยยฝรฐยยยณ รฐยยยนรฐยยยรฐยยย รฐยยยธรฐยยยนรฐยยยฟรฐย
political-geographic-object;['๐ฒ๐ฒ๐ฒ๐ธ'];รฐยยยฒรฐยยยฐรฐยยยรฐยยยนรฐยยยรฐยยย รฐยยยธรฐยยยนรฐยยยถรฐยยย รฐยยยฒรฐยยยฐรฐยยยผรฐยยยฐรฐยยยนรฐยยยฝรฐยยยณรฐยยยฟรฐยยยธรฐยยยดรฐยยยนรฐยยยฝรฐยยยนรฐยยยรฐยยยบรฐยยยรฐยยยฝรฐยยย รฐยยยฒรฐยยยฐรฐยยยรฐยยยฐรฐยยยฟรฐยยยรฐยยยณรฐยยยนรฐยยยธรฐยยยนรฐยยยฟรฐยยยณรฐยยยฐรฐยยยรฐยยยฐรฐยยยนรฐยยยท
political-geographic-object;['๐ป๐ด๐น๐๐น๐ป๐ฐ๐ฑ๐ฐ๐ฟ๐๐ฒ๐'];รฐยยยปรฐยยยดรฐยยยนรฐยยยรฐยยยนรฐยยยปรฐยยยฐรฐยยยฑรฐยย
political-geographic-object;['๐ท๐ด๐น๐๐๐ฐ๐ฝ๐พ๐ฐ'];รฐยยยธรฐยยยนรฐยยยฟรฐยยยณรฐยยยฐรฐยยยฝรฐยยยฒรฐยยยฐรฐยยยรฐยยยณรฐยยยน รฐยยยทรฐยยยดรฐยยยนรฐยยยรฐยยยรฐยยยฐรฐยยยฝรฐยยยพรฐยยยรฐยยย, รฐยยยทรฐยยยดรฐยยยนรฐ
political-geographic-object;['๐ฝ๐น๐ฟ ๐ณ๐ด๐น๐ฐ๐น๐๐๐ด๐น', 'new jersey'];รฐยยยฝรฐยยยนรฐยยยฟ รฐยยยณรฐยยยดรฐยยยนรฐยยยฐรฐยยยนรฐยย
political-geographic-object;['๐น๐ป๐ป๐น๐ฝ๐๐ฐ', 'illinois', '๐น๐ป๐ป๐น๐ฝ๐ฐ๐ฟ๐พ', '๐น๐ป๐ป๐น๐ฝ๐๐น๐'];รฐยยยนรฐยยยปรฐยยยปรฐยยยนรฐยยยฝรฐยยยรฐยยยฐ รฐยยยนรฐยยยรฐยยย รฐยยยฒรฐยยยฐรฐยยยรฐยยยน
political-geographic-object;['๐น๐ป๐ป๐น๐ฝ๐๐ฐ', 'illinois', '๐น๐ป๐ป๐น๐ฝ๐ฐ๐ฟ๐พ', '๐น๐ป๐ป๐น๐ฝ๐๐น๐'];รฐยยยนรฐยยยปรฐยยยปรฐยยยนรฐยยยฝรฐยยยฐรฐยยยฟรฐยยยพ รฐยยยนรฐยยยรฐยยย รฐยยยฒรฐยยยฐรฐยยยรฐย
political-geographic-object;['๐ผ๐น๐ฝ๐ฝ๐ฐ๐น๐๐๐๐ฐ', 'minnesota'];รฐยยยผรฐยยยนรฐยยยฝรฐยยยฝรฐยยยฐรฐยยยนรฐยยยรฐยยยรฐ
political-geographic-object;['๐ผ๐น๐ถ๐ฟ๐๐ด๐น', 'missouri'];รฐยยยผรฐยยยนรฐยยยถรฐยยยฟรฐยยยรฐยยยดรฐยยยน รฐ
political-geographic-object;['๐ผ๐น๐๐พ๐น๐ฒ๐ฐ๐น๐ฝ', 'michigan'];รฐยยยผรฐยยยนรฐยยยรฐยยยพรฐยยยนรฐยยยฒรฐยยยฐรฐยยยน
political-geographic-object;['๐ฝ๐น๐ฑ๐๐ฐ๐น๐๐บ๐ฐ', '๐ฝ๐ฐ๐น๐ฑ๐๐ฐ๐๐บ๐ฐ', 'nebraska'];รฐยยยฝรฐยยยฐรฐยยยนรฐยยยฑรฐยยยรฐยยยฐรฐยยยรฐยยยบ
political-geographic-object;['๐ฑ๐ฐ๐น๐ป๐ฒ๐ฐ๐ป๐ฐ๐ฝ๐ณ'];รฐยยยฑรฐยยยฐรฐยยยนรฐยยยปรฐยยยฒรฐยยยฐรฐยยยปรฐยยยฐรฐยยยฝรฐยยยณ รฐยยยน
political-geographic-object;['๐ฐ๐๐ฒ๐ฐ๐ฝ๐น๐๐๐ฐ๐ฝ', '๐ฐ๐๐ฒ๐ท๐ฐ๐ฝ๐น๐๐๐ฐ๐ฝ', '๐ฑ๐ฐ๐บ๐๐๐น๐ฐ'];รฐยยยฐรฐยยยรฐยยยฒรฐยยยฐรฐยยยฝรฐยยยนรฐยยยรฐยยยรฐยยยฐรฐ
political-geographic-object;['๐ฐ๐ฟ๐๐๐๐ฐ๐ป๐ฐ๐ฝ๐ณ', '๐ฐ๐ฟ๐๐๐๐ฐ๐๐ด๐น๐บ๐น'];รฐยยยธรฐยยยนรฐยยยฟรฐยยยฝรฐยยยฒรฐยยยฐรฐยยยรฐยยยณรฐยยยน รฐยยยฐรฐยยยฟรฐยยยรฐยยยรฐยยยรฐยยยฐ
political-geographic-object;['๐บ๐ฐ๐ผ๐ฑ๐ฐ๐ฟ๐ณ๐ณ๐น'];รฐยยยบรฐยยยฐรฐยยยผรฐยยยฑรฐยยยฐรฐยยยฟรฐยยยณรฐยยยณรฐยยยน, รฐยยยฐรฐยยยฝรฐยยยณรฐยยยฑรฐยยยฐรฐยยยทรฐยยยรฐยยยพรฐย
political-geographic-object;['๐บ๐ฐ๐ฟ๐ฝ๐ฐ๐น๐๐ด๐น๐บ๐ฐ๐', 'connecticut'];รฐยยยบรฐยยยฐรฐยยยฟรฐยยยฝรฐยยยฐรฐยยยนรฐยยยรฐยยยดรฐยย
political-geographic-object;['๐ฑ๐ฟ๐๐ฐ', '๐ฑ๐ท๐ฟ๐๐ฐ๐ฝ'];รฐยยยฑรฐยยยฟรฐยยยรฐยยยฐ รฐยยยปรฐย
political-geographic-object;['๐ฒ๐ด๐ฐ๐ฟ๐๐ฒ๐พ๐ฐ'];รฐยยยฒรฐยยยดรฐยยยฐรฐยยยฟรฐยยยรฐยยยฒรฐยยยพรฐย
political-geographic-object;['๐ฟ๐ฒ๐ฒ๐ฐ๐๐ป๐ฐ๐ฝ๐ณ', '๐ฟ๐ฝ๐ฒ๐ฐ๐๐พ๐ฐ'];รฐยยยฟรฐยยยฒรฐยยยฒรฐยยยฐรฐยยยรฐยยยปรฐยยยฐรฐยย
political-geographic-object;['๐๐ฐ๐ฟ๐ป๐ฐ๐ฟ๐ฝ๐น๐ฐ', '๐๐๐ป๐ฐ๐ป๐ฐ๐ฝ๐ณ'];รฐยยยรฐยยยฐรฐยยยฟรฐยยยปรฐยยยฐรฐยยยฟรฐยยยฝรฐยยยนรฐยยยฐ รฐ
political-geographic-object;['๐ฒ๐ฐ๐น๐๐ผ๐ฐ๐ฝ๐พ๐ฐ', '๐ธ๐น๐ฟ๐ณ๐น๐๐บ๐ฐ๐ป๐ฐ๐ฝ๐ณ', 'deutschland', 'รพiudiskaland'];รฐยยยฒรฐยยยฐรฐยยยนรฐยยยรฐยยยผรฐยยยฐรฐยยยฝรฐยยยพรฐยยยฐ
political-geographic-object;['๐ต๐ฐ๐พ๐ฐ๐ฝ๐ฐ'];รฐยยยตรฐยยยฐรฐยยยพรฐยยยฐรฐยยยฝรฐยยยฐ รฐยยยนรฐยยยรฐย
political-geographic-object;['๐ฑ๐ด๐ฝ๐ด๐๐ถ๐ฟ๐ด๐ป๐ฐ', '๐๐ฐ๐ฝ๐พ๐ฐ๐๐ด๐น๐ฝ๐'];รฐยยยฑรฐยยยดรฐยยยฝรฐยยยดรฐยยยรฐยยยถรฐยยยฟรฐยยยดรฐยยยปรฐยย
political-geographic-object;['๐น๐ฝ๐ณ๐น๐ฐ', '๐น๐ฝ๐ณ๐น๐ฐ/india', '๐น๐ฝ๐ณ๐พ๐ฐ'];รฐยยยนรฐยยยฝรฐยยยณรฐยยยนรฐยยยฐ (เคญเคพเคฐเคค เคเคฃเคฐเคพเคเฅเคฏ, รฐยยยฑรฐยยยทรฐยยยฐรฐยยยรฐยยยฐรฐยยย รฐยยยฒรฐยยยฐรฐยย
political-geographic-object;['๐น๐๐ฐ๐ป๐น๐ฐ', '๐น๐๐ฐ๐ป๐พ๐ฐ'];รฐยยยนรฐยยยรฐยยยฐรฐยยยปรฐยยยพรฐยยยฐ รฐยยยนรฐยยยรฐยยย รฐยยยปรฐยยยฐรฐยยยฝรฐยยยณ รฐยยยนรฐ
political-geographic-object;['๐๐๐พ๐น๐ป๐ด๐น', '๐๐ท๐น๐ป๐ด'];รฐยยยรฐยยยรฐยยยพรฐยยยนรฐยยยปรฐยยยดรฐยยยน รฐยยยนรฐยย
political-geographic-object;['๐บ๐๐ด๐บ๐ฐ๐ป๐ฐ๐ฝ๐ณ'];รฐยยยบรฐยยยรฐยยยดรฐยยยบรฐยยยฐรฐยยยปรฐยยยฐรฐยยยฝรฐยยยณ
political-geographic-object;['๐ฟ๐บ๐๐ฐ๐พ๐ฝ๐ฐ', '๐ฟ๐บ๐๐ฐ๐น๐ฝ๐ฐ'];รฐยยยฟรฐยยยบรฐยยยรฐยยยฐรฐยยยพรฐยยยฝรฐยยยฐ รฐยยยนรฐยยยรฐยยย รฐยยยธรฐยยยนรฐยยยฟรฐยยยณรฐยยยฐรฐยยยรฐย
political-geographic-object;['๐ผ๐ฐ๐น๐ท๐น๐บ๐'];รฐยยยผรฐยยยฐรฐยยยนรฐยย
political-geographic-object;['๐ฐ๐๐ผ๐ด๐ฝ๐พ๐ฐ'];รฐยยยฐรฐยยยรฐยยยผรฐยยยดรฐยยยฝรฐยยยพรฐยยยฐ
political-geographic-object;['๐น๐๐ฐ๐บ'];Iรฐยยยรฐยยยฐรฐยยยบ รฐยยยปรฐยยยฐรฐยยยฝรฐยย
political-geographic-object;['๐๐๐ฐ๐ฒ๐บ๐ฐ๐๐ด๐น๐บ๐น', '๐๐๐ฐ๐ฒ๐บ๐ฐ๐ป๐ฐ๐ฝ๐ณ'];รฐยยยธรฐยยยนรฐยยยฟรฐยยยณรฐยยยฐรฐยยยรฐยยยฐรฐยยยนรฐยยยทรฐยยยรฐยยย รฐยยยรฐยยยรฐยยยฐรฐยยยฒรฐยยยบรฐยยยฐรฐยยยปรฐยยยฐ
political-geographic-object;['๐ด๐บ๐๐ฐ๐ณ๐ฐ๐ฟ๐'];รฐยยยดรฐยยยบรฐยยยรฐยยยฐรฐยยยณรฐยยยฐรฐยยยฟรฐยยย รฐยยยน
political-geographic-object;['๐๐๐ด๐ฐ๐๐ด๐น๐บ๐น', '๐๐๐ฐ๐น๐ท๐ฐ๐ป๐ฐ๐ฝ๐ณ', 'swaihareiki', 'sweareiki', 'swijareiki', '๐๐๐น๐พ๐ฐ๐๐ด๐น๐บ๐น'];รฐยยยรฐยยยรฐยยยฐรฐยยยนรฐยยยทรฐยยยฐรฐยยยปรฐยยยฐรฐยยยฝรฐยยยณ รฐยยยนรฐยยยรฐยยย รฐยยยธรฐยยยนรฐ
political-geographic-object;['๐ท๐ฐ๐ฟ๐ฑ๐น๐ณ๐ฐ๐ฑ๐ฐ๐ฟ๐๐ฒ๐', '๐ท๐ฐ๐ฟ๐ฑ๐น๐ณ๐ฐ๐ฑ๐ฐ๐ฟ๐๐ฒ๐/haubidabaurgs'];รฐยยยทรฐยยยฐรฐยยยฟรฐยยยฑรฐยยยนรฐยยยณรฐยยยฐรฐยยยฑรฐยยยฐรฐยยยฟรฐยยยรฐยยยฒรฐยยย รฐยยยปรฐยยยฐรฐยยยฝรฐยยยณรฐยยยนรฐยยย, รฐยยยฐรฐยยยนรฐยยยธรฐยยยธรฐยยยฐรฐ
political-geographic-object;['๐ป๐น๐ฟ๐ท๐๐ฐ๐๐๐ฐ๐น๐ฝ๐'];รฐยยยปรฐยยยนรฐยยยฟรฐยยยทรฐยยยรฐยยยฐรฐยยยรฐยยยรฐย
political-geographic-object;['๐ฐ๐ฝ๐ณ๐ฐ๐ฟ๐๐ฐ', 'andaura'];รฐยยยธรฐยยยนรฐยยยฟรฐยยยณรฐยยยฐรฐยยยฝรฐยยยฒรฐยยยฐรฐยยยรฐยยยณรฐยยยน รฐยยยฐรฐยยยฝรฐยยยณรฐยยยฐรฐยยยฟรฐยยยรฐยยยรฐยยย (รฐยยยบรฐยยยฐรฐยยยรฐยยยฐรฐยยยปรฐยยยรฐยยยฝ
political-geographic-object;['๐๐ฐ๐น๐ฝ๐ฐ๐น๐๐ด๐น', 'tennessee'];รฐยยยรฐยยยฐรฐยยยนรฐยยยฝรฐยยยฐรฐยยยนรฐยยยรฐยยยด
political-geographic-object;['๐บ๐ฐ๐น๐ฝ๐๐ฐ๐บ๐ด๐น', 'kentucky'];รฐยยยบรฐยยยฐรฐยยยนรฐยยยฝรฐยยยรฐยยยฐรฐยยยบรฐยยยด
political-geographic-object;['๐บ๐ฐ๐ฝ๐ถ๐ฐ๐', 'kansas'];รฐยยยบรฐยยยฐรฐยยยฝรฐยยยถรฐยยยฐรฐยยย รฐยยยน
political-geographic-object;['๐ฑ๐ฐ๐น๐๐ผ๐ฐ๐ฟ๐ฝ๐', 'vermont'];รฐยยยฑรฐยยยฐรฐยยยนรฐยยยรฐยยยผรฐยยยฐรฐยยยฟรฐยยยฝ
political-geographic-object;['๐ผ๐ฐ๐น๐๐ฐ๐น๐๐๐น๐ฟ๐๐ฐ๐น๐๐', 'massachusetts'];รฐยยยผรฐยยยฐรฐยยยนรฐยยยรฐยยยฐรฐยยยนรฐยยยรฐยยยรฐยยยนรฐย
political-geographic-object;['๐๐ท๐๐ณ ๐ฐ๐พ๐ป๐ฐ๐น๐ฝ๐ณ', 'rhode island'];รฐยยยรฐยยยทรฐยยยรฐยยยณ รฐยยยฐรฐยยยพรฐยยยปรฐยยยฐรฐย
political-geographic-object;['๐๐ฟ๐ฝ๐ธ๐๐ฐ ๐ณ๐ฐ๐บ๐๐๐ฐ'];รฐยยยรฐยยยฟรฐยยยฝรฐยยยธรฐยยยรฐยยยฐ รฐยยยณรฐยยยฐรฐยย
political-geographic-object;['๐ฐ๐ป๐ฐ๐๐บ๐ฐ', 'alaska'];รฐยยยฐรฐยยยปรฐยยยฐรฐยยยรฐยยยบรฐยยยฐ รฐยยยน
political-geographic-object;['๐ผ๐ฐ๐ฟ๐ฝ๐๐ฐ๐ฝ๐ฐ', 'montana'];รฐยยยผรฐยยยฐรฐยยยฟรฐยยยฝรฐยยยรฐยยยฐรฐยยยฝรฐยย
political-geographic-object;['๐ฐ๐ฟ๐๐ฐ๐น๐ฒ๐ฐ๐ฟ๐ฝ', 'orรฉgon'];รฐยยยฐรฐยยยฟรฐยยยรฐยยยฐรฐยยยนรฐยยยฒรฐยยยฐรฐยยยฟ
political-geographic-object;['๐ป๐ฟ๐ด๐น๐๐น๐ฐ๐ฝ๐ฐ', '๐ป๐ฟ๐ด๐น๐ถ๐ด๐น๐ฐ๐ฝ๐ฐ', 'louisiana'];รฐยยยปรฐยยยฟรฐยยยดรฐยยยนรฐยยยถรฐยยยดรฐยยยนรฐยยยฐรฐยยยฝรฐยยยฐ/รฐย
political-geographic-object;['๐๐บ๐ป๐ฐ๐ท๐๐ผ๐ฐ', 'oklahoma'];รฐยยยรฐยยยบรฐยยยปรฐยยยฐรฐยยยทรฐยยยรฐยยยผรฐยย
political-geographic-object;['๐ฐ๐๐บ๐ฐ๐ฝ๐๐ฐ๐', 'arkansas'];รฐยยยฐรฐยยยรฐยยยบรฐยยยฐรฐยยยฝรฐยยยรฐยยยฐรฐยย
political-geographic-object;['๐๐ป๐ฐ๐ฟ๐๐น๐ณ๐ฐ', 'flรณrida'];รฐยยยรฐยยยปรฐยยยฐรฐยยยฟรฐยยยรฐยยยนรฐยยยณรฐยย
political-geographic-object;['๐ณ๐ด๐น๐ฐ๐ฟ๐๐ณ๐น๐ฐ', 'geรณrgia'];รฐยยยณรฐยยยดรฐยยยนรฐยยยฐรฐยยยฟรฐยยยรฐยยยณรฐยยยน
political-geographic-object;['๐ฝ๐ฐ๐ฟ๐๐ธ๐ฐ ๐บ๐ฐ๐๐ฐ๐ฟ๐ป๐ฐ๐พ๐ฝ๐ฐ'];รฐยยยฝรฐยยยฐรฐยยยฟรฐยยยรฐยยยธรฐยยยฐ รฐยยยบรฐยยยฐรฐยยยรฐยย
political-geographic-object;['๐ฝ๐น๐ฟ ๐ผ๐ฐ๐น๐บ๐๐ด๐น๐บ๐'];รฐยยยฝรฐยยยนรฐยยยฟ รฐยยยผรฐยยยฐรฐยยยนรฐยยยบรฐยยยรฐยย
political-geographic-object;['๐ฐ๐น๐๐น๐ถ๐๐ฝ๐ฐ', 'arizona'];รฐยยยฐรฐยยยนรฐยยยรฐยยยนรฐยยยถรฐยยยรฐยยยฝรฐยยยฐ รฐยยยนรฐยยยรฐยย
political-geographic-object;['๐ผ๐น๐๐๐น๐๐๐น๐๐๐ด๐น', 'mississรญppi'];รฐยยยผรฐยยยนรฐยยยรฐยยยรฐยยยนรฐยยยรฐยยยรฐยยยนรฐยย
political-geographic-object;['๐๐ฟ๐ฝ๐ธ๐๐ฐ ๐บ๐ฐ๐๐ฐ๐ฟ๐ป๐ฐ๐พ๐ฝ๐ฐ'];รฐยยยรฐยยยฟรฐยยยฝรฐยยยธรฐยยยรฐยยยฐ รฐยยยบรฐยยยฐรฐยยยรฐยย
political-geographic-object;['๐ฑ๐น๐๐ณ๐พ๐น๐ฝ๐พ๐ฐ', '๐ฑ๐น๐๐ณ๐ถ๐น๐ฝ๐พ๐ฐ'];รฐยยยฑรฐยยยนรฐยยยรฐยยยณรฐยยยพรฐยยยนรฐยยยฝรฐยยยพ
political-geographic-object;['๐ฐ๐พ๐ณ๐ฐ๐ท๐', 'idaho'];รฐยยยฐรฐยยยพรฐยยยณรฐยยยฐรฐยยยทรฐยยย รฐยยยน
political-geographic-object;['๐ฐ๐ป๐ฐ๐น๐ฑ๐ฐ๐น๐ผ๐ฐ', '๐ฐ๐ป๐ฐ๐ฑ๐ฐ๐ผ๐ฐ', 'alabama'];รฐยยยฐรฐยยยปรฐยยยฐรฐยยยฑรฐยยยฐรฐยยยผรฐยยยฐ รฐยยยนรฐยยยรฐยยย รฐ
political-geographic-object;['๐ท๐ฐ๐๐ฐ๐พ๐ด๐น'];รฐยยยทรฐยยยฐรฐยยยรฐยยยฐรฐยยยพรฐยยยดรฐยยยน รฐ
political-geographic-object;['๐ฝ๐ฐ๐น๐ฑ๐ฐ๐ณ๐ฐ', 'nรฉvada'];รฐยยยฝรฐยยยฐรฐยยยนรฐยยยฑรฐยยยฐรฐยยยณรฐยยยฐ รฐ
political-geographic-object;['๐บ๐ฐ๐ป๐น๐๐ฐ๐ฟ๐๐ฝ๐พ๐ฐ', '๐บ๐ฐ๐น๐ป๐น๐๐ฐ๐ฟ๐๐ฝ๐พ๐ฐ'];รฐยยยบรฐยยยฐรฐยยยปรฐยยยนรฐยยยรฐยยยฐรฐยยยฟรฐยยยรฐย
political-geographic-object;['๐๐ฐ๐พ๐๐ผ๐น๐ฒ๐ฒ', 'wyoming'];รฐยยยรฐยยยฐรฐยยยพรฐยยยรฐยยยผรฐยยยนรฐยยยฒรฐยย
political-geographic-object;['๐น๐ฟ๐๐ฐ', 'utah'];รฐยยยนรฐยยยฟรฐยยยรฐยยยฐ รฐยยยนรฐยยยรฐย
political-geographic-object;['๐บ๐ฐ๐ฟ๐ป๐ฐ๐ฟ๐๐ฐ๐ณ๐', 'colorado'];รฐยยยบรฐยยยฐรฐยยยฟรฐยยยปรฐยยยฐรฐยยยฟรฐยยยรฐยยยฐรฐ
political-geographic-object;['๐ฝ๐ฐ๐ฟ๐๐ธ๐ฐ ๐ณ๐ฐ๐บ๐๐๐ฐ'];รฐยยยฝรฐยยยฐรฐยยยฟรฐยยยรฐยยยธรฐยยยฐ รฐยยยณรฐยยยฐรฐยย
political-geographic-object;['๐ณ๐ฐ๐ผ๐ฐ๐๐บ๐/damasko', '๐ณ๐ฐ๐ผ๐ฐ๐๐บ๐'];รฐยยยณรฐยยยฐรฐยยยผรฐยยยฐรฐยยยรฐยยยบรฐยยย รฐยยยนฬรฐยยยรฐยยย รฐยยยทรฐยยยฐรฐยยยฟรฐยย
political-geographic-object;['๐๐ฐ๐๐ฐ๐ฒ๐ฐ๐๐ณ๐'];รฐยยยรฐยยยฐรฐยยยรฐยยยฐรฐยยยฒรฐยยยฐรฐยยยรฐยย
political-geographic-object;['๐ฐ๐ผ๐๐๐ฐ๐น๐๐ณ๐ฐ๐ผ', 'amsterdam'];รฐยยยฐรฐยยยผรฐยยยรฐยยยรฐยยยฐรฐยยยนรฐยยยรฐยยยณรฐยยยฐรฐยยยผ รฐยยยนรฐยยยรฐยยย รฐยยยทรฐย
political-geographic-object;['๐ด๐น๐๐ฐ๐ป๐ฐ๐ฝ๐ณ'];รฐยยยดรฐยยยนรฐยยยรฐยยยฐรฐยยยปรฐยยยฐรฐยยยฝรฐยยยณ รฐยยยนรฐยยยรฐยยย รฐยยยฐรฐยยยฟรฐยยยพรฐยยยฐรฐยยยรฐย
political-geographic-object;['๐ป๐น๐๐ฑ๐๐ฐ'];รฐยยยปรฐยยยนรฐยยยรฐยยยฑรฐยยยรฐยยยฐ รฐยยยนรฐยยยรฐยยย รฐยยยทรฐยยยฐรฐยยยฟรฐยยยฑรฐยยยน
political-geographic-object;['๐๐๐๐น๐ฐ'];รฐยยยรฐยยยรฐยยยรฐยยยนรฐยยยฐ รฐยยยนรฐยยยรฐยยย รฐยยยทรฐยยยฐรฐยยยฟรฐยยยฑรฐยยยนรฐ
political-geographic-object;['๐ป๐ฐ ๐ท๐ฐ๐ฑ๐ฐ๐ฝ๐ฐ'];รฐยยยปรฐยยยฐ รฐยยยทรฐยยยฐรฐยยยฑรฐยยยฐรฐยยยฝ
political-geographic-object;['๐๐๐ฐ๐ท๐ฐ'];รฐยยยรฐยยยรฐยยยฐรฐยยยทรฐยยยฐ รฐยยยนรฐยยยรฐยยย รฐยยยทรฐยยยฐรฐยยยฟรฐยยยฑรฐยยยนรฐยย
political-geographic-object;['๐ฑ๐ฟ๐ณ๐ฐ๐๐ด๐๐', 'budapest'];รฐยยยฑรฐยยยฟรฐยยยณรฐยยยฐรฐยยยรฐยยยดรฐยยยรฐยยย รฐยยยนรฐยยยรฐยยย รฐยยยทรฐยยยฐรฐยยยฟรฐยยยฑรฐยยยนรฐยยยณรฐยยยฐรฐยยยฑ
political-geographic-object;['๐๐ฟ๐ผ๐ฐ', '๐๐ฟ๐ผ๐ฐ/ruma'];รฐยยยรฐยยยฟรฐยยยผรฐยยยฐ รฐยยยนรฐยยยรฐยยย รฐยยยผรฐยยยนรฐยย
political-geographic-object;['๐น๐ฐ๐น๐๐ฟ๐๐ฐ๐ฟ๐ป๐๐ผ๐ฐ', 'iairusalem', 'iairusaulwma', '๐น๐ฐ๐น๐๐ฟ๐๐ฐ๐ป๐ด๐ผ', '๐น๐ฐ๐น๐๐ฟ๐๐ฐ๐ฟ๐ป๐๐ผ๐ฐ/iairusaulwma'];รฐยยยนรฐยยยฐรฐยยยนรฐยยยรฐยยยฟรฐยยยรฐยยยฐรฐยยยฟรฐยยยปรฐยยยรฐยยยผรฐยยยฐ รฐยยยฐรฐยยยนรฐย
political-geographic-object;['๐บ๐๐ฝ๐พ๐ฟ๐ฒ๐ฐ๐๐ณ๐', '๐บ๐ด๐น๐ฐ๐น๐ธ'];รฐยยยบรฐยยยรฐยยยฝรฐยยยพรฐยยยฟรฐยยยฒรฐยยยฐรฐยยยรฐยยยณรฐยยย รฐยยยนรฐยยยรฐยยย รฐยยยท
political-geographic-object;['๐ด๐๐ด๐๐ฐ๐ฝ'];รฐยยยดรฐยยยรฐยยยดรฐยยยรฐยยยฐรฐยยยฝ รฐยยยนรฐยยยรฐยยย รฐยยยทรฐยยยฐรฐยยยฟรฐยยยฑ
political-geographic-object;['๐ฑ๐ฐ๐น๐๐ป๐น๐ฝ', 'berlรญn'];รฐยยยฑรฐยยยฐรฐยยยนรฐยยยรฐยยยปรฐยยยนรฐยยยฝ รฐยยยนรฐยยยรฐยยย รฐยยยทรฐยยยฐรฐยยยฟรฐยยยฑรฐยย
political-geographic-object;['๐ผ๐๐๐บ๐๐ฐ', '๐ผ๐๐๐บ๐๐ฐ/moskwa'];รฐยยยผรฐยยยรฐยยยรฐยยยบรฐยยยรฐยยยฐ รฐยยยนรฐยยยรฐยยย รฐยยยทรฐยยยฐรฐยยยฟรฐยยยฑรฐย
political-geographic-object;['๐น๐๐๐ฐ๐ด๐ป'];รฐยยยธรฐยยยนรฐยยยฟรฐยยยณรฐยยยฐรฐยยยฝรฐยยยฒรฐยยยฐรฐยยยรฐยยยณรฐยยยน รฐยยยนรฐยยยรฐยยยรฐยยยฐรฐยยยดรฐยยยปรฐยยยนรฐยยย (รฐยยยทรฐยยยฐรฐยยยนรฐยยยฑรฐยยยรฐยยยฐรฐยยยนรฐยยยรฐยยยบรฐยยยฐ รฐยยยรฐยยยฐรฐยยยถรฐยยยณรฐยยยฐ: ืืืืืช ืืฉืจืื, รฐย
political-geographic-object;['๐๐พ๐น๐บ๐ฐ๐ฒ๐', '๐๐๐พ๐น๐บ๐ฐ๐ฒ๐', 'chicago'];รฐยยยรฐยยยพรฐยยยนรฐยยยบรฐยยยฐรฐยยยฒรฐยยย รฐยยยนรฐยยยรฐยยย รฐยยยผรฐยยยฐรฐยยยนรฐยยยรฐยยยรฐยยย รฐยยยฑรฐยยยฐรฐยยยฟรฐยยย
political-geographic-object;['๐๐บ๐ฐ๐ฟ๐๐๐ด๐ป๐ฐ๐ฝ๐ณ'];รฐยยยรฐยยยบรฐยยยฐรฐยยยฟรฐยยยรฐยยยรฐยยยดรฐยยยปรฐยยยฐรฐยยยฝรฐยยยณ รฐยยยรฐยยยฐรฐยยย รฐยยยธรฐยยยน
political-geographic-object;['๐ฐ๐๐ป๐ฐ๐ฝ๐๐ฐ', 'atlanta'];รฐยยยฐรฐยยยรฐยยยปรฐยยยฐรฐยยยฝรฐยยยรฐยยยฐ รฐยยยนรฐยยยรฐยยย รฐยยยทรฐยยยฐรฐยยยฟรฐย
political-geographic-object;['๐๐น๐ด๐ฝ'];รฐยยยรฐยยยนรฐยยยดรฐยยยฝ รฐยยยนรฐยยยรฐยยย รฐยยยทรฐยยยฐรฐยยยฟรฐยยยฑรฐยยยนรฐยยยณรฐ
political-geographic-object;['๐ฑ๐๐ฟ๐๐ด๐ป', 'b๐๐ฟ๐๐๐ด๐ป', '๐ฑ๐๐ฟ๐๐๐ด๐ป'];รฐยยยฑรฐยยยรฐยยยฟรฐยยยรฐยยยดรฐยยยป รฐยยยนรฐยยยรฐยยย รฐยยยทรฐยยยฐรฐยยยฟรฐยยยฑรฐยย
political-geographic-object;['๐๐ฐ๐ฝ๐๐น๐ฐ๐ฒ๐', '๐๐ป๐ฝ๐๐น๐ฐ๐ฒ๐'];รฐยยยรฐยยยฐรฐยยยฝรฐยยยรฐยยยนรฐยยยฐรฐยยยฒรฐยยย รฐยยยนรฐยยยรฐยยย รฐยยยทรฐยยยฐรฐ
political-geographic-object;['๐ป๐ฐ๐ฟ๐ฝ๐ณ๐ฐ๐ฟ๐ฝ', 'laundaun'];รฐยยยปรฐยยยฐรฐยยยฟรฐยยยฝรฐยยยณรฐยยยฐรฐยยยฟรฐยยยฝ รฐยยยนรฐยยยรฐยยย รฐยยยทรฐยยยฐรฐยยยฟรฐยยยฑรฐย
political-geographic-object;['๐๐ฐ๐๐น๐', '๐๐ฐ๐๐น๐, ๐๐๐ฐ๐ฒ๐บ๐ฐ๐๐ด๐น๐บ๐น'];รฐยยยรฐยยยฐรฐยยยรฐยยยนรฐยยย รฐยยยนรฐยยยรฐยยย รฐยยยทรฐยยยฐรฐยยยฟรฐยยยฑรฐยยยนรฐย
political-geographic-object;['๐ฐ๐ธ๐ด๐น๐ฝ๐ฐ'];รฐยยยฐรฐยยยธรฐยยยดรฐยยยนรฐยยยฝรฐยยยฐ รฐยยยนรฐยยยรฐยยย รฐยยยทรฐยยยฐรฐยยยฟรฐยยยฑรฐยย
political-geographic-object;['๐น๐ฝ๐ณ๐น๐ฐ๐ฝ๐ฐ๐๐๐ป๐น๐', 'indianapolis'];รฐยยยนรฐยยยฝรฐยยยณรฐยยยนรฐยยยฐรฐยยยฝรฐยยยฐรฐยยยรฐยยยรฐยยยปรฐยยยนรฐยยย รฐยยยนรฐยยยรฐย
political-geographic-object;['๐๐๐ฟ๐บ๐บ๐ฐ๐ท๐ฟ๐ป๐ผ๐', '๐๐๐ฐ๐ฟ๐บ๐ท๐ฟ๐ป๐ผ๐'];รฐยยยรฐยยยรฐยยยฟ
political-geographic-object;['๐บ๐ฐ๐๐ฐ๐บ๐ฐ๐', 'caracas'];รฐยยยบรฐยยยฐรฐยยยรฐยยยฐรฐยยยบรฐยยยฐรฐยยย รฐยยยนรฐยยยรฐยย
political-geographic-object;['๐ฑ๐๐ฐ๐ถ๐น๐ป๐น๐ฐ', 'brasรญlia'];รฐยยยฑรฐยยยรฐยยยฐรฐยยยถรฐยยยนรฐยยยปรฐยยยนรฐยยยฐ รฐยยยน
political-geographic-object;['๐ฐ๐ฟ๐๐ฐ๐๐ฐ', '๐๐๐๐ฐ๐๐ฐ', 'ottawa'];รฐยยยฐรฐยยยฟรฐยยยรฐยยยฐรฐยยยรฐยยยฐ รฐยยยนรฐยย
political-geographic-object;['๐ฑ๐ฐ๐ป๐๐ฐ๐๐ฐ๐น๐๐', 'valparaiso'];รฐยยยฑรฐยยยฐรฐยยยปรฐยยยรฐยยยฐรฐยยยรฐยยยฐรฐยยยนรฐย
political-geographic-object;['๐๐น๐ฐ๐ฟ ๐ณ๐ฐ๐น ๐น๐ฐ๐ฝ๐ฐ๐น๐๐ฐ๐ฟ', 'rio de janeiro'];รฐยยยรฐยยยนรฐยยยฐรฐยยยฟ รฐยยยณรฐยยยฐรฐยยยน รฐยยยนรฐยยยฐรฐ
political-geographic-object;['๐น๐๐๐ฐ๐ฝ๐ฑ๐ฟ๐ป', 'istanbul'];รฐยยยนรฐยยยรฐยยยรฐยยยฐรฐยยยฝรฐยยยฑรฐยยยฟรฐยยยป รฐยยยฐรฐยยยนรฐยยยธรฐยยยธรฐยยยฐรฐยยยฟ รฐยยยดรฐยยยนรฐยยยรฐยยยรฐยยยฐรฐยยยผรฐยยยฑรฐยยยรฐยยยป (รฐยยยรฐยยยฐรฐยยยฟรฐยยยรฐยยยบรฐยยยนรฐยยยรฐยยยบรฐยยยฐ: ฤฐstanbul,
political-geographic-object;['๐ฝ๐น๐ฟ ๐น๐ฐ๐ฟ๐๐บ'];รฐยยยฝรฐยยยนรฐยยยฟ รฐยยยนรฐยยยฐรฐยยยฟรฐยยยรฐยยยบ รฐยยยนรฐยย
political-geographic-object;['๐๐น๐ป๐ฐ๐ณ๐ฐ๐น๐ป๐๐พ๐ฐ', '๐๐น๐ป๐ฐ๐ณ๐ด๐ป๐๐พ๐ฐ'];รฐยยยรฐยยยนรฐยยยปรฐยยยฐรฐยยยณรฐยยยฐรฐยยยนรฐยยยปรฐยยยรฐยยยพรฐยยยฐ รฐยยยนรฐยยยรฐยยย รฐยยยผรฐยยยฐรฐยยยนรฐยยยรฐยยยรฐยยย รฐยยยฑรฐยยยฐ
political-geographic-object;['๐ฑ๐๐ฐ๐ถ๐น๐ป'];รฐยยยฑรฐยยยรฐยยยฐรฐยยยถรฐยยยนรฐยยยป รฐยยยนรฐยยยรฐย
political-geographic-object;['๐๐๐๐๐ฝ๐๐ฐ๐ฟ', 'toronto'];รฐยยยรฐยยยรฐยยยรฐยยยรฐยยยฝรฐยยยรฐยยยฐรฐยยยฟ รฐยยยนรฐยย
political-geographic-object;['๐๐ฐ๐น๐บ๐๐ฐ๐', 'tรฉxas', '๐๐ฐ๐บ๐๐ฐ๐'];รฐยยยรฐยยยฐรฐยยยนรฐยยยบรฐยยยรฐยยยฐรฐยยย รฐ
political-geographic-object;['๐๐ด๐น๐ฝ๐น๐บ๐', 'phoenix'];รฐยยยรฐยยยดรฐยยยนรฐยยยฝรฐยยยนรฐยยยบรฐยยย รฐยยยนรฐยยยรฐยยย รฐยยยทรฐยยยฐรฐยยยฟ
political-geographic-object;['๐ณ๐ฐ๐น๐ฝ๐ฑ๐ฐ๐น๐', 'denver'];รฐยยยณรฐยยยฐรฐยยยนรฐยยยฝรฐยยยฑรฐยยยฐรฐยยยนรฐยยย รฐยยยนรฐยยยรฐยยย รฐยยยทรฐยยยฐรฐยยยฟ
quality;['๐ท๐ฐ๐น๐ธ๐ฝ๐ฐ๐ณ๐๐ผ๐', '๐ท๐ฐ๐น๐ธ๐ฝ๐ฐ๐ฒ๐ฐ๐ป๐ฐ๐ฟ๐ฑ๐ด๐น๐ฝ๐'];รฐยยยทรฐยยยฐรฐยยยนรฐยยยธรฐยยยฝรฐยยยฐรฐยยยฒรฐยยยฐรฐยยยปรฐยยยฐรฐยยยฟรฐยยยฑรฐยยยดรฐยยยนรฐยยยฝรฐยยย รฐยยยนรฐยยยรฐยยย รฐยยยฒรฐยยยฐรฐยยยปรฐยยยฐรฐยยยฟรฐยยยฑรฐยยยดรฐยยยนรฐยยยฝรฐยยย รฐยยยฐรฐยยยนรฐยยยรฐยยยธรฐยยยฐรฐยยยบรฐยยยรฐ
quality;['๐๐น๐ฝ๐๐'];รฐยยยรฐยยยนรฐยยยฝรฐยยยรฐยยย รฐยยยฐรฐยยยนรฐยยยธรฐยยยธรฐยยยฐรฐยยยฟ รฐยยยบรฐยยยฐรฐยยยผรฐยยยนรฐยย
quality;['๐น๐๐ป๐ฐ๐ผ'];รฐยยยนรฐยยยรฐยยยปรฐยยยฐรฐยยยผ รฐยยยนรฐยยยรฐยยย
region;['๐๐ฐ๐น๐ท๐ฟ๐บ๐น๐ฝ๐ณ๐'];รฐยยยรฐยยยฐรฐยยยนรฐยยยทรฐยยยฟรฐยยยบรฐยยยฟรฐยยยฝรฐยยยน รฐยยยบรฐย
region;['๐ถ๐ป๐ฐ๐ฟ๐๐ด๐น'];รฐยยยถรฐยยยปรฐยยยฐรฐยยยฟรฐยยยรฐยยยดรฐยยยน รฐ
region;['๐ณ๐ฐ๐ฒ๐'];รฐยยยณรฐ
situation;['๐บ๐น๐๐น๐ป๐ ๐ฐ๐ถ๐ฑ๐ฐ๐ฒ๐ด๐ณ๐ฐ', '๐บ๐น๐๐น๐ป๐น๐๐บ๐ฐ ๐ฐ๐ถ๐ฑ๐ฐ๐ฒ๐ด๐ณ๐ฐ', '๐บ๐น๐๐น๐ป๐ ๐ฐ๐ถ๐ฑ๐ฐ๐ฒ๐ด๐ณ๐ฐ'];รฐยยยบรฐยยยนรฐยยยรฐยยยนรฐยยยปรฐยยยนรฐยยยรฐยยยบรฐยยยฐ รฐยยยฐรฐยยยถรฐยยยฑรฐยยยฐรฐยยยฒรฐยยยดรฐยยยณรฐยยยฐ รฐยยยนรฐยยยรฐยยย รฐยยยฐรฐยยยถรฐยยยฑรฐยยยฐ
situation;['๐๐ฐ๐พ๐ฐ๐ผ๐ด๐๐ด๐น'];รฐยยยรฐยยยฐรฐยยยพรฐยยยฐรฐยยยผรฐยยยดรฐยยยรฐยยยดรฐยยยน รฐยยยนรฐยยยรฐยยย รฐยยยฐรฐยยยฝรฐยยยณรฐยยยฑรฐยยยด
situation;['๐๐๐ฐ๐๐๐ ๐ณ๐ฐ๐ฟ๐ธ๐ฟ๐'];รฐยยยรฐยยยรฐยยยฐรฐยยยรฐยยยรฐยยย รฐยยยณรฐยยยฐรฐยยยฟรฐยยยธรฐยยยฟรฐยยย รฐยยยฐรฐยยยนรฐยยยธรฐยยยธรฐยยยฐรฐยยยฟ รฐยยยรฐยยยรฐยยยฐรฐยยยรฐยยยรฐยยย รฐยยยรฐยยยปรฐยยยฐรฐยยยทรฐยยย รฐยยยรฐยยยฐรฐยยย รฐยยยรฐยยยปรฐยยยฐรฐยยยทรฐยยย รฐยยยรฐยยยฐรฐยยยดรฐยยยน รฐยยยฐรฐยยยนรฐยยยรฐยยยรฐยยยรฐยยยรฐยยยฐ รฐยยยรฐยยยปรฐ
situation;['๐๐๐ฐ๐๐๐ ๐ณ๐ฐ๐ฟ๐ธ๐ฟ๐'];รฐยยยรฐยยยรฐยยยฐรฐยยยรฐยยยรฐยยย รฐยยยณรฐยยยฐรฐยยยฟรฐยยยธรฐยยยฟรฐยยย รฐยยยฐรฐยยยนรฐยยยธรฐยยยธรฐยยยฐรฐยยยฟ รฐยยยรฐยยยรฐยยยฐรฐยยยรฐยยยรฐยยย รฐยยยรฐยยยปรฐยยยฐรฐยยยทรฐยยย รฐยยยรฐยยยฐรฐยยย รฐยยยรฐยยยปรฐยยยฐรฐยยยทรฐยยย รฐยยยรฐยยยฐรฐยยยดรฐยยยน รฐยยยฐรฐยยยนรฐยยยรฐยยยรฐยยยรฐยยยรฐยยยฐ รฐยยยรฐยยยปรฐ
social-role;['๐๐ฐ๐น๐ท๐ฟ๐บ๐น๐ฝ๐ณ๐'];รฐยยยรฐยยยฐรฐยยยนรฐยยยทรฐยยยฟรฐยยยบรฐยยยฟรฐยยยฝรฐยยยน รฐยยยบรฐย
socially-constructed-person;['๐๐น๐ผ๐๐ฝ ๐ฑ๐ฐ๐ฟ๐ป๐ด๐น๐ฑ๐ฐ๐', 'simรณn bolivar'];รฐยยยรฐยยยนรฐยยยผรฐยยยรฐยยยฝ รฐยยยฑรฐยยยฐรฐยยยฟรฐยยยปรฐยยยดรฐยยยนรฐยยยฑรฐยยยฐรฐยยย รฐยย
socially-constructed-person;['๐ฐ๐ป๐ฐ๐น๐บ๐๐ฐ๐ฝ๐ณ๐๐ฟ๐ โข๐ณโข ๐ผ๐ฐ๐บ๐ฐ๐น๐ณ๐๐ฝ๐พ๐๐'];รฐยยยฐรฐยยยปรฐยยยฐรฐยยยนรฐยยยบรฐยยยรฐยยยฐรฐยยยฝรฐยยยณรฐยยยรฐยยยฟรฐยยย โขรฐยยยณโข รฐยยยผรฐยยยฐรฐยยยบรฐยยยฐรฐยยยนรฐยยยณรฐยยยรฐยยยฝรฐยยยพรฐยยยรฐยยย รฐยยยพรฐยยยฐรฐยยยท รฐยยยบรฐยยยฟรฐยยยฝรฐยยยธรฐยยย รฐยยยรฐยยยรฐยยยฐรฐยยยรฐยยยรฐยยยด รฐยยยฐรฐยยยปรฐยยยฐรฐยยยนรฐยยยบรฐยยยรฐยยยฐรฐยยยฝรฐยยยณรฐยย
socially-constructed-person;['๐ผ๐ฐ๐๐ณ๐ฟ๐บ', 'marduk'];รฐยยยผรฐยยยฐรฐยยยรฐยยยณรฐยยยฟรฐยยยบ, รฐยยยนรฐยยยฝ รฐยยยผรฐยยยดรฐยยยรฐยยยฐรฐยยยฟรฐยยยรฐยยยฐรฐยยยฟรฐยยยรฐยยยฐรฐยยยผรฐยยยนรฐยยยรฐยยยบรฐยย
socially-constructed-person;['๐ฐ๐ธ๐ด๐ฝ๐ด'];รฐยยยฐรฐยยยธรฐยยยดรฐยยยฝรฐยยยด รฐยยยนรฐยยยรฐยยย รฐยยยฒรฐยยยฟรฐยยยณรฐยยย รฐยยยทรฐยยยฐรฐยยยฝ
socially-constructed-person;['๐๐ฐ๐๐ฐ๐ฝ๐ฐ', '๐๐ฐ๐๐ฐ๐ฝ๐ฐ๐', '๐ณ๐น๐ฐ๐ฑ๐ฐ๐ฟ๐ป๐ฟ๐', '๐ฑ๐ฐ๐น๐ฐ๐น๐ป๐ถ๐ฐ๐น๐ฑ๐ฟ๐ป'];รฐยยยณรฐยยยนรฐยยยฐรฐยยยฑรฐยยยฐรฐยยยฟรฐยยยปรฐยยยฟรฐยยย รฐยยยนรฐยยยฝ รฐยยยผรฐย
socially-constructed-person;['๐ป๐ด๐๐ฝ๐ฐ๐๐ณ๐ ๐ณ๐ฐ ๐๐น๐ฝ๐๐๐พ๐น'];รฐยยยปรฐยยยดรฐยยยรฐยยยฝรฐยยยฐรฐยยยรฐยยยณรฐยยย รฐยยยณรฐยยยฐ รฐยยยรฐยยยนรฐยยยฝรฐยยยรฐยยยรฐยยยพรฐยยยน (รฐยยยฑรฐยยยฐรฐยยยฟรฐยยยรฐยยยฐรฐยยยฝรฐยยย 15 รฐยยยฒรฐยยยรฐยยยฐรฐยยยรฐยยยผรฐยยยดรฐยยยฝรฐยยยรฐยยยธรฐยยย 1482 รฐยยยนรฐยยยฝ รฐยยยฐรฐยยยฝรฐยยยบรฐยยยนรฐยยยฐรฐยยยฝรฐยยย, รฐยยยฑรฐยยยน รฐยยยรฐยยยนรฐยยยฝรฐยยย
socially-constructed-person;['๐บ๐ฐ๐ธ๐ฐ๐๐น๐ฝ๐ฐ โข๐ฑโข ๐๐ฟ๐๐ฐ๐ป๐ฐ๐ฝ๐ณ๐น๐', 'catherine'];รฐยยยบรฐยยยฐรฐยยยธรฐยยยฐรฐยยยรฐยยยนรฐยยยฝรฐยยยฐ โขรฐยยยฑโข รฐยยยรฐยยยฟรฐยยยรฐยยยฐรฐยยยปรฐยยยฐรฐยยยฝรฐยยยณรฐยยยนรฐยยย, รฐยยยพรฐยยยฐรฐยยยท รฐยยยบรฐยยยฐรฐยยยธรฐยยยฐรฐยยยรฐยยยนรฐยยยฝรฐยยยฐ รฐยยยรฐยยย รฐยยยผรฐยยยนรฐยยยบรฐยยยนรฐยยยปรฐยยย, รฐยยยรฐยยยฐรฐยยย
socially-constructed-person;['๐๐น๐ฝ๐๐๐ด๐ฝ๐ ๐๐ฐ๐ฝ ๐ฒ๐๐', '๐ฑ๐น๐ฝ๐๐ฐ๐น๐ฝ๐ ๐ฑ๐ฐ๐ฝ ๐ฒ๐ฐ๐ฟ๐ท'];รฐยยยฑรฐยยยนรฐยยยฝรฐยยยรฐยยยฐรฐยยยนรฐยยยฝรฐยยย รฐยยยฑรฐยยยฐรฐยยยฝ รฐยยยฒรฐยยยฐรฐยยยฟ
socially-constructed-person;['๐๐ฐ๐ฑ๐ป๐ ๐๐น๐บ๐ฐ๐๐๐', '๐๐ฐ๐ฑ๐ป๐ ๐๐น๐บ๐ฐ๐๐'];รฐยยยรฐยยยฐรฐยยยฑรฐยยยปรฐยยย รฐยยยรฐยยยนรฐยยยบรฐยยยฐรฐยยยรฐยยยรฐยยย รฐยยยรฐยยยฐรฐยยย รฐยยยทรฐยยยดรฐ
socially-constructed-person;['๐ฟ๐ป๐น๐๐๐น๐ ๐. ๐ฒ๐๐ฐ๐ฝ๐', 'ulysses s. grant'];รฐยยยฟรฐยยยปรฐย
socially-constructed-person;['๐๐๐ฝ๐ฐ๐ป๐ณ ๐๐ด๐ฒ๐ฐ๐น๐ฝ', '๐๐๐ฝ๐ฐ๐ป๐ณ ๐๐ด๐ฐ๐ฒ๐ฐ๐ฝ'];รฐยยยรฐยยยรฐยยยฝรฐยยยฐรฐยยยปรฐยยยณ รฐยยยรฐยยยดรฐยยยฒรฐยยยฐรฐยยยนรฐยยยฝ รฐยยยนรฐยยยรฐยยย รฐยยยรฐยยยนรฐยยยณรฐ
socially-constructed-person;['๐๐ฟ๐ป๐๐น๐ป๐ฐ', '๐๐ฟ๐ป๐๐น๐ป๐ฐ/wulfila'];รฐยยยรฐยยยฟรฐยยยปรฐยยยรฐยยยนรฐยยยปรฐยยยฐ รฐยยยรฐยยยฐรฐยยย รฐยยยรฐยยยนรฐยยยรฐยย
socially-constructed-person;['๐ท๐ฐ๐ฝ๐ ๐บ๐๐น๐๐๐น๐ฐ๐ฝ ๐ฐ๐ฝ๐ณ๐ฐ๐น๐๐๐ฐ๐น๐ฝ', 'hans christian andersen'];รฐยยยทรฐยยยฐรฐยยยฝรฐยยย รฐยยยบรฐยยยรฐยยยนรฐยยยรฐยยยรฐยยยนรฐยยยฐรฐยยยฝ รฐยยยฐรฐยยยฝรฐยยยณรฐยยยฐรฐยยยนรฐยยยรฐยยยรฐยยยฐรฐยยยนรฐย
socially-constructed-person;['๐ท๐ฐ๐น๐ธ๐ฝ๐ฐ๐ณ๐๐ผ๐', '๐ท๐ฐ๐น๐ธ๐ฝ๐ฐ๐ฒ๐ฐ๐ป๐ฐ๐ฟ๐ฑ๐ด๐น๐ฝ๐'];รฐยยยทรฐยยยฐรฐยยยนรฐยยยธรฐยยยฝรฐยยยฐรฐยยยฒรฐยยยฐรฐยยยปรฐยยยฐรฐยยยฟรฐยยยฑรฐยยยดรฐยยยนรฐยยยฝรฐยยย รฐยยยนรฐยยยรฐยยย รฐยยยฒรฐยยยฐรฐยยยปรฐยยยฐรฐยยยฟรฐยยยฑรฐยยยดรฐยยยนรฐยยยฝรฐยยย รฐยยยฐรฐยยยนรฐยยยรฐยยยธรฐยยยฐรฐยยยบรฐยยยรฐ
socially-constructed-person;['๐ฐ๐ฟ๐๐๐๐ฐ๐ฒ๐ฟ๐๐ฐ', '๐ฐ๐ฟ๐๐๐๐ฐ๐ฒ๐ฟ๐๐ฐ/austraguta'];รฐยยยฐรฐยยยฟรฐยยยรฐยยยรฐยยยรฐยยยฐรฐยยยฒรฐยยยฟรฐยยยรฐยยยฐ รฐยยยรฐยยยฐรฐยยย รฐยยยรฐยยยฐ รฐยยยธรฐยยยนรฐยยยฟรฐยยยณรฐ
socially-constructed-person;['๐๐ฐ๐ฝ๐ณ๐ฐ๐ป๐๐'];รฐยยยรฐยยยฐรฐยยยฝรฐยยยณรฐยยยฐรฐยยยปรฐยยยรฐยยย รฐยยยรฐยยยดรฐยยยรฐยยยฟรฐยยยฝ รฐยยยธรฐยยยนรฐยยยฟรฐยยยณรฐยยยฐ รฐยยยฒรฐยยยฐรฐยยยนรฐยยยรฐยยยผรฐยยยฐรฐยยยฝรฐยยยนรฐยยยรฐยยยบรฐยยยนรฐยยย รฐยยยฟรฐยยยรฐยยยรฐยยยฟรฐยยยฝรฐยยยนรฐยยย รฐยยยรฐยยยดรฐยยยรฐยยยน รฐยยยนรฐยยยฝรฐยยยน
socially-constructed-person;['๐๐ฐ๐๐ฐ๐๐๐', 'tataros'];รฐยยยรฐยยยฐรฐยยยรฐยยยฐรฐยยยรฐยยยฐ รฐยยยรฐยย
socially-constructed-person;['๐๐น๐๐น๐ฒ๐ฟ๐๐ฐ', '๐๐น๐๐น๐ฒ๐ฟ๐๐ฐ๐ฝ๐', '๐๐น๐๐ฟ๐ฒ๐ฟ๐๐ฐ๐ฝ๐'];รฐยยยรฐยยยนรฐยยยรฐยยยนรฐยยยฒรฐยยยฟรฐยยยรฐ
socially-constructed-person;['๐๐น๐๐น๐ฒ๐ฟ๐๐ฐ', '๐๐น๐๐น๐ฒ๐ฟ๐๐ฐ๐ฝ๐', '๐๐น๐๐ฟ๐ฒ๐ฟ๐๐ฐ๐ฝ๐'];รฐยยยรฐยยยนรฐยยยรฐยยยนรฐยยยฒรฐยยยฟรฐยยยรฐยยยฐรฐยยยฝรฐยยย รฐยยยรฐยยยดรฐยยยรฐยยยฟรฐยยยฝ รฐยยยผรฐยยยนรฐยยยธ
socially-constructed-person;['๐น๐ด๐๐ฟ๐ ๐๐๐น๐๐๐ฟ๐', '๐น๐ด๐๐ฟ๐ ๐๐๐น๐๐๐ฟ๐/iesus xristus'];รฐยยยนรฐยยยดรฐยยยรฐยยยฟรฐยยย รฐยยยรฐยยยรฐยยยนรฐยยยรฐยยยรฐยยยฟรฐยยย, รฐยยยฐรฐยยยนรฐยยยธรฐยยยธรฐยยยฐรฐยยยฟ รฐยยยนรฐย
socially-constructed-person;['๐๐๐ฐ๐ฟ๐ฐ'];รฐยยยรฐยยยรฐยยยฐรฐยยยฟรฐยยยฐ รฐยยยนรฐยยย
socially-constructed-person;['๐๐ผ๐น๐ธ๐ฐ'];รฐยยยรฐยยยผรฐยยยนรฐยยยธรฐยยยฐ รฐยยยนรฐยยยรฐยยย รฐยยยรฐยยยฐรฐยยยฟรฐยยยรฐย
socially-constructed-person;['๐ฑ๐๐ฟ๐ธ๐'];รฐยยยฑรฐยยยรฐยยยฟรฐยยยธรฐยยย รฐยยยนรฐยยยรฐยยย รฐยยยรฐยยยฐรฐ
socially-constructed-person;['๐พ๐ฟ๐ป๐ด๐น๐ ๐บ๐ฐ๐น๐๐ฐ๐'];รฐยยยฒรฐยยยฐรฐยยยนรฐยยยฟรฐยย
socially-constructed-person;['๐ฑ๐ป๐ด๐น๐ ๐๐ฐ๐๐บ๐ฐ๐ป', '๐ฑ๐ป๐ฐ๐น๐ ๐๐ฐ๐๐บ๐ฐ๐ป', 'blaise pascal'];รฐยยยฑรฐยยยปรฐยยยฐรฐยยยนรฐยยย รฐยยยรฐยยยฐรฐยยยรฐยยยบรฐยยยฐรฐยยยป รฐยย
socially-constructed-person;['๐๐ด๐น๐๐', '๐๐น๐ฟ๐/tius', 'tรฝr'];รฐยยยรฐยยยดรฐยยยนรฐยยยรฐยยย รฐยยยนรฐยยยรฐยยย รฐย
socially-constructed-person;['๐๐๐ฐ๐ฟ๐พ๐'];รฐยยยรฐยยยรฐยยยฐรฐยยยฟรฐยยยพรฐยยย รฐยยยนรฐยยยรฐยยย รฐยยยทรฐยยยฐ
socially-constructed-person;['๐๐ฐ๐น๐ป๐ฐ๐น๐ฝ๐ฐ', 'selรฉnรฉ', '๐๐ด๐ป๐ด๐ฝ๐ด'];รฐยยยรฐยยยฐรฐยยยนรฐยยยปรฐยยยฐรฐยยยนรฐยยยฝรฐยยยฐ รฐยยยฐรฐยยยนรฐยยยธรฐยยยธรฐยยยฐรฐยยยฟ รฐยยยรฐยยยดรฐ
socially-constructed-person;['๐ฐ๐๐น๐๐๐๐๐ด๐ป๐ฐ๐น๐'];รฐยยยฐรฐยยยรฐยยยนรฐยยยรฐยยยรฐยยยรฐยยยรฐยยยดรฐยยยปรฐยยยฐรฐยยยนรฐยยย รฐยยยรฐยยยฐรฐยยย รฐยยยบรฐยยยรฐยยยดรฐยยยบรฐยยย รฐยยยทรฐยยยฐรฐยยยฝรฐยยยณรฐยยยฟรฐยยยฒรฐยยย, รฐยยยรฐยยยฐ
socially-constructed-person;['๐ฐ๐ฝ๐๐พ๐ฟ๐', 'ansjus'];รฐยยยฐรฐยยยฝรฐยยยรฐยยยพรฐยยยฟรฐยยย รฐยยยรฐยยยดรฐยยยรฐยยยฟรฐยยยฝ รฐยยยฒรฐยย
socially-constructed-person;['๐ผ๐ฐ๐๐น๐ฐ๐ผ'];รฐยยยผรฐยยยฐรฐยยยรฐยยยนรฐยยยฐรฐยยยผ รฐยยยฐรฐยยยนรฐยยยธรฐยยยธรฐยยยฐรฐยยยฟ รฐยยยผรฐยยยฐรฐยยยรฐยยยพรฐยยยฐ รฐยยยรฐยยยฐรฐยยย รฐยยยนรฐยยยฟรฐยยยณรฐย
socially-constructed-person;['๐ธ๐น๐ฟ๐ณ๐ฐ๐ฝ๐'];รฐยยยธรฐยยยนรฐยยยฟรฐยยยณรฐยยยฐรฐยยยฝรฐย
socially-constructed-person;['๐ฒ๐ฟ๐ธ', '๐ฒ๐ฟ๐ธ/guรพ'];รฐยยยฒรฐยยยฟรฐยยยธ รฐยยยนรฐยยยฝ รฐยยยฒรฐยยยฐรฐยยยปรฐยยยฐรฐยยยฟรฐยยยฑรฐยยยดรฐยยยนรฐยยยฝรฐยยยนรฐยยยผ รฐยยยผรฐ
socially-constructed-person;['๐๐ฐ๐๐ฐ๐'];รฐยยยรฐยยยฐรฐยยยรฐยยยฐรฐยยย รฐยยยนรฐยยยรฐยยย รฐยยยรฐยยยฐรฐยยยฟรฐยยยรฐยยยณ
socially-constructed-person;['george h. w. bush', '๐ณ๐พ๐ฐ๐ฟ๐๐ณ๐ถ ๐ท.๐. ๐ฑ๐ฟ๐๐พ'];รฐยยยณรฐยยยพรฐยยยฐ
spatial-feature;['๐ฒ๐ฐ๐ฟ๐ป๐ฒ๐ฐ๐ฟ๐ธ๐ฐ'];รฐยยยฒรฐยยยฐรฐยยยฟรฐยยยปรฐยยยฒรฐยยยฐรฐยยยฟรฐยยยธรฐยยยฐ รฐยยยนรฐยยยรฐยยย รฐยยยฝรฐยยยฐรฐยยยผรฐยยย รฐยยยรฐยยยรฐย
spatial-feature;['๐๐ฐ๐น๐๐ฒ๐ฟ๐ฝ๐น ๐๐ฐ๐๐ด๐น๐บ๐น๐'];รฐยยยรฐยยยฐรฐยยยนรฐยยยรฐยยยฒรฐยยยฟรฐยยยฝรฐยยยน รฐยยยรฐย
taxonomic-collective;['๐๐ฐ๐ฟ๐ท๐', '๐๐ฐ๐ฟ๐ท๐/fauho', 'vulpes'];รฐยยยรฐยยยฐรฐยยยฟรฐยยยทรฐยยย (Vulpes) รฐยยยนรฐยยยรฐยยย รฐยยยรฐยยยปรฐยยยฐรฐยยยทรฐย
taxonomic-collective;['๐ฑ๐น๐ป๐น๐๐ฐ', 'hyoscyamus'];รฐยยยฑรฐยยยนรฐยยยปรฐยยยนรฐยยยรฐยยยฐ รฐยยยนรฐยยยรฐยยย รฐยยยฐรฐยยยนรฐยยยฝ รฐยยยฐรฐยยยนรฐยยยธรฐยยยธรฐยยยฐ
temporal-region;['๐ท๐ป๐ด๐ธ๐๐ฐ๐๐๐ฐ๐บ๐ด๐น๐ฝ๐'];รฐยยยทรฐยยยปรฐยยยดรฐยยยธรฐยยยรฐยยยฐรฐยยยรฐยยยรฐยยยฐรฐยยยบรฐยยยดรฐยยยนรฐยยยฝรฐยยย รฐยยยฐรฐยยยนรฐยยยธรฐยยยธรฐยยยฐรฐยยยฟ รฐยยยรฐยยยฟรฐยยยบรฐยยยรฐยยย รฐยยยนรฐยยยรฐยยย รฐยยยนรฐยยยฟรฐยยยณรฐยยยฐรฐยยยนรฐยย
temporal-region;['๐๐น๐บ๐', 'wiko', '๐๐น๐บ๐/wiko'];รฐยยยรฐยยยนรฐยยยบรฐยยย รฐยยยนรฐยยยรฐยยย
temporal-region;['๐๐ฟ๐ฝ๐ฝ๐๐ฝ๐ ๐ณ๐ฐ๐ฒ๐', '๐๐ฟ๐ฝ๐ฝ๐น๐ฝ๐ ๐ณ๐ฐ๐ฒ๐', '๐ณ๐ฐ๐ฒ๐ ๐ฐ๐๐ฐ๐๐๐ฐ๐ฑ๐ฑ๐ฐ๐๐ด'];รฐยยยรฐยยยฟรฐยยยฝรฐยยยฝรฐยยยนรฐยยยฝรฐยยย รฐยยยณรฐยยยฐรฐยยยฒรฐยยย รฐยยยนรฐ
temporal-region;['๐ฐ๐๐๐ฟ๐ผ๐ฐ ๐พ๐น๐ฟ๐ป๐ด๐น๐'];รฐยยยฐรฐยยยรฐยยยรฐยยยฟรฐยยยผรฐยยยฐ รฐยยยพรฐยยยนรฐยยยฟรฐยยยปรฐยยยดรฐยยยนรฐยยย รฐยยยนรฐยยยรฐยยย รฐยย
temporal-region;['๐๐ฐ๐น๐ฝ๐๐ด๐ณ๐ฐ๐ฒ๐'];รฐยยยรฐยยยฐรฐยยยนรฐยยยฝรฐยยยรฐยยยดรฐยยยณรฐยยยฐรฐยยยฒรฐยย
temporal-region;['๐ฐ๐๐๐ฟ๐ผ๐ฐ ๐พ๐น๐ฟ๐ป๐ด๐น๐'];รฐยยยฐรฐยยยรฐยยยรฐยยยฟรฐยยยผรฐยยยฐ รฐยยยพรฐยยยนรฐยยยฟรฐยยยปรฐยยยดรฐยยยนรฐยยย รฐยยยนรฐยยยรฐยยย รฐยย
temporal-region;['๐ฐ๐๐๐ฟ๐ผ๐ฐ ๐พ๐น๐ฟ๐ป๐ด๐น๐'];รฐยยยฐรฐยยยรฐยยยรฐยยยฟรฐยยยผรฐยยยฐ รฐยยยพรฐยยยนรฐยยยฟรฐยยยปรฐยยยดรฐยยยนรฐยยย รฐยยยนรฐยยยรฐยยย รฐยย
temporal-region;['๐๐๐ณ๐ฐ๐ฝ๐น๐ ๐ณ๐ฐ๐ฒ๐'];รฐยยยรฐยยยรฐยยยณรฐยยยฐรฐยยยฝรฐยยยนรฐยยย รฐยยยณรฐยย
temporal-region;['๐พ๐น๐ฟ๐ป๐ด๐น๐'];รฐยยยพรฐยยยนรฐยยยฟรฐยยยปรฐยยยดรฐยยยนรฐยยย รฐยยยนรฐยยยรฐย
temporal-region;['๐พ๐น๐ฟ๐ป๐ด๐น๐'];รฐยยยพรฐยยยนรฐยยยฟรฐยยยปรฐยยยดรฐยยยนรฐยยย รฐยยยนรฐยยยรฐย
temporal-region;['๐ฑ๐ป๐๐ผ๐ฐ๐ผ๐ด๐ฝ๐๐ธ๐'];รฐยยยฑรฐยยยปรฐยยยรฐยยยผรฐยยยฐรฐยยยผรฐยยยดรฐย
temporal-region;['๐๐ฐ๐น๐๐๐ฐ๐น๐ผ๐ฑ๐ฐ๐น๐', '๐ฐ๐บ๐๐ฐ๐ฝ๐ผ๐ด๐ฝ๐๐ธ๐'];รฐยยยรฐยยยฐรฐยยยนรฐยยยรฐยยยรฐยยยฐรฐยยยนรฐยย
temporal-region;['๐บ๐ฐ๐ป๐ณ๐ผ๐ด๐ฝ๐๐ธ๐'];รฐยยยบรฐยยยฐรฐยยยปรฐยยยณรฐยยยผรฐยยยดรฐยยยฝรฐ
temporal-region;['๐๐ฐ๐ฝ๐น๐ผ๐ด๐ฝ๐๐ธ๐'];รฐยยยรฐยยยฐรฐยยยนรฐยยยฑรฐยยยรฐยยยฟรฐยยยฐรฐยยยรฐยย
temporal-region;['๐ฐ๐๐ฐ๐ฝ๐ผ๐ด๐ฝ๐๐ธ๐'];รฐยยยฐรฐยยยรฐยยยฐรฐยยยฝรฐยยยผรฐยยยดรฐยยยฝรฐยยยรฐยย
temporal-region;['๐ท๐ฐ๐๐น๐ผ๐ด๐ฝ๐๐ธ๐'];รฐยยยทรฐยยยฐรฐยยยรฐยยยนรฐยยยผรฐยยยดรฐยยยฝรฐยยยรฐยยยธ
temporal-region;['๐ฒ๐๐ฐ๐๐ผ๐ด๐ฝ๐๐ธ๐'];รฐยยยฒรฐยยยรฐยยยฐรฐยยยรฐยยยผรฐยยยดรฐยยยฝรฐยยยรฐยยยธรฐ
temporal-region;['๐๐ฐ๐๐ผ๐ผ๐ด๐ฝ๐๐ธ๐'];รฐยยยรฐยยยฐรฐยยยรฐยยยผรฐยยยผรฐยยยดรฐยยยฝรฐยยยรฐยยยธ
temporal-region;['๐๐๐ฟ๐ผ๐ฐ ๐พ๐น๐ฟ๐ป๐ด๐น๐'];รฐยยยรฐยยยรฐยยยฟรฐยยยผรฐยยยฐ รฐยยยพรฐยยยนรฐยยยฟรฐ
temporal-region;['๐๐ด๐น๐ฝ๐ผ๐ด๐ฝ๐๐ธ๐'];รฐยยยรฐยยยดรฐยยยนรฐยยยฝรฐยยยผรฐยยยดรฐยยยฝรฐยย
temporal-region;['๐พ๐ด๐'];รฐยยยพรฐยยยดรฐยยย รฐยยยนรฐยยยรฐยยย รฐยยยผรฐยยยดรฐยยยป รฐยยยนรฐยยยฝ รฐยยยธรฐยยยฐรฐยยยผรฐยยยผ
temporal-region;['๐ผ๐ด๐ฝ๐น๐ฝ๐ ๐ณ๐ฐ๐ฒ๐'];รฐยยยผรฐยยยดรฐยยยฝรฐยยยนรฐยยยฝรฐยยย รฐยยยณรฐยยยฐรฐ
temporal-region;['๐๐ฐ๐ผ๐ฑ๐ฐ๐๐๐ณ๐ฐ๐ฒ๐'];รฐยยยรฐยยยฐรฐยยยผรฐยยยฑรฐยยยฐรฐยยยรฐยยยรฐยยยณรฐยยยฐรฐยยยฒรฐยยย รฐยยยนรฐยยยรฐยยย รฐยยยรฐยยยรฐยยยนรฐยยยณรฐยยยณรฐยยยพรฐยยยรฐยยย รฐยยยณรฐ
temporal-region;['๐๐๐น๐ณ๐ณ๐พ๐๐ ๐ณ๐ฐ๐ฒ๐', 'friddjos dags', '๐๐น๐ณ๐ณ๐พ๐๐ ๐ณ๐ฐ๐ฒ๐'];รฐยยยรฐยยยรฐยยยนรฐยยยณรฐยยยณรฐยยยพรฐยยยรฐยยยฝรฐยยย รฐยยยณรฐยยยฐรฐยยยฒรฐยยย รฐยย
temporal-region;['๐ฐ๐๐ด๐น๐ฝ๐๐ณ๐ฐ๐ฒ๐', 'areinsdags'];รฐยยยฐรฐยยยรฐยยยดรฐยยยนรฐยยยฝรฐยยยรฐยยยณรฐยยยฐรฐ
