abstract-quality;['personalidade'];O complexo de todos os atributos (de comportamento, temperamentais, emocionais e mentais) que caracterizan un individuo único.
abstract-quality;['identidade'];Aliaxe de cobre e chumbo que se usa principalmente para facer potas grandes.
activity;['filme', 'curtametraxe', 'longametraxe', 'película', 'filmes', 'películas'];Unha forma de entretemento que representa unha historia mediante son e unha secuencia de imaxes crean a ilusión de movemento continuo.
activity;['subscrición'];Contribución cun compromiso que adquiriu.
activity;['supervisión'];Vixilancia encamiñada a custodiar ou observar algo.
activity;['liturxia'];Fibras de vidro fiadas e reunidas en paquetes semellantes á la.
activity;['vaselina', 'vaseline'];Marca rexistrada dunha xelatina derivada do petróleo.
activity;['proxecto', 'tarefa'];Reino dun arquipélago da Polinesia no sur do océano Pacífico. acadou a súa independencia do Reino Unido en 1970.
activity;['proxecto', 'tarefa'];(paleontoloxía) placa ósea que se curva cara arriba pola parte de atrás do cranio de moitos dinosauros ceraptósidos.
activity;['proxecto', 'tarefa'];Parte do corpo externo que consta de penas ou pelos arredor do pescozo dunha ave ou outro animal.
activity;['proxecto', 'tarefa'];Parte do córtex cerebral en calquera dos hemisferios do cerebro situado directamente detrás da testa.
activity;['proxecto', 'tarefa'];Calquera prominencia do óso frontal situada por riba de cada órbita.
activity;['proxecto', 'tarefa'];Calquera das circunvolucións da superficie externa do lobo frontal do cerebro.
activity;['proxecto', 'tarefa'];Sutura situada entre as dúas metades do óso frontal (xeralmente obliterada ós 6 anos).
activity;['rescate', 'salvamento'];Axente químico usado para matar os ácaros.
activity;['rescate', 'salvamento'];(química) substancia que inicia ou acelera unha reacción química sen ser afectada en si mesma.
activity;['rescate', 'salvamento'];(química) na formación dunha conexión coordinada é o composto que doa electróns.
activity;['acción', 'acción humana', 'actividade humana', 'acto'];Algo que fan as persoas ou que provocan que aconteza.
activity;['vacinación', 'inoculación'];Acción de vacinarse como precaución contra o contaxio dunha doenza.
activity;['demanda', 'pedimento', 'petición'];Cabeza en forma de cogombro.
activity;['suxestión'];Persuasión formulada coma unha suxestión.
activity;['teoloxía'];Profesión aprendida que se adquire mediante cursos especializados en relixión (habitualmente ensínase na universidade ou no seminario).
activity;['tempo atmosférico', 'tempo', 'condicións meteorolóxicas'];Condicións meteorolóxicas que constan do estado da atmosfera no tocante a temperatura, vento, nubes e precipitacións.
activity;['tecnoloxía'];Aplicación práctica da ciencia ao comercio ou á industria.
activity;['skate', 'skateboarding'];Deporte no que se patina sobre un monopatín.
agent-driven-role;['operador'];Un axente que manexa algún aparello ou algunha máquina.
agentive-figure;['kolkhoz'];Cristal lixeiro formado sobre a superficie dalgunhas lavas. úsase como un abrasivo.
agentive-figure;['kolkhoz'];Substancia que arde sen chama cando se prende. usada para acender as mechas (especialmente a dos fogos artificiais).
agentive-figure;['comisión', 'consello', 'xunta'];Grupo de persoas reunidas para supervisar algún asunto oficial.
agentive-figure;['servizo nacional de parques', 'national park service'];Axencia do Departamento do Interior de Estados Unidos responsábel dos parques nacionais.
agentive-figure;['militares', 'soldadesca', 'tropa'];Soldados no seu conxunto.
agentive-figure;['washington'];Goberno federal dos Estados Unidos.
agentive-figure;['partido demócrata', 'partido demócrata dos estados unidos'];Escritor escocés de novelas de aventuras (1721-1771).
agentive-figure;['partido demócrata', 'partido demócrata dos estados unidos'];Tecido muscular que non se presenta como estriado no microscopio. ten a forma de capas finas ou láminas.
agentive-figure;['partido demócrata', 'partido demócrata dos estados unidos'];Veleno secretado por certas serpes.
agentive-figure;['pantasma', 'bulto', 'cocón', 'espantallada', 'espantonia', 'estadea', 'estantiga', 'magadaña', 'mandrágula', 'zarronco'];Apófise delgada do óso temporal que fortalece o arco cigomático.
agentive-physical-object;['virus animal', 'virus de animais'];Un patóxeno animal que é un virus.
agentive-physical-object;['kobus kob'];Unha das dúas ramas da arteria carótide interna. divídese en tres ramas.
agentive-physical-object;['kobus kob'];Unha das dúas veas cerebrais.
agentive-physical-object;['organismo', 'ser vivo', 'ser', 'seres vivos'];Unha entidade viva que ten (ou pode desenvolver) a capacidade de actuar ou funcionar independentemente.
agentive-physical-object;['trifolium reflexum', 'trifolium stoloniferum'];Trevo do oeste de Estados Unidos.
agentive-physical-object;['andoriña do cu branco', 'andoriña de cu branco', 'anduriña de cu branco', 'delichon urbicum'];Monoamina que é funcionalmente importante na transmisión neural.
agentive-physical-object;['andoriña do cu branco', 'andoriña de cu branco', 'anduriña de cu branco', 'delichon urbicum'];Ácido que contén só un átomo de hidróxeno substituíble por molécula.
agentive-physical-object;['andoriña do cu branco', 'andoriña de cu branco', 'anduriña de cu branco', 'delichon urbicum'];Calquera elemento da clase dos anticorpos producidos nun laboratorio por un único clon de células ou liña celular e que consiste en moléculas de anticorpos idénticos.
agentive-physical-object;['andoriña do cu branco', 'andoriña de cu branco', 'anduriña de cu branco', 'delichon urbicum'];Hidrato que contén unha molécula de auga por molécula do composto.
agentive-physical-object;['xerador eléctrico', 'xerador', 'alternador'];Motor que converte a enerxía mecánica en enerxía eléctrica por indución electromagnética.
agentive-physical-object;['vibrio', 'vibrión'];Bacteria con forma de vírgula e provista de motilidade.
agentive-physical-object;['estreliña do norte', 'regulus regulus'];Veas que reciben o sangue da lingua e do chan da boca e desembocan na xugular interna ou na vea facial.
agentive-physical-object;['estreliña do norte', 'regulus regulus'];Xornalista estadounidense (1889-1974).
agentive-physical-object;['kuvasz'];Enzima que produce a coagulación.
agentive-physical-object;['paspalum distichum'];Unha folla flexíbel de tecido que cobre ou forra ou conecta os órganos ou as células de animais ou plantas.
agentive-physical-object;['xestela'];De Eurasia e Groenlandia e América do Norte.
agentive-physical-object;['viola de can'];Violeta europea de flores azuis e talos frondosos.
agentive-physical-object;['taraxacum kok-saghyz'];Calquera das varias aminas (como putrecina e cadaverina) formadas pola acción de bacterias putrefatas.
agentive-physical-object;['penstemon barbatus'];Substancia que é líquida a presión e temperatura ambiente.
agentive-physical-object;['espermatófita', 'fanerógama', 'antófito', 'fanerógamo', 'spermatophytina', 'espermatófitas', 'spermatophyta'];Planta que se reproduce por medio de semente e non de esporas.
agentive-physical-object;['lagarto', 'lacertilios', 'lacertilia', 'lacetilia'];Neurona que conduce os impulsos cara a fóra do cerebro e da medula espiñal.
agentive-physical-object;['pediocactus knowltonii'];Calquera óso do pé entre o nocello e as dedas.
agentive-physical-object;['pediocactus knowltonii'];Arco curto lateral formado polas cabezas dos metatarsos.
agentive-physical-object;['beluga', 'delphinapterus leucas'];Unha das veas que drena o nariz externo e desemboca na vea angular ou na vea facial.
agentive-physical-object;['beluga', 'delphinapterus leucas'];Órgano que está situado sobre ou preto da superficie do corpo.
agentive-physical-object;['spilogale putorius'];Hormona gastrointestinal producida polas células epiteliais que revesten o fondo do estómago. parece ser un estimulante para o apetito e alimentación, pero tamén é un forte estimulante da secreción da hormona do crecemento a partir da pituitaria anterior.
agentive-physical-object;['cachalote pigmeo', 'cachalote pequeno', 'kogia breviceps'];Substancia potente que actúa coma unha hormona e atópase en moitos tecidos corporais (especialmente no seme). prodúcese en resposta ao trauma e pode afectar a presión sanguínea, o metabolismo, a actividade do músculo liso.
agentive-physical-object;['cachalote pigmeo', 'cachalote pequeno', 'kogia breviceps'];Glándula do tamaño dunha castaña, formada parcialmente por tecido muscular, situada nos machos no colo da uretra e que produce unha secreción viscosa que é a parte fluída do seme.
agentive-physical-object;['poeciliidae'];(Na2SO4.10H2O) sal incoloro utilizado como catártico.
agentive-physical-object;['llama', 'lama glama'];Líquido leitoso segregado o primeiro ou o segundo día despois do parto.
agentive-physical-object;['llama', 'lama glama'];Mineral valioso negro que combina niobita e tantalita. úsase en teléfonos móbiles e chips de ordenador.
amount-of-matter;['lox', 'osíxeno líquido'];(uso non técnico) peza diminuta de calquera cousa.
amount-of-matter;['cinc', 'zn', 'zinc', 'número atómico 30'];Elemento metálico, brillante e branco azulado. crebadizo a temperaturas normais, pero brando cando se quenta. utilízase nunha ampla variedade de aliaxes e na galvanización do ferro. atópase de modo natural como sulfuro de cinc en mesturas de cinc.
amount-of-matter;['latón ?-ß', 'metal amarelo', 'metal muntz'];Tipos de latón que teñen máis cinc ca cobre e son máis fortes que o latón alfa. utilízase na fabricación de pezas fundidas e produtos quentes traballados.
amount-of-matter;['latón ?'];Aliaxe de cobre e cinc. utilízase, principalmente, para traballar en frío.
amount-of-matter;['ácido margárico', 'ácido heptadecanoico', 'heptadecanoato'];Ácido graxo cristalino, incoloro e sintético.
amount-of-matter;['lipoproteína'];Papel de alta calidade (xeralmente cun recheo de caolín).
amount-of-matter;['lipoproteína'];Rama da arteria hepática. fornece a vesícula biliar e a superficie do fígado.
amount-of-matter;['lipoproteína'];Arterias na man e no pé que fornecen os dedos e as dedas.
amount-of-matter;['lipoproteína'];Unha das tres arterias que fornecen as paredes anteriores do abdome.
amount-of-matter;['bronce ?'];Aliaxe de cobre e estaño que pode ser traballada.
amount-of-matter;['tántalo', 'ta', 'número atómico 73'];Madeira que está flotando ou que foi levada cara á terra.
amount-of-matter;['tántalo', 'ta', 'número atómico 73'];Elemento metálico, brillante, gris e duro, que é moi resistente á corrosión. atópase na niobita, na fergusonita e na tantalita.
amount-of-matter;['bismuto', 'bi', 'número atómico 83'];Papel que está envelenado ou revestido cunha substancia pegañenta para matar moscas.
amount-of-matter;['bismuto', 'bi', 'número atómico 83'];Pequena mancha escura feita polo excremento dunha mosca.
amount-of-matter;['noradrenalina', 'simpatina', 'norapinefrina', 'norepinefrina'];Precursor de epinefrina, composto por catecolamina, que é segregado pola medula adrenal e tamén se libera nas sinapses.
amount-of-matter;['berilio', 'be', 'glicinio', 'glucinio', 'número atómico 4'];Elemento metálico, bivalente, tóxico, gris, crebadizo, duro e luminoso.
amount-of-matter;['circonio', 'zr', 'número atómico 40'];Resto que deixou o tabaco queimado parcialmente e endurecido na cunca da pipa despois de fumar.
amount-of-matter;['ferrita', 'ferro ?'];Alótropo magnético de ferro. permanece estable por debaixo dos 906 graos centígrados.
amount-of-matter;['antimonio', 'sb', 'estibio', 'número atómico 51'];Graxa derivada dos gansos.
amount-of-matter;['antimonio', 'sb', 'estibio', 'número atómico 51'];Elemento metálico que ten catro formas alotrópicas. úsase nunha ampla variedade de aliaxes. atopouse na stibnite.
amount-of-matter;['aliaxe', 'liga'];Mestura formada por dous ou máis elementos metálicos ou por elementos metálicos e non metálicos xeralmente fundidos xuntos ou disoltos un noutro cando se funden.
amount-of-matter;['ferro ?'];Alótropo do ferro non magnético que é a base da austenita. permanece estable entre os 906 e os 1.403 graos centígrados.
amount-of-matter;['abrillantador', 'brunidor', 'cera para piso', 'lustrador', 'pulidor'];Preparación que contén cera e que se usa para abrillantar e preservar o revestimento do chan.
amount-of-matter;['rutherfordio', 'rf', 'número atómico 104', 'kurchatovio', 'unnilquadio'];Aceite que se endurece no aire debido á oxidación e é usado frecuentemente como pintura ou como base de verniz.
amount-of-matter;['berkelio', 'bk', 'berquelio', 'número atómico 97'];Elemento radioactivo transuránico. foi descuberto bombardeando americio con helio.
amount-of-matter;['talio', 'tl', 'número atómico 81'];Tinta negra líquida empregada para imprimir, escribir ou deseñar.
amount-of-matter;['talio', 'tl', 'número atómico 81'];Papel que está especialmente preparado para o seu uso como borradores.
amount-of-matter;['talio', 'tl', 'número atómico 81'];Trenzas longas de cabelos finos que irradian dende o coiro cabeludo. popularizouse como rastafari.
amount-of-matter;['disprosio', 'dy', 'número atómico 66'];Ácido graxo omega-3 con 22 átomos de carbono. atópadose nos peixes (principalmente no atún e no peixe azul).
amount-of-matter;['lantano', 'la', 'número atómico 57'];Elemento metálico branco e suave, que se deslustra rapidamente. atópase en minerais de terras raras e xeralmente clasifícase como unha terra rara.
amount-of-matter;['espermaceti'];Saliva coloreada de marrón polo tabaco (tabaco esnifado ou mascado).
amount-of-matter;['ferro ?'];Alótropo do ferro que permanece estable entre os 1.403 graos centígrados e o punto de fusión (1.532 graos).
amount-of-matter;['carbohidrato', 'glícido', 'hidrato de carbono', 'azucre', 'sacarosa', 'hidratos de carbono', 'glícidos', 'sacáridos', 'sacárido'];Compoñente estrutural esencial das células vivas e fonte de enerxía para os animais. inclúe azucres simples con moléculas pequenas, así como as substancias macromoleculares. son clasificados de acordo co número de grupos monosácaridos que conteñen.
amount-of-matter;['1-dodecanol', 'alcohol láurico'];Alcohol sólido transparente e insoluble usado para deterxentes e produtos farmacéuticos.
amount-of-matter;['azote', 'nitróxeno', 'ázoe'];Nome obsoleto para o nitróxeno.
amount-of-matter;['corpo cetónico'];Cetona que é un produto intermedio da interrupción de graxas no corpo. calquera dos tres compostos (ácido acetoacético, acetona e/ou ácido betahidroxibutírico) atopados en exceso no sangue e na urina de persoas con trastornos metabólicos.
amount-of-matter;['zume de laranxa'];Zume de laranxas envasado ou espremido recentemente.
amount-of-matter;['kummel', 'licor de ribadeo'];Calquera sal ou éster do ácido crómico.
amount-of-matter;['kummel', 'licor de ribadeo'];Elinvar é unha marca comercial para un tipo de aceiro utilizado para crear resortes, porque a súa elasticidade é constante ao longo dunha ampla gama de temperaturas.
amount-of-matter;['aceiro inoxidábel', 'aceiro inoxidable'];Aceiro que contén cromo para facelo máis resistente á corrosión.
amount-of-matter;['materia graxa', 'nata', 'tona'];Materia graxa do leite a partir da cal se fai a manteiga.
amount-of-matter;['asunto en cuestión', 'contido', 'mensaxe', 'substancia', 'tema'];Aquilo sobre o que trata unha comunicación.
amount-of-matter;['auga salgada', 'auga de mar', 'auga do mar', 'auga mariña'];Auga oceánica e dalgúns lagos caracterizada polo alto contido en sales (principalmente cloruro sódico e outras substancias en disolución).
amount-of-matter;['solo', 'terra'];Material da capa máis superficial da codia terrestre na que poden medrar as plantas (especialmente no tocante á súa calidade ou uso).
biological-object;['bandullo', 'barriga', 'tripa', 'ventre'];Xerga para referirse á barriga.
biological-object;['bocha', 'bóchega', 'ampola', 'boza', 'vexiga', 'vincha', 'vinchoca'];(patoloxía)elevación da pel que está chea de líquido seroso.
biological-object;['clítoris'];Órgano sexual feminino homólogo ao pene.
biological-object;['dedo', 'dáctilo', 'dedos'];Dedo ou deda dos seres humanos ou parte do corpo correspondente noutros vertebrados.
biological-object;['órgano vexetal'];Unha unidade funcional e estrutural dunha planta ou dun fungo.
biological-object;['carpo', 'pulso', 'articulación radiocarpiana', 'articulación radio-escafo-lunar', 'articulación do pulso'];Articulación que está entre o extremo distal do radio e a fileira proximal dos ósos do carpo.
biological-object;['cotobelo', 'articulacións metacarpofalánxicas', 'articulacións metacarpo-falánxicas', 'articulación metacarpofalánxica', 'cotelo', 'coteno', 'cotomelo', 'nocello', 'noelo', 'nortello'];Xunta do dedo cando o puño está pechado.
biological-object;['genu varum', 'tibia vara', 'xeonllo varo'];Perna arqueada para fóra na altura do xeonllo (ou por embaixo do xeonllo).
biological-object;['adenoide', 'amígdala de luschka', 'tonsila farínxea', 'tonsilla adenoidea', 'tonsilla pharyngealis'];Acumulación de tecido linfático situado no pescozo por detrás da úvula (na parede posterior e no teito nasofarínxeo).
biological-object;['apéndice', 'apófise', 'processus'];Unha prolongación natural ou unha proxección dunha parte dun organismo animal ou vexetal.
biological-object;['núcleo celular', 'núcleo', 'núcleo da célula'];Parte da célula que contén DNA e RNA e é responsable do crecemento e da reprodución.
biological-object;['talo', 'cana', 'caule', 'pabea'];Unha estrutura delgada e alongada que sustenta unha planta, un fungo, unha parte da planta ou un órgano da planta.
biological-object;['intersticio'];Pequeno espazo estruturais entre tecidos ou partes dun órgano.
biological-object;['cordón espermático'];Rolo de papel fino e estreito que serve para usos hixiénicos.
biological-object;['manguito rotador', 'manguiño dos músculos rotadores', 'manguito de rotadores', 'manguito dos rotadores'];Estrutura de apoio do ombreiro constituída polos músculos e tendóns que ligan o brazo á articulación do ombreiro e permiten o seu movemento.
biological-object;['dente mal posicionado'];Dente que foi crecendo nunha posición defectuosa.
biological-object;['mácula lútea', 'macula lutea', 'mancha', 'mancha amarela', 'mácula', 'área macular', 'mácula da retina', 'umbo'];Pequena área amarelada central situada na retina que é rica en conos e que condiciona a visión detallada e clara.
biological-object;['coiro', 'coira', 'pel', 'pelella', 'pelello', 'pelica', 'pelico'];Pel de animal alisada e feita flexible pola eliminación do pelo e o curtido.
biological-object;['espermátide', 'nematoblasto'];Ácido isomérico derivado do tolueno.
biological-object;['labios', 'labio'];Paquete dun arco de fibras brancas na base do cerebro, o hipocampo, que proxectos de cada hemisferio para o hipocampo contralateral e os corpos mamarios e o tálamo.
biological-object;['tríceps', 'tríceps braquial'];Calquera músculo esquelético de tres orixes (pero especialmente o tríceps braquial).
biological-object;['mama', 'seo', 'teta', 'peito', 'chucha', 'glándula mamaria', 'glándulas mamarias'];Cada unha das dúas secretoras de leite carnosas e moles situadas no peito dunha muller.
biological-object;['cona', 'xenitais femininos', 'órganos xenitais femininos'];Órganos sexuais femininos externos.
biological-object;['unlla', 'uña'];Lámina córnea que cobre e protexe unha parte da superficie dorsal dos dedos.
biological-object;['fígado'];A pel e os seus apéndices.
biological-object;['colo uterino', 'colo do útero', 'cervix', 'cervix uteri', 'cérvix', 'cérvix uterino', 'moco cervical'];Abertura cara ao útero en forma de colo.
biological-object;['óso semilunar', 'os lunatum', 'óso semilunar do carpo', 'semilunar'];Produto químico (xeralmente un sulfuro) usado para eliminar os pelos, a la ou as sedas dos coiros.
biological-object;['testículo', 'ovo', 'bóla', 'collón', 'pelota'];Cada unha das dúas glándulas reprodutivas do home que producen espermatozoides e segregan andróxenos.
biological-object;['ril', 'cadril', 'rinle', 'riles'];Un dos dous órganos excretores en forma de feixón que filtran os refugallos (especialmente a urea) do sangue e excretaos, xunto con auga na urina.
biological-object;['kumquat'];Aliaxe de aceiro feita con cromo e volframio.
biological-object;['kumquat'];Sal de cor violeta utilizado no curtume do coiro e como mordente en tinturaría.
biological-object;['kumquat'];Calquera elemento dunha clase de pigmentos verdes que constan de amarelo cromo e azul ferro.
biological-object;['kumquat'];Calquera dos varios pigmentos amarelos constituídos de cromato de chumbo normal e outros compostos de chumbo.
biological-object;['musculus abductor digiti minimi manus', 'músculo abdutor do dedo maimiño da man'];Músculo abdutor do dedo pequeno.
biological-object;['musculus abductor pollis', 'músculo adutor do polgar'];Músculo adutor do dedo polgar.
biological-object;['tronco', 'corpo', 'torso'];O corpo excluíndo a cabeza, o pescozo e os membros.
biological-object;['cigoto', 'embrión', 'ovo', 'óvulo fertilizado'];(xenética) célula diploide resultante da unión dun espermatozoide haploide e dun óvulo(incluíndo o organismo que se desenvolve a partir desa célula).
biological-object;['dedo maimiño', 'maimiño', 'dediño', 'dedo belleco', 'dedo pequeniño', 'pequeniño', 'molecrín', 'velleco'];Dedo máis afastado do polgar.
biological-object;['dedo índice', 'furabolos', 'mostreiro', 'dedo furabolos', 'dedo mostreiro', 'índice'];Dedo próximo ao polgar.
biological-object;['cara', 'face', 'faciana', 'rostro', 'cara humana', 'carís', 'rosto'];Fronte da cabeza humana que vai dende a testa ao queixo e dende orella a orella.
biological-object;['dereita', 'destra', 'man dereita'];Man que está no lado dereito do corpo.
biological-object;['cara', 'face', 'faciana', 'rostro'];Rostro humano.
biological-object;['cúbito', 'ulna'];Óso interior e máis grande dos dous ósos do antebrazo humano.
biological-object;['espermatozoide', 'células do esperma', 'esperma', 'spermatozoon'];Veas da parte inferior da perna. desembocan na vea poplítea.
biological-object;['espermatozoide', 'células do esperma', 'esperma', 'spermatozoon'];Músculo que vai dende a tibia ao primeiro metatarsiano e aos ósos cuneiformes.
biological-object;['espermatozoide', 'células do esperma', 'esperma', 'spermatozoon'];Músculo profundo da perna.
biological-object;['espermatozoide', 'células do esperma', 'esperma', 'spermatozoon'];Punta dunha deda.
biological-object;['barriga da perna', 'papo da perna', 'polpa'];Músculo da parte traseira da perna.
biological-object;['unlla', 'unlla do dedo', 'uña', 'uña do dedo'];Uña situada no final dun dedo.
biological-object;['unlla', 'unlla da deda', 'uña', 'uña da deda'];Uña situada no final dunha deda.
biological-object;['ollo', 'oculus', 'globo ocular'];O órgano da visión.
biological-object;['aparato circulatorio', 'aparello circulatorio', 'sistema cardiovascular', 'sistema circulatorio', 'circulación sanguínea', 'circulación sistémica'];Órganos e tecidos implicados na circulación do sangue e da linfa a través do corpo.
biological-object;['intestino', 'entrañas', 'intestinos', 'tripa', 'tripas'];Porción da canle alimentaria situada entre o estómago e o ano.
biological-object;['antebrazo', 'cana do brazo'];Parte do membro superior situada entre o cóbado e o pulso.
biological-object;['aparato reprodutor', 'aparello reprodutor', 'estrutura reprodutora'];As partes dunha planta involucradas na súa reprodución.
biological-object;['dedo medio', 'pai de todos', 'dedo maior', 'maior', 'grandiño'];Terceiro dedo, contando desde o polgar. sitúase entre o dedo índice e o dedo anular.
biological-object;['ouvido', 'oído', 'orella'];Órgano sensorial para a audición e o equilibrio.
biological-object;['columna vertebral', 'raque', 'costas', 'espiña', 'espiña dorsal', 'raquis', 'cernizo', 'cerrizo', 'espiñazo', 'soaxe', 'soá'];Serie de vértebras que forman o eixe do esqueleto e protexen a medula espiñal.
biological-object;['mamila', 'bico do peito', 'bico de teta', 'bico da teta', 'teto'];Pequena protuberancia dunha glándula mamaria.
biological-object;['abdome', 'bandullo', 'barriga', 'tripa', 'ventre'];Barriga branda ou parte inferior do corpo dun animal.
biological-object;['dedo polgar', 'polgar', 'matapiollos', 'cachapiollos', 'dedo cachapiollos', 'dedo gordo', 'dedo grande', 'dedo matapiollos', 'escachapiollos'];Dedo curto, gordo e máis interior da man.
biological-object;['dedo anular', 'anular', 'medianiño', 'dedo medianiño', 'dedo mediano', 'mediano', 'compañeiriño', 'padriño', 'sobriño'];Cuarto dedo da man, empezando a contar polo polgar.
biological-object;['cartilaxe', 'tecido cartilaxinoso', 'cartigo'];Tecido elástico resistente. a maior parte convértese en óso nos adultos.
chemical-object;['lipoproteína'];Papel de alta calidade (xeralmente cun recheo de caolín).
chemical-object;['lipoproteína'];Rama da arteria hepática. fornece a vesícula biliar e a superficie do fígado.
chemical-object;['lipoproteína'];Arterias na man e no pé que fornecen os dedos e as dedas.
chemical-object;['lipoproteína'];Unha das tres arterias que fornecen as paredes anteriores do abdome.
classification-system;['calendario lunar'];Veas temporais que desembocan no plexo pterigoide.
classification-system;['sistema de ficheiros'];Sistema de clasificación de ficheiros (habitualmente en orde alfabética).
cognitive-event;['intimidade'];Proximidade afectuosa.
cognitive-event;['sensación'];Percepción, elemental e sen desenvolvemento, dun estímulo.
cognitive-event;['sensualidade', 'sensualismo'];Desexo de praceres sensuais.
cognitive-event;['suspense'];Expectación excitada dun clímax que se aproxima.
cognitive-event;['heráldica', 'armaría'];O estudo e clasificación dos brasóns de armas e da pescuda sobre xenealoxías.
cognitive-modal-description;['actitude'];Un estado mental complexo que implica crenzas, sentimentos, valores e disposicións para actuar de xeitos determinados.
cognitive-modal-description;['reacción', 'resposta'];Un proceso corporal que sucede debido ao efecto dalgún estímulo ou dalgún axente anterior.
collection;['agrupación', 'agrupamento', 'colectivo', 'grupo'];Calquera número de entidade (membros) considerado como unha unidade.
course;['lugar', 'posición'];A porción de espazo determinada que ocupa algo.
course;['resultado', 'consecuencia', 'efecto', 'repercusión'];Un fenómeno que é resultado dalgún fenómeno previo que o causa.
dependent-place;['centro', 'medio', 'punto medio'];Un punto equidistante desde os cabos dunha liña ou desde as extremidades dunha figura.
dependent-place;['camada', 'capa', 'estrato'];Unha extensión relativamente fina que actúa coma un manto ou unha área que está situada sobre outra ou por baixo doutra.
dependent-place;['pupila', 'meniña', 'meniña do ollo', 'santa do ollo', 'santiña', 'santiño', 'santo'];Apertura contráctil no centro do iris do ollo. semella un gran punto negro.
description-role;['abstracción', 'entidade abstracta'];Un concepto xeral que se conforma tirando características comúns de exemplos concretos.
description-role;['compoñente', 'parte', 'porción'];Algo determinado en relación con outra cousa que o inclúe.
ecological-collective;['cidadanía', 'pobo'];O conxunto dos cidadáns dun estado ou dun país.
event;['evento', 'acontecemento', 'suceso'];Algo que acontece nun lugar e nun tempo determinado.
functional-matter;['negro marfil'];Pigmento negro feito a partir do marfil moído e queimado en aceite.
functional-matter;['cuspe', 'saliva', 'baba', 'chuspe', 'cuspia'];Líquido claro segregado na boca polas glándulas salivares e as glándulas mucosas da boca. humedece a boca e inicia a dixestión dos amidóns.
functional-matter;['bostela', 'cachela', 'carapola', 'carocha', 'carpola', 'caspela', 'cotra', 'postela', 'éscara'];Codia seca que se forma na pel despois dunha queimadura ou cauterización da mesma.
functional-matter;['noradrenalina', 'simpatina', 'norapinefrina', 'norepinefrina'];Precursor de epinefrina, composto por catecolamina, que é segregado pola medula adrenal e tamén se libera nas sinapses.
functional-matter;['circonio', 'zr', 'número atómico 40'];Resto que deixou o tabaco queimado parcialmente e endurecido na cunca da pipa despois de fumar.
functional-matter;['tapa', 'tapas'];Tea acartonada que se elabora no sur do Pacífico batendo a cortiza tapa.
functional-matter;['pano', 'tea'];Unha peza separada feita de tecido.
functional-matter;['siena torrada', 'terra de siena torrada'];Pigmento marrón avermellado producido pola siena torrada.
functional-matter;['toro', 'tronco', 'rolla', 'tora'];Segmento do tronco dunha árbore que queda despois de que esta fora despoxada das súas ramas.
functional-matter;['cola', 'engrudo', 'pegamento'];Cemento constituído por unha substancia pegañenta que se usa como adhesivo.
functional-matter;['vaselina', 'vaseline'];Marca rexistrada dunha xelatina derivada do petróleo.
functional-matter;['tintura', 'tinta', 'colorante'];Substancia xeralmente soluble que serve para manchar ou colorar, por exemplo, tecidos ou o cabelo.
functional-matter;['siena crúa', 'terra de siena crúa'];Pigmento marrón amarelado feito a partir da siena sen tratar.
functional-matter;['coiro', 'coira', 'pel', 'pelella', 'pelello', 'pelica', 'pelico'];Pel de animal alisada e feita flexible pola eliminación do pelo e o curtido.
functional-matter;['siena', 'terra de siena'];Cor terra que contén óxidos de ferro. usado como pigmento.
functional-matter;['sombra', 'terra de sombra'];Pigmento de cor terra.
functional-matter;['esterco', 'estrume', 'cuito', 'batume', 'esquilmo', 'louza', 'mato', 'molime', 'mulime', 'valume', 'cuito ou argueiro'];Calquera material animal ou vexetal utilizado para fertilizar a terra, especialmente excrementos animais que se mesturan co mato rozado que lles fai de cama nas cortes.
functional-matter;['plasma sanguíneo', 'plasma', 'plasma do sangue'];Líquido incoloro e acuoso do sangue e da linfa que non contén células, pero no que están suspendidas as células do sangue (eritrocitos, leucocitos e trombocitos).
functional-matter;['zume de laranxa'];Zume de laranxas envasado ou espremido recentemente.
functional-matter;['tella', 'placa'];Material de construción usado como revestimento ou para teitar.
functional-matter;['bostela', 'cachela', 'capela', 'carapola', 'carocha', 'carpola', 'caspa', 'caspela', 'postela'];Sangue callado dunha ferida.
functional-matter;['cristal', 'cuarzo', 'vidro de cuarzo', 'seixo', 'souxo'];Vidro incoloro feito de sílice case pura.
functional-matter;['sombra torrada', 'terra de sombra torrada'];Pigmento marrón escuro obtido por quentamento da terra de sombra.
functional-matter;['bosta', 'excremento', 'feces'];Materia fecal dos animais.
functional-matter;['sombra crúa', 'terra de sombra crúa'];Pigmento cunha cor entre verde e marrón.
functional-matter;['kummel', 'licor de ribadeo'];Calquera sal ou éster do ácido crómico.
functional-matter;['kummel', 'licor de ribadeo'];Elinvar é unha marca comercial para un tipo de aceiro utilizado para crear resortes, porque a súa elasticidade é constante ao longo dunha ampla gama de temperaturas.
functional-matter;['urina', 'ouriños', 'mexa', 'mexo', 'pipí'];Produto de excreción líquido.
functional-matter;['queixo gouda', 'gouda'];Fibra natural (algodón, la, liño, cánabo) que pode ser torcida para formar fíos.
functional-matter;['colma', 'colmado', 'colmazo', 'colmo'];Talos de plantas, especialmente cereais, usados como material para teitar.
functional-matter;['rocha magmática', 'rocha ígnea', 'rochas ígneas'];Rocha formada pola solidificación do magma fundido.
functional-matter;['bringa', 'vimbio', 'vime', 'vimbia', 'vimia', 'brime', 'buíño', 'guimia', 'guineita', 'trogallo', 'ódega'];Rama delgada e flexible (especialmente de salgueiros ou dalgunhas canas). usado para actividades de cestaría.
functional-matter;['kumquat'];Aliaxe de aceiro feita con cromo e volframio.
functional-matter;['kumquat'];Sal de cor violeta utilizado no curtume do coiro e como mordente en tinturaría.
functional-matter;['kumquat'];Calquera elemento dunha clase de pigmentos verdes que constan de amarelo cromo e azul ferro.
functional-matter;['kumquat'];Calquera dos varios pigmentos amarelos constituídos de cromato de chumbo normal e outros compostos de chumbo.
functional-matter;['graínzo', 'pedra', 'pedrazo', 'salpedrés', 'sarabia', 'saragana', 'saraiba'];Pequena bola de xeo que cae durante unha tempestade de sarabia.
functional-matter;['corrente sanguínea', 'fluxo de sangue'];Sangue que circula a través do sistema circulatorio.
functional-matter;['bostela', 'cachela', 'carapola', 'carocha', 'carola', 'carpola', 'caspela', 'cotra'];Superficie con forma de cotra durante a curación dunha lesión de pel.
functional-matter;['materia graxa', 'nata', 'tona'];Materia graxa do leite a partir da cal se fai a manteiga.
functional-matter;['protoplasma', 'protoplásmico'];Xeneral do exército confederado durante a Guerra Civil Estadounidense cuxas tropas resistiron como un muro de pedra na primeira batalla de Bull Run (1824-1863).
functional-matter;['coiraza', 'concha', 'cuncha', 'cónchega'];Material que forma o revestimento exterior duro de moitos animais.
functional-matter;['seme', 'esperma', 'exaculación', 'fluído seminal', 'inzo', 'leite', 'líquido seminal', 'semente'];Fluído branco e espeso que contén os espermatozoides que se exacula polo trato xenital masculino.
functional-matter;['plasma sanguíneo', 'plasma', 'plasma do sangue'];Líquido incoloro e acuoso do sangue e da linfa que non contén células, pero no que están suspendidas as células do sangue (eritrocitos, leucocitos e trombocitos).
genetic-collective;['árbore xenealóxica', 'xenealoxía'];Xeracións sucesivas de familiares.
geographical-object;['fervenza', 'cadoiro', 'salto de auga', 'seimeira', 'abanqueiro', 'freixa', 'ruxida', 'ruxidoira', 'cachón', 'cachoeira', 'catarata'];Unha caída elevada da auga dun río.
geographical-object;['cabo'];Franxa de terra que sobresae nun corpo de auga.
geographical-object;['golfo'];Un brazo dun mar ou dun océano parcialmente cercado por terra, maior ca unha baía.
geographical-object;['río da prata', 'la plata', 'río de la plata'];Calquera das varias proteínas complexas que son producidas polas células e actúan como catalizadores nas reaccións bioquímicas específicas.
geographical-object;['río da prata', 'la plata', 'río de la plata'];Leucocito tinxido facilmente con eosina.
geographical-object;['océano atlántico', 'atlántico'];O segundo océano máis grande, separa o leste de Norte América e de Sur América do oeste de Europa e África.
geographical-object;['océano pacífico', 'pacífico', 'pacífico norte'];O maior océano do planeta.
geographical-object;['corpo de auga', 'agua', 'auga', 'masa de agua', 'masa de auga'];A parte da superficie terrestre cuberta de auga (como un río, un lago ou un océano).
geographical-object;['terra', 'chan', 'terra firme'];A parte sólida da superficie da Terra.
information-object;['labial', 'consoante labial'];Parte anterior do cerebro. porción do cerebro que se desenvolve a partir da parte anterior do tubo neural.
information-object;['labial', 'consoante labial'];Pregadura de pel que recobre a punta do pene.
information-object;['selo'];Estampa que se adhire a un documento (para testemuñar a súa autenticidade ou para selalo).
information-object;['máster en avogacía', 'máster en derecho'];Principais canles de retorno para o corazón. formada por anastomose da vea cardinal anterior e da vea cardinal posterior.
information-object;['delta'];Cada un dos pares de tubos de condución dos óvulos dos ovarios ao útero.
information-object;['minúscula'];Neurotransmisor monoamina atopado no cerebro, que é esencil para o funcionamento normal do sistema nervioso central. como unha droga, é usada para tratar hipotensión e estados de impacto.
information-object;['sinatura', 'firma'];O nome dunha persoa escrito coa súa propia letra, habitualmente con rúbrica.
information-realization;['retrato robot'];Calquera dos dous ocos da parte posterior da cavidade nasal, que conducen á nasofarinxe.
information-realization;['retrato robot'];Xorde próxima ao cumio do corazón e desemboca no seo coronario.
information-realization;['subcontrato'];Contrato que lle asigna a outra parte algunhas obrigas dun contrato anterior.
information-realization;['instrucións previas'];Solución acuosa de hipoclorito de sodio.
information-realization;['tradutor'];Programa que traduce desde unha linguaxe de programación a outra.
information-realization;['transparencia'];Transparencia montada nun marco exhibida cun proxector de transparencias.
information-realization;['dito', 'expresión', 'locución', 'modismo', 'xiro'];Unha palabra ou unha frase que persoas particulares usan en situacións particulares.
information-realization;['suspiro'];Expresión que se fai exhalando de forma audíbel.
information-realization;['comunicación escrita', 'linguaxe escrita'];Comunicación por medio de símbolos escritos (tanto impresa coma manuscrita).
information-realization;['comunicación visual'];Comunicación que depende da visión.
information-realization;['xiga', 'giga'];Música en compás de tres por catro para bailar unha xiga.
information-realization;['ragnarok'];Orificio de respiración.
information-realization;['blasfemia', 'cagamento', 'maldición', 'xuramento'];Expresión profana ou obscena, polo xeral de sorpresa ou anoxo.
intentional-collective;['movemento obreiro'];Pigmento ultramarino preparado artificialmente.
language;['lisp'];Globulina situada no plasma sanguíneo que transporta o ferro.
language;['lingua', 'linguaxe', 'idioma', 'comunicación lingüística', 'fala', 'linguaxe oral'];Un medio sistemático de comunicarse mediante o uso de sons ou símbolos convencionais.
language;['arquitectura gótica', 'arquitectura oxival'];Ferro en lingotes que contén manganeso. úsase como axente desoxidante e para aumentar o contido de manganeso na produción de aceiro.
language;['lingua komi'];Marca comercial de vidro de borosilicato cun baixo coeficiente de expansión. úsase para vidros resistentes á calor en cociñas e na química.
language;['lingua komi'];Calquera dos diferentes compostos básicos derivados do composto nitroxenado da pirimidina.
language;['lingua komi'];Composto orgánico heterocíclico cun cheiro penetrante.
language;['lingua komi'];Calquera dos varios sulfatos de aparencia metálica (dos cales a pirita é o máis común).
language;['lingua komi'];Nitrocelulosa que contén menos nitróxeno que o nitrato de celulosa. utilízase na fabricación de pólvora sen fume.
language;['lingua komi'];Fenol cristalino, luminoso, branco e tóxico, que se usa para tratar certas enfermidades da pel e como colaborador fotográfico.
language;['lingua komi'];Mineral composto de dióxido de manganeso. importante fonte de manganeso.
legal-possession-entity;['ben', 'propiedade', 'posesión', 'inmoble'];Algo que se posúe, calquera posesión tanxíbel ou intanxíbel que lle pertence a alguén.
legal-possession-entity;['imposto', 'contribución', 'taxa', 'trabuco', 'tributo', 'fiscalidade', 'impostos', 'sistema fiscal'];Carga sobre un cidadán, unha propiedade ou unha actividade para o sustento do goberno.
locative-role;['quioto', 'kioto', 'kyoto'];Produto químico ou material biolóxico que inhibe o crecemento bacteriano.
locative-role;['quioto', 'kioto', 'kyoto'];Mineral composto de óxido de circonio.
locative-role;['lund'];Produto químico de superficies moi utilizado na industria e para o lavado.
locative-role;['lund'];Auga que contén unha proporción substancial de átomos de deuterio. úsase en reactores nucleares.
locative-role;['xenebra', 'xenebra, suíza', 'genève', 'genf'];Parte do córtex cerebral en calquera dos hemisferios do cerebro situada no interior das tempas da cabeza.
locative-role;['xenebra', 'xenebra, suíza', 'genève', 'genf'];Calquera dos diferentes músculos que fan que unha estrutura anexa se poña tensa ou firme.
locative-role;['xenebra', 'xenebra, suíza', 'genève', 'genf'];Pequeno músculo do oído medio que se tensa para rotexer o tímpano.
locative-role;['xenebra', 'xenebra, suíza', 'genève', 'genf'];Hidrocarburo insaturado que se obtén das plantas.
locative-role;['rexión de francia'];Unha subdivisión xeográfica de Francia.
locative-role;['liverpool'];Mineral duro e resistente á corrosión, que é unha aliaxe natural de osmio e iridio (xeralmente con pequenas cantidades rodio e platino). utilízase en agullas, puntas de pluma etc.
locative-role;['porto', 'aduana', 'alfándega', 'peirao'];Un lugar (dun porto ou dun aeroporto) no que as persoas e as mercadorías poden entrar ou saír dun país.
locative-role;['choio', 'traballo', 'lugar de traballo'];Un lugar onde se fai o traballo.
locative-role;['lugar', 'punto', 'punto topográfico', 'zona'];Un punto localizado respecto ás características da superficie dunha rexión.
locative-role;['porta de entrada', 'punto de entrada'];Unha alfándega na que se sitúan as autoridades aduaneiras para supervisar a entrada e a saída de persoas e mercadorías.
locative-role;['laboratorio'];Variedade incolora (ou de cor amarela pálida ou afumada) de circón.
locative-role;['extensión', 'parcela', 'terreo'];Unha área de terra extensa.
locative-role;['territorio'];Engurra que forma unha costura entre dúas partes.
locative-role;['lugar', 'posición'];A porción de espazo determinada que ocupa algo.
non-agentive-physical-object;['mancha', 'mácula'];Anaco de pel que está descolorido, pero xeralmente non elevado. causada por varias enfermidades.
non-agentive-physical-object;['lentixa', 'marxa', 'penca', 'pencha', 'efélide', 'léntigo', 'lantinxa', 'pincha'];Pequena mancha marrón (da melanina) na pel.
non-agentive-physical-object;['vestido', 'peza', 'roupa'];Peza de vestir.
non-physical-collection;['arquitectura gótica', 'arquitectura oxival'];Ferro en lingotes que contén manganeso. úsase como axente desoxidante e para aumentar o contido de manganeso na produción de aceiro.
non-physical-collection;['sofisticación'];Ilustración inspiradora.
non-physical-place;['lugar', 'punto', 'punto topográfico', 'zona'];Un punto localizado respecto ás características da superficie dunha rexión.
organized-collective;['grupo étnico', 'etnia'];Persoas da mesma raza ou nacionalidade que comparten unha cultura distintiva.
organized-collective;['grupo social'];Grupo de persoas que comparte algunha relación social.
parameter;['vhf', 'moi alta frecuencia'];De 30 a 300 megahertz.
parameter;['intervalo', 'intervalo de tempo'];Un período de tempo delimitado entre dous instantes.
parameter;['velocidade de escape'];A mínima velocidade requirida para escapar dun campo gravitacional.
phenomenon;['reacción química', 'reacción'];(química) un proceso no que unha ou máis substancias mudan para outras.
phenomenon;['reacción', 'resposta'];Un proceso corporal que sucede debido ao efecto dalgún estímulo ou dalgún axente anterior.
phenomenon;['proceso xeolóxico'];(xeoloxía) un proceso natural no que se modifican as características xeolóxicas.
phenomenon;['acción', 'acción natural', 'actividade', 'proceso natural'];Un proceso que ten lugar na natureza ou que causa a natureza (e non a intención dos seres humanos).
phenomenon;['acrecentamento', 'aumento', 'crecemento', 'incremento'];Un proceso de converterse en máis grande, máis longo, máis numeroso ou máis importante.
phenomenon;['tormenta', 'temporal', 'tempestade', 'tempestade violenta', 'treboada', 'trebón'];Violento fenómeno meteorolóxico con velocidades de vento entre os 64 e os 72 nós (11 na escala Beaufort), precipitación, tronos e raios.
phenomenon;['relacións sexuais', 'sexo'];Actividades relacionadas co acto sexual.
phenomenon;['función corporal', 'proceso corporal'];Un proceso orgánico que ten lugar no corpo.
phenomenon;['proceso económico'];Calquera proceso que afecta á produción, ao desenvolvemento e á xestión da riqueza material.
phenomenon;['proceso químico'];(química) calquera proceso determinado pola composición e a estrutura atómica e molecular das substancias implicadas.
phenomenon;['tempo atmosférico', 'tempo', 'condicións meteorolóxicas'];Condicións meteorolóxicas que constan do estado da atmosfera no tocante a temperatura, vento, nubes e precipitacións.
phenomenon;['ontoxenia', 'ontoxénese', 'crecemento', 'desenvolvemento', 'maduración'];(bioloxía) o proceso de crecemento orgánico dun organismo individual, un desenvolvemento puramente biolóxico de sucesos que involucran un organismo que muda gradualmente desde un nivel máis simple cara a outro máis complexo.
phenomenon;['fotografía'];O proceso de produción de imaxes de obxectos en superficies fotosensíbeis.
phenomenon;['respiración', 'respiración pulmonar', 'alento', 'folgo'];O proceso corporal de inhalación e exhalación. o proceso de coller oxíxeno do ar inhalado e de liberar dióxido de carbono na exhalación.
phenomenon;['líquido', 'estado líquido'];Aminoácido cristalino que se atopa nas proteínas e en moitas plantas (por exemplo, nos espárragos).
phenomenon;['líquido', 'estado líquido'];Aminoácido cristalino que se atopa nas proteínas e que se dá, de modo natural, no azucre de remolacha e na cana de azucre.
phenomenon;['líquido', 'estado líquido'];Substancia que está pasando por unha análise dos seus compoñentes.
phenomenon;['procesamento de datos'];(informática) unha serie de operacións coas que un computador trata os datos co fin de recuperar, transformar ou clasificar información.
physical-body;['pedra', 'roca', 'rocha'];Unha masa de materia mineral consolidada e dura.
physical-body;['cadáver', 'corpo', 'corpo morto', 'despoxos', 'restos', 'restos mortais'];Corpo morto dun aminal ou persoa.
physical-body;['cadáver', 'corpo', 'finado', 'morto', 'restos', 'restos mortais'];Cadáver dun ser humano.
physical-object;['moto', 'motocicleta', 'motocicletas'];Aceite graxo obtido a partir dos fígados de varios peixes.
physical-object;['moto', 'motocicleta', 'motocicletas'];Peixe seco e fondo utilizado como fertilizantes e como alimento para animais domésticos.
physical-object;['moto', 'motocicleta', 'motocicletas'];Graxa solta e flácida do corpo.
physical-object;['tenis', 'zapato deportivo'];Zapato de lona con sola de goma flexíbel.
physical-object;['xabrón', 'xabón'];Axente limpador feito de sales de graxas vexetais ou animais.
physical-object;['caixa', 'tambor', 'tamboril'];Instrumento de percusión.
physical-object;['estacada', 'valado', 'valo'];Valo feito de estacas verticais.
physical-object;['xunta da cabeza', 'xunta da culata'];Xunta para selar unha culata de cilindro.
physical-object;['sinagoga', 'tabernáculo', 'templo'];(xudaísmo) lugar de culto dunha congregación xudía.
physical-object;['lp', 'long play'];Un dos varios xenes homeóticos similares que están implicadas na segmentación corporal durante o desenvolvemento embrionario.
physical-object;['tribunal', 'tribunal de xustiza', 'xulgado'];Tribunal presidido por un maxistrado ou por un ou máis xuíces que administran a xustiza de acordo ás leis.
physical-object;['infravivenda'];Edificio deteriorado que apenas cumpre as condicións mínimas de habitabilidade.
physical-object;['vestido', 'peza', 'roupa'];Peza de vestir.
physical-object;['cousa'];Unha entidade diferenciada e independente.
physical-object;['tin whistle'];Frauta barata con embocadura.
physical-object;['terra sigillata'];Cerámica feita coa arxila avermellada que se atopa na illa exea de Lemnos.
physical-object;['medios de comunicación', 'periodismo', 'xornalismo'];Periódicos e revistas en conxunto.
physical-object;['trono'];Cadeira de dignidade de monarca, bispo, etc.
physical-object;['tubo'];Os tubos labiais e as tapas dun órgano de tubo.
physical-object;['sinagoga', 'tabernáculo', 'templo'];(xudaísmo) lugar de culto dunha congregación xudía.
physical-object;['acción', 'acción natural', 'actividade', 'proceso natural'];Un proceso que ten lugar na natureza ou que causa a natureza (e non a intención dos seres humanos).
physical-object;['sen fíos'];Transmisión por ondas de radio.
political-geographic-object;['quioto', 'kioto', 'kyoto'];Produto químico ou material biolóxico que inhibe o crecemento bacteriano.
political-geographic-object;['quioto', 'kioto', 'kyoto'];Mineral composto de óxido de circonio.
political-geographic-object;['lund'];Produto químico de superficies moi utilizado na industria e para o lavado.
political-geographic-object;['lund'];Auga que contén unha proporción substancial de átomos de deuterio. úsase en reactores nucleares.
political-geographic-object;['xenebra', 'xenebra, suíza', 'genève', 'genf'];Parte do córtex cerebral en calquera dos hemisferios do cerebro situada no interior das tempas da cabeza.
political-geographic-object;['xenebra', 'xenebra, suíza', 'genève', 'genf'];Calquera dos diferentes músculos que fan que unha estrutura anexa se poña tensa ou firme.
political-geographic-object;['xenebra', 'xenebra, suíza', 'genève', 'genf'];Pequeno músculo do oído medio que se tensa para rotexer o tímpano.
political-geographic-object;['xenebra', 'xenebra, suíza', 'genève', 'genf'];Hidrocarburo insaturado que se obtén das plantas.
political-geographic-object;['división administrativa', 'distrito administrativo', 'división territorial', 'entidad territorial de un páis'];Un distrito definido para fins administrativos.
political-geographic-object;['barrio'];Unha zona dunha vila ou dunha cidade.
political-geographic-object;['españa', 'reino de españa', 'estado español', 'es', 'esp', 'españois', 'española', 'españolas'];Unha monarquía parlamentaria no suroeste de Europa na Península Ibérica, unha antiga potencia colonial.
political-geographic-object;['liverpool'];Mineral duro e resistente á corrosión, que é unha aliaxe natural de osmio e iridio (xeralmente con pequenas cantidades rodio e platino). utilízase en agullas, puntas de pluma etc.
political-geographic-object;['alemaña', 'república federal de alemaña', 'alemá'];Unha república en Europa Central, dividida en Alemaña Oriental e Alemaña Occidental tras a Segunda Guerra Mundial e reunificada en 1990.
political-geographic-object;['suriname', 'surinam'];República ao nordés de América do Sur no Atlántico. acadou a súa independencia dos Países Baixos en 1975.
political-geographic-object;['italia', 'república italiana', 'república de italia'];Unha república no sur de Europa na Península Itálica, foi o centro da República Romana e do Imperio Romano entre o século IV a.C. e o V d.C.
political-geographic-object;['grecia', 'república helénica', 'grecia - ελλάδα'];Unha república no sueste de Europa na parte sur da península dos Balcáns, coñecida polos seus viños, polas olivas e polo aceite de oliva.
political-geographic-object;['méxico', 'estados unidos mexicanos', 'mexicano', 'república mexicana'];Unha república sur de América do Norte, independizouse de España en 1810.
political-geographic-object;['francia', 'república francesa', 'francesa', 'francesas', 'franceses'];Unha república no oeste de Europa, o país máis grande exclusivamente en Europa.
political-geographic-object;['suecia', 'suecia - sverige', 'reino de suecia'];Reino escandinavo na parte oriental da península Escandinava.
political-geographic-object;['luisiana', 'louisiana', 'luisiana - louisiana'];Secreción dunha glándula endócrina que é transmite polo sangue para o tecido en que ela ten un efecto específico.
political-geographic-object;['luisiana', 'louisiana', 'luisiana - louisiana'];(embarazo) membrana mucosa que tapiza a cavidade do útero. espésase grazas ás hormonas e, se non se produce o embarazo, é eliminada na menstruación. se o embarazo sae adiante é eliminada xunto coa placenta no parto.
political-geographic-object;['luisiana', 'louisiana', 'luisiana - louisiana'];Neuroquímico que se atopa de modo natural no cerebro e ten propiedades analxésicas.
political-geographic-object;['luisiana', 'louisiana', 'luisiana - louisiana'];Esqueleto interno. estrutura ósea e cartilaxinosa (especialmente dos vertebrados).
political-geographic-object;['luisiana', 'louisiana', 'luisiana - louisiana'];Epitelio de orixe mesoblástico. fina capa de células achatadas que revisten o interior dalgunhas cavidades do corpo.
political-geographic-object;['luisiana', 'louisiana', 'luisiana - louisiana'];Unidade biolóxica constituída por un núcleo e o corpo do citoplasma cos que interactúa.
political-geographic-object;['california'];Un estado no oeste dos Estados Unidos de América á beira do Pacífico, o terceiro estado máis grande coñecido polos tremores de terra.
political-geographic-object;['bihar'];Ópalo con chamas de cor laranxa, amarela e vermella.
political-geographic-object;['nación africana', 'país africano'];Calquera dos países que ocupan o continente africano.
political-geographic-object;['estado asiático', 'país asiático'];Calquera das nacións que ocupan o continente asiático.
political-geographic-object;['estado europeo', 'país europeo'];Calquera dos países que ocupan o continente europeo.
political-geographic-object;['capital', 'capital nacional'];A cidade capital dunha nación.
political-geographic-object;['liubliana', 'ljubljana'];Calquera material utilizado para dar a súa cor.
political-geographic-object;['brasil', 'república federativa do brasil', 'brasileiro', 'o brasil'];O maior país latinoamericano e o país máis grande de fala portuguesa no mundo, situado na parte central e no nordeste de América do Sur. é o maior exportador de café no mundo.
qualitative-role;['total', 'totalidade', 'unidade'];Un conxunto de partes que se considera como unha única entidade.
qualitative-role;['cousa'];Unha entidade que non ten un nome específico.
qualitative-role;['prezo'];Custo de subornar a alguén.
qualitative-role;['compoñente', 'parte', 'porción'];Algo determinado en relación con outra cousa que o inclúe.
quality;['calma', 'paz', 'quietude', 'serenidade', 'sosego', 'tranquilidade'];(poético) silencio tranquilo.
quality;['probabilidade', 'oportunidade'];Unha medida de como é de probábel que aconteza algún evento, un número que expresa a proporción de casos favorábeis respecto do número total de casos posíbeis.
quality;['obsequiosidade', 'servilismo', 'submisión'];Docilidade abxecta ou servil.
quality;['simplicidade', 'sinxeleza'];Ausencia de afectación ou finximento.
quality;['atributo', 'calidade', 'característica', 'propiedade'];Unha abstracción que pertence a unha entidade ou que é característica dela.
quality;['máster en avogacía', 'máster en derecho'];Principais canles de retorno para o corazón. formada por anastomose da vea cardinal anterior e da vea cardinal posterior.
quality;['ben', 'beneficio', 'proveito', 'utilidade'];Algo que é útil ou conveniente.
quality;['visibilidade'];Capacidade de proporcionar unha visión clara sen obstrucións.
quality;['control', 'mesura'];Soro do sangue que contén anticorpos contra antíxenos específicos. prove inmunidade contra as enfermidades.
quality;['sentimentalidade', 'sentimentalismo'];Falsamente emocional de modo choromiqueiro.
quality;['audacia', 'temeridade'];Ousadía intrépida.
quality;['maxestade', 'maxestosidade'];Calquera das varias mesturas impuras que se producen naturalmente de hidrocarburos.
quality;['maxestade', 'maxestosidade'];Rico en hidrocarburos alcatranados. arde con facilidade cunha chama de fume amarela.
quality;['afouteza', 'bravura', 'coraxe', 'denodo', 'ousadía', 'valentía', 'valor', 'valía'];Valor para proseguir.
quality;['voz'];Calidade distintiva ou ton ou condición da fala dunha persoa.
quality;['tolerancia'];A facultade ou a capacidade dun organismo para tolerar condicións ambientais adversas.
quality;['uniformidade'];Calidade de carecer de diversidade ou variación (mesmo até o punto do fastío).
region;['partida', 'partido', 'representación', 'tempo de xogo', 'xogo'];(en xogos, obras ou outras representacións) o tempo durante o que se desenvolve o partido, a partida, a peza ou a obra.
region;['1728'];Un número cardinal igual a 144 ducias.
region;['bagulla', 'bágoa', 'lágrima', 'pinga'];Gota de solución salina clara e salgada segregada polas glándulas lacrimais.
region;['cantidade definida'];Unha medida específica de cantidade.
region;['sistema de unidades', 'sistemas de unidades'];Un sistema de medidas relacionadas que facilita a cuantificación dalgunha característica particular.
region;['unidade de tempo'];Unha unidade para medir períodos de tempo.
region;['lumen', 'lm'];Cuarzo amarelo.
region;['unidade de enerxía'];Unidade de medición de traballo.
region;['cantidade indefinida'];Unha cantidade estimada.
region;['kwanza'];Calquera enzima que cataliza a hidrólise do coláxeno e do xelatina.
region;['kwacha de malawi'];Secuencia do DNA dun xene que se transcribe nas estruturas proteicas.
region;['coroa sueca', 'coroa sueca - svensk krona'];Célula do sangue maduro que contén hemoglobina para transportar osíxeno para os tecidos corporais. disco bicóncavo que non ten núcleo.
region;['coroa sueca', 'coroa sueca - svensk krona'];Calquera substancia que pode causar a lise (destrución) dos eritrocitos (glóbulos vermellos) e a liberación da súa hemoglobina.
region;['lira turca', 'nova lira turca'];Aceiro cun compoñente relativamente grande (entre o 10% e o 14%) de manganeso. altamente resistente ao desgaste e ao impacto.
region;['lira maltesa'];A irmá do teu pai ou da túa nai. a muller do teu tío.
region;['lunación'];Calquera substancia que serve para alterar as características fundamentais dun elemento.
region;['lunación'];Alcohol etílico, que non é axeitado para beber, pero é útil para outros fins.
region;['lunación'];Aliaxe de ouro utilizada na odontoloxía.
relation;['conexión', 'relación'];Unha relación entre cousas ou eventos (como no caso de que un sexa causa do outro ou comparta características con el).
relation;['compoñente', 'parte', 'porción'];Algo determinado en relación con outra cousa que o inclúe.
relation;['transitividade', 'intransitividade', 'intransitivo', 'transitivo', 'verbo ditransitivo', 'verbo intransitivo', 'verbo transitivo'];Relación gramatical orixinada por un verbo transitivo.
relation;['contraste'];Vitamina B que prevén o beriberi. encárgase do apetito e do crecemento.
relation;['oposición'];A relación entre entidades opostas.
relation;['posición', 'colocación', 'disposición', 'localización', 'relación espacial', 'sitio', 'situación'];A propiedade espacial dun lugar onde algunha cousa está situada ou da maneira en que está disposta.
relevant-part;['fragmento'];Un anaco que se desprendeu ou se cortou doutra cousa.
relevant-part;['coiro', 'coira', 'pel', 'pelella', 'pelello', 'pelica', 'pelico'];Pel de animal alisada e feita flexible pola eliminación do pelo e o curtido.
relevant-part;['compoñente', 'elemento'];Un artefacto que é unha das partes individuais que constitúen unha entidade composta, especialmente unha parte que se pode separar ou conectar nun sistema.
relevant-part;['bigote', 'mostacho', 'bigoteira', 'bigode', 'grañón'];Crecemento de pelos non afeitados no labio superior.
relevant-part;['parte', 'porción'];Algo menor que a totalidade dun artefacto humano.
relevant-part;['peluxe'];Primeira barba dun adolescente.
relevant-part;['mango', 'anga', 'asa', 'agarradoira', 'armela', 'empuñadura', 'puño'];O apéndice dun obxecto que está deseñado para ser agarrado co fin de usalo ou movelo.
simple-collective;['pobo', 'persoas', 'xente'];Calquera grupo de seres humanos colectivamente.
simple-planned-collective;['tribuna'];Espectadores nun partido de tenis ou nunha partida de golf.
situation;['subcontrato'];Contrato que lle asigna a outra parte algunhas obrigas dun contrato anterior.
situation;['lista', 'listado', 'repertorio'];Válvula con dúas cúspides. está situada entre o atrio esquerdo e o ventrículo esquerdo.
situation;['argucia', 'trampa', 'trampullada'];Falsidade en proveito propio.
situation;['enfermidade do fígado', 'hepatopatía'];Arteria que é unha rama da arteria mesentérica superior que fornece o xexuno.
situation;['enfermidade do fígado', 'hepatopatía'];Secrecións polas glándulas que revisten as paredes dos intestinos.
situation;['ultimato', 'ultimatum'];Último requirimento perentorio.
situation;['excursión', 'expedición', 'viaxe de pracer'];Travesía que se realiza por pracer.
situation;['genu varum', 'tibia vara', 'xeonllo varo'];Perna arqueada para fóra na altura do xeonllo (ou por embaixo do xeonllo).
situation;['sendeirismo', 'andada', 'andaina', 'camiñada'];Paseo longo, habitualmente para facer exercicio ou por pracer.
situation;['úlcera gástrica'];Úlcera péptica no estómago.
situation;['resultado', 'consecuencia', 'efecto', 'repercusión'];Un fenómeno que é resultado dalgún fenómeno previo que o causa.
situation;['status asmaticus'];Ataque de asma severo e prolongado que non responde ao tratamento habitual.
situation;['reacción', 'resposta'];Un proceso corporal que sucede debido ao efecto dalgún estímulo ou dalgún axente anterior.
situation;['espermatocele', 'gonocele'];Solución que contén produtos químicos que poden cambiar a cor dunha impresión fotográfica.
situation;['espermatocele', 'gonocele'];Po negro ou de cor utilizado nunha impresora para crear unha imaxe xerográfica.
situation;['tumor cerebral', 'tumores intracraneais', 'tumores intracraneales'];Tumor no cerebro.
situation;['solicitude'];Petición verbal ou escrita de asistencia, emprego ou admisión escolar.
situation;['tormenta', 'temporal', 'tempestade', 'tempestade violenta', 'treboada', 'trebón'];Violento fenómeno meteorolóxico con velocidades de vento entre os 64 e os 72 nós (11 na escala Beaufort), precipitación, tronos e raios.
situation;['máster en avogacía', 'máster en derecho'];Principais canles de retorno para o corazón. formada por anastomose da vea cardinal anterior e da vea cardinal posterior.
situation;['acontecemento', 'aparición', 'suceso', 'happening'];Un evento que ocorre.
situation;['bandazo', 'tropezón'];Paso inconsistente e inestábel.
situation;['tirada', 'travesía'];Percorrido longo e difícil.
situation;['xordeira', 'xordén', 'xorda', 'xordo'];Perda parcial ou completa da audición.
situation;['tricomoníase'];Infección da vaxina.
situation;['uvulite'];Inflamación da úvula.
situation;['tiroteo'];Asasinato dunha persoa cun arma de fogo.
situation;['xordeira', 'xordén', 'xorda', 'xordo'];Perda parcial ou completa da audición.
situation;['ulatrofia'];Regresión das enxivas.
situation;['reinado', 'soberanía'];Autoridade real. o dominio dun monarca.
situation;['conexión', 'relación'];Unha relación entre cousas ou eventos (como no caso de que un sexa causa do outro ou comparta características con el).
situation;['pracer'];Pedra transparente ou translúcida cun brillo perlado. algúns dos tipos son de feldespato ortoclasio e outros son de feldespato plaxioclasio.
situation;['delirio'];Calquera elemento dunha clase de compostos plásticos que se usan para facer carrozarías, caixas para ordenadores e outros dispositivos.
situation;['interrupción', 'suspensión'];Cesamento ou suspensión temporal.
situation;['tempo atmosférico', 'tempo', 'condicións meteorolóxicas'];Condicións meteorolóxicas que constan do estado da atmosfera no tocante a temperatura, vento, nubes e precipitacións.
situation;['conexión', 'enlace', 'ligazón', 'nexo', 'vencello', 'vínculo'];O estado de estar conectado.
situation;['asunto', 'materia', 'tema', 'temática'];O contido dunha conversación ou dun debate.
situation;['asunto en cuestión', 'contido', 'mensaxe', 'substancia', 'tema'];Aquilo sobre o que trata unha comunicación.
social-role;['activo', 'bens', 'ben', 'haber'];Calquera cousa de valor ou utilidade material que lle pertence a unha persoa ou a unha empresa.
social-role;['subsistencia'];Recursos mínimos (ou marxinais) para subsistir.
socially-constructed-person;['tiziano', 'tiziano vecelli'];Vello mestre da escola veneciana (1490-1576).
socially-constructed-person;['supervisor', 'vixilante'];Alguén que vixía candidatos de exames para previr que se copie.
socially-constructed-person;['taberneiro'];Quen atende unha taberna.
socially-constructed-person;['deméter'];As magnitudes relativas de dúas cantidade (xeralmente expresadas como un cociente).
socially-constructed-person;['deméter'];Coiro non curtido especialmente de gando. cortado en tiras úsase para os látegos e as sogas.
socially-constructed-person;['voz'];(metonimia) cantante.
socially-constructed-person;['dalila'];Poeta irlandés que escribiu poesía nostálxica e patriótica (1779-1852).
socially-constructed-person;['krishna'];Esterol vexetal que se converte en vitamina D por radiación ultravioleta.
socially-constructed-person;['xintoísta'];Alguén que cre no xintoísmo.
socially-constructed-person;['asasino', 'homicida'];Elemento metálico, trivalente, branco amarelado e brando do grupo de terras raras. pode ser recuperado da bastnasita ou monacita por un proceso de intercambio iónico.
socially-constructed-person;['asasino', 'homicida'];Elemento metálico, trivalente e amarelo do grupo de terras raras. atópase na monacita e na bastnasita en asociación co cerio, o lantano e o praseodimio.
socially-constructed-person;['asasino', 'homicida'];Elemento bivalente, non metálico, que, normalmente, é un gas diatómico, non inflamable, insípido, inodoro e incoloro. constitúe o 21% do volume da atmosfera. o elemento máis abundante na codia terrestre.
socially-constructed-person;['asasino', 'homicida'];Elemento metálico, univalente ou bivalente, tóxico, prateado e pesado. o único metal que é líquido en temperaturas normais.
socially-constructed-person;['garda', 'vixilante', 'sentinela'];Un vixilante que monta garda.
socially-constructed-person;['transportista'];Contratista do transporte.
socially-constructed-person;['templario'];(bioloxía) a unidade básica estrutural e funcional de todos os organismos. poden existir como unidades de vida independentes (como as mónadas) ou poden formar colonias ou tecidos como nos animais e plantas superiores.
socially-constructed-person;['kolam'];Nariz curto, aplanado e elevado ao final.
socially-constructed-person;['serra leoa', 'república da serra leoa', 'serra leoa - sierra leone', 'sierra leone', 'serra leona'];República da África Occidental. acadou a súa independencia do Reino Unido en 1961.
socially-constructed-person;['delegado', 'delegada'];Éster líquido derivado de alcool isoamílico. ten o cheiro do plátano.
socially-constructed-person;['delegado', 'delegada'];Tecido con forma de corda que conecta dous compoñentes maiores dunha estrutura anatómica.
socially-constructed-person;['ministro'];(anatomía) calquera das canles estreitas situadas nun órgano ou tecido, especialmente aquelas que marcan as circunvolución na superficie do cerebro.
socially-constructed-person;['ministro'];Ácido cristalino feito a partir de anilina que se usa como colorante.
socially-constructed-person;['ministro'];Sal ou éster do ácido sulfúrico.
socially-constructed-person;['intolerancia'];Calquera material que cobre un espazo ou recipiente.
socially-constructed-person;['intolerancia'];Papel poroso de varios tamaños usado como filtro.
socially-constructed-person;['intolerancia'];Produto da filtrado. gas ou líquido que foi pasado a través dun filtro.
socially-constructed-person;['xuíz', 'árbitro', 'xudicatura', 'xuíza'];Funcionario da administración de xustiza con autoridade para xulgar e sentenciar.
socially-constructed-person;['xenetista', 'xenético'];División anterior do prosencéfalo. cerebro e partes relacionadas co hipotálamo.
socially-constructed-person;['trobador', 'xograr', 'cantor popular', 'menestrel', 'segrel', 'troveira', 'troveiro', 'xogral', 'trobadores'];Cantante de cancións folclóricas.
socially-constructed-person;['soldado dos estados confederados'];Soldado do Exército dos Estados Confederados durante a Guerra Civil Estadounidense.
socially-constructed-person;['demiúrgo'];Unha localización grande e indeterminada na superficie da Terra.
socially-constructed-person;['voluntario'];Traballador voluntario nun hospital.
socially-constructed-person;['wasp'];Persoa branca de antecesores anglosaxóns que pertence a unha confesión protestante.
socially-constructed-person;['institutriz'];Fibra vexetal usada, por exemplo, para facer cestos e sombreiros ou como forraxe.
socially-constructed-person;['xornalista', 'periodista'];Escritor para diarios e revistas.
socially-constructed-person;['sureño'];Un estadounidense que vive no sur dos Estados Unidos.
socially-constructed-person;['utopista'];Reformista social idealista (pero habitualmente pouco práctico).
socially-constructed-person;['demagogo', 'demagoxia', 'embelecador', 'manipulador'];Coiro de ante amarelado e brando orixinalmente de pel de cervo, pero agora, xeralmente, a partir de pel de ovella.
socially-constructed-person;['kublai khan', 'khublai khan', 'kubla khan'];Estrutura de protección exterior, soporte ou casca de moitos animais (especialmente invertebrados), incluíndo ósos ou partes da córnea tales como uñas, escamas ou pezuños.
socially-constructed-person;['kublai khan', 'khublai khan', 'kubla khan'];Un fenómeno físico relacionado con electróns e protóns estacionarios ou en movemento.
socially-constructed-person;['skuld'];(mitoloxía nórdica) deusa do destino: unha anana que personificaba o futuro.
socially-constructed-person;['patrocinador', 'promotor'];Entidade que inviste nunha produción teatral.
socially-constructed-person;['váli'];(mitoloxía nórdica) un dos Æsir e vingador de Balder. fillo de Odín.
socially-constructed-person;['implorante', 'suplicante'];Alguén que reza humildemente por algo.
socially-constructed-person;['inapto', 'inepto', 'torpe'];Alguén que comete erros por incompetencia.
socially-constructed-person;['vixilante', 'monitor'];Alguén que vixía (un exame).
socially-constructed-person;['xardineiro'];Alguén que coida un xardín.
socially-constructed-person;['remitente', 'transmisor'];Alguén que transmite unha mensaxe.
space-region;['lugar', 'punto', 'punto topográfico', 'zona'];Un punto localizado respecto ás características da superficie dunha rexión.
space-region;['lugar', 'posición'];A porción de espazo determinada que ocupa algo.
spatial-feature;['kunlun', 'kunlun shan'];Célula dun embrión.
spatial-feature;['brouca', 'caluga', 'cerviz', 'cocote', 'coliga', 'couquizo', 'noca', 'cachazo', 'carrolo', 'covaracha', 'pescozo'];Parte de atrás do pescozo.
spatial-feature;['formación xeolóxica', 'formación'];(xeoloxía) os trazos xeolóxicos da terra.
spatial-feature;['bico', 'cima', 'cimbra', 'cimeira', 'cotela', 'crista', 'cume', 'cumio', 'curucho', 'curuto', 'cúspide', 'petouto', 'pico', 'picoto', 'picouto', 'vértice'];A cúspide dunha montaña.
spatial-feature;['coroa', 'croca', 'curuto', 'coca', 'cocorote', 'cocote', 'cotote', 'couquizo', 'curucho', 'toutizo'];Parte superior da cabeza.
state;['delírium tremens'];(física) material nun reactor nuclear que absorbe a radiación.
state;['esquizofrenia'];Óxido vermello de ferro que se emprega en tinturas e para facer marcas.
state;['demencia'];Aceiro que foi endurecido por inmersión en auga ou aceite para arrefrialo.
subject;['estatística', 'estadística'];Alcano líquido, inflamable e incoloro derivado do petróleo e usado como disolvente.
subject;['estatística', 'estadística'];Composto de estróxenos utilizado para tratar as irregularidades menstruais e os síntomas da menopausa e para evitar o embarazo.
subject;['estatística', 'estadística'];Monosacárido que contén seis átomos de carbono por molécula.
subject;['estatística', 'estadística'];Fluorocarbono emitido como un subproduto da produción industrial.
subject;['estatística', 'estadística'];Forma transparente e verde do mineral espodumena que se usa como unha pedra preciosa.
subject;['estatística', 'estadística'];Explosivo químico poderoso que produce gas nunha taxa moi elevada.
subject;['mecánica estatística', 'mecánica estadística', 'física estatística'];Tecido dun animal dunha especie usado como enxerto temporal (como nos casos de queimaduras graves) nun individuo doutra especie.
subject;['ciencia política', 'política', 'ciencias políticas', 'ciencias políticas e da administración', 'politoloxía', 'politicoloxía', 'politicóloga', 'politicólogo'];Enzima producido por certas cepas de estreptococos que poden licuar coágulos de sangue a través da conversión do plasminóxeno en plasmina. utilízase en medicina nalgúns casos de infanto de miocardio e embolia pulmonar.
subject;['ciencia política', 'política', 'ciencias políticas', 'ciencias políticas e da administración', 'politoloxía', 'politicoloxía', 'politicóloga', 'politicólogo'];Calquera das varias hemolisinas derivadas de cepas do estreptococo.
substance-role;['latón ?-ß', 'metal amarelo', 'metal muntz'];Tipos de latón que teñen máis cinc ca cobre e son máis fortes que o latón alfa. utilízase na fabricación de pezas fundidas e produtos quentes traballados.
substance-role;['latón ?'];Aliaxe de cobre e cinc. utilízase, principalmente, para traballar en frío.
substance-role;['bronce ?'];Aliaxe de cobre e estaño que pode ser traballada.
substance-role;['ambrosía', 'pan de abella'];Mestura de pole e néctar que preparan as abellas obreiras e que alimenta as larvas.
substance-role;['aliaxe', 'liga'];Mestura formada por dous ou máis elementos metálicos ou por elementos metálicos e non metálicos xeralmente fundidos xuntos ou disoltos un noutro cando se funden.
substance-role;['medio de contraste', 'material de contraste'];Colorante azul obtido a partir de plantas ou feito sinteticamente.
substance-role;['aceiro inoxidábel', 'aceiro inoxidable'];Aceiro que contén cromo para facelo máis resistente á corrosión.
substance-role;['cinsa', 'cinza'];Residuo que permanece cando algo arde.
substance-role;['vapor', 'vapor de auga', 'bafo'];Auga en temperatura de ebulición difundida na atmosfera.
task;['contribución'];Articulación conxunta situada entre as extremidades distais da tibia, do peroné e a extremidade proximal do talus.
task;['territorialidade'];Comportamento dun animal macho que marca e defende o seu territorio.
task;['tecnoloxía'];Aplicación práctica da ciencia ao comercio ou á industria.
taxonomic-collective;['bignonia'];Calquera das varias células filiformes alongadas (especialmente unha fibra muscular ou unha fibra nerviosa).
taxonomic-collective;['bignonia'];Peptídico liberado desde o final do amino do fibrinóxeno pola acción da trombina para formar fibrina durante a coagulación do sangue.
taxonomic-collective;['bacterias', 'xénero das bacterias'];Grupo taxonómico conformado por diferentes especies de bacterias.
taxonomic-collective;['delonix'];Tintura en que o cromóforo é a parte dun ión negativo.
taxonomic-collective;['delonix'];Compostos orgánicos que contén o grupo -COX onde X é un átomo de halóxeno.
taxonomic-collective;['división'];(bioloxía) un grupo de organismos que forman unha subdivisión dunha categoría máis grande.
taxonomic-collective;['spinacia', 'xénero spinacia'];Espinaca.
taxonomic-collective;['thylacinus', 'xénero thylacinus'];Lobo de Tasmania.
taxonomic-collective;['bignoniaceae'];Pedra que ocorre naturalmente nos campos. moitas veces úsase como material de construción.
taxonomic-collective;['spirochaeta', 'xénero spirochaeta'];Xénero tipo da familia Spirochaetaceae. bacteria flexíbel, ondulada e maiormente acuática.
taxonomic-collective;['sphyrna', 'xénero sphyrna'];Xénero tipo da familia dos esfírnidos.
taxonomic-collective;['tapirus', 'xénero tapirus'];Xénero tipo da familia Tapiridae.
technique;['receptividade', 'sensibilidade'];(fisioloxía) reacción aos estímulos externos. a capacidade de sentir.
technique;['capacidade', 'habilidade'];Posesión das calidades (sobre todo as calidades mentais) precisas para facer algo ou para acadar que algo se faga.
technique;['know-how'];Dupla capa de peritoneo que se adxunta á parede do fondo da cavidade abdominal e apoia o intestino delgado.
technique;['know-how'];Mesenterio que sostén a parte inferior do colon á parede abdominal dorsal.
technique;['know-how'];Caderno de papel no que se poden escribir mensaxes.
technique;['know-how'];Forma sintética do estróxeno usada en combinación cunha proxestina en anticonceptivos orais.
technique;['know-how'];Cromosoma que ten dous brazos iguais porque o centrómero está na posición media.
technique;['vontade', 'albedrío', 'arbitrio', 'albidro'];A capacidade de elección e decisión e intención conscientes.
technique;['gosto', 'gusto'];A facultade de distinguir na boca as propiedades do que está doce, acedo, amargo ou salgado.
technique;['xenialidade', 'xenio'];Habilidade mental infrecuente.
temporal-region;['idade de ouro'];Auga mineral que contén sales de litio.
temporal-region;['instante', 'intre', 'momento', 'retrinco'];Un instante no tempo.
temporal-region;['etapa', 'período', 'período de tempo', 'época'];Unha cantidade de tempo.
temporal-region;['labor day'];Sal ou éster do ácido fulmínico.
temporal-region;['trimestre'];Unha das tres divisións dun ano académico.
temporal-region;['semestre'];Unha das dúas divisións do ano académico.
temporal-region;['mocidade', 'virxindade', 'xuventude'];A infancia dunha moza.
theory;['información'];Coñecemento adquirido a través do estudo, da experiencia ou da instrución.
theory;['ethos', 'valores tradicionais'];Espírito específico dunha cultura ou dunha era.
