activity;['halma', 'iz kota v kot'];Igra na deski
activity;['birma', 'sveta birma', 'potrditev'];Eden izmed sedmih krÅ¡Äanskih zakramentov
activity;['seminar', 'seminarjev'];Oblika uÄenja skupine
activity;['iransko-iraÅ¡ka vojna', 'iraÅ¡ko-iranska vojna', 'prva zalivska vojna', 'zalivska vojna'];Vojna med Iranom in Irakom v letih 1980-1988
activity;['jet stream', 'vetrovni strÅ¾en', 'curkom', 'jetstream'];Veter med troposfero in stratosfero
activity;['lu'];BivÅ¡a drÅ¾ava
activity;['izpit', 'preizkus znanja', 'preverjanje znanja', 'test'];Postopek merjenja znanja v neki vedi
activity;['posveÄenje', 'konsekracija', 'posvetitev'];Obred posvetitve osebe, stvari ali kraja za nek poseben namen
activity;['drÅ¾avljanska vojna', 'bratomorna vojna', 'drÅ¾avljanskih vojn', 'internecine vojne'];Vojna med skupinami znotraj drÅ¾ave
activity;['korejska vojna'];Spopad med Severno in JuÅ¾no Korejo v letih 1950-1953
activity;['druga svetovna vojna', '2. svetovna vojna', '2. sv. v.', '2. sv. vojna', 'ii. svetovna vojna', 'nacistiÄno okupacijo', 'world war 2'];Vojna v letih 1939â€“1945
activity;['Äistost', 'vzdrÅ¾nost', 'celibat', 'spolno vzdrÅ¾an', 'Äist', 'Äistosti'];Krepost
activity;['izobraÅ¾evanje', 'didaktika', 'izobraÅ¾evalni sistem', 'pedagog', 'izobrazba', 'pouÄevanje', 'Å¡olanje', 'didaktike', 'izobraÅ¾evalna dejavnost', 'izobraÅ¾evalnega sistema', 'izobraÅ¾evati', 'pouk'];Usmerjena dejavnost prenosa znanja
activity;['ageizem', 'diskriminacija starih ljudi', 'agism'];Sinonim za diskriminacijo glede na starost
activity;['rasizem', 'rasna diskriminacija', 'racialism', 'rasne diskriminacije', 'rasne pristranskosti', 'rasne veÄvrednosti', 'rasni diskriminaciji', 'rasnih predsodkov'];Diskriminacija glede na raso ali etniÄno pripadnost
activity;['jomkipurska vojna', 'oktobrska vojna', 'arabsko-izraelskega konflikta', 'arabsko-izraelskega mirovnega procesa', 'arabsko-izraelski mirovni proces', 'arabsko-izraelski vojni', 'izraelsko-arabskega spora', 'yom kippur vojna'];Vojna Izraela proti Egiptu in Siriji oktobra 1973
activity;['monetizacija'];RazloÄitvena stran Wikimedije
activity;['zasliÅ¡evali', 'zasliÅ¡evanje', 'interrogatories', 'vpraÅ¡alni', 'zasliÅ¡evalec'];RazloÄitvena stran Wikimedije
activity;['izseljevanje', 'emigracija', 'izselitev', 'odselitev', 'izselil', 'izseliti', 'izseljenci'];Selitev iz domaÄega kraja ali drÅ¾ave z namenom priseliti se v drugo
activity;['dekolonizacija', 'dekolonizacije'];Odprava kolonializma
activity;['akulturacija', 'enculturation', 'socializacija', 'akulturacije'];Prolagoditev novemu (kulturnemu) okolju
activity;['apoteoza', 'deifikacija', 'divinizacija', 'povzdigovanje'];ravnanje z osebo na boÅ¾anski ravni
activity;['loÄitev', 'divorcement', 'loÄenka', 'loÄitvene papirje', 'razvez', 'razveza'];Prekinitev zakonske zveze
activity;['poklic', 'dejavnost', 'delo', 'posel', 'firma', 'podjetje', 'sluÅ¾ba', 'zaposlitev', 'poklÈ‹c', 'linija dela', 'prosto delovno mesto'];Aktivnost osebe (hobi, sluÅ¾ba, razvedrilo, profesionalni Å¡port)
activity;['izobraÅ¾evanje', 'didaktika', 'izobraÅ¾evalni sistem', 'pedagog', 'izobrazba', 'pouÄevanje', 'Å¡olanje', 'didaktike', 'izobraÅ¾evalna dejavnost', 'izobraÅ¾evalnega sistema', 'izobraÅ¾evati', 'pouk'];Usmerjena dejavnost prenosa znanja
activity;['masna spektrometrija', 'masna spektroskopija', 'masne spektrometrije'];analitiÄna tehnika bazirana na razmerju mase in naboja ionov
activity;['rusko-japonska vojna', 'japonsko-ruska vojna', 'rusko japonska vojna'];Vojna med Ruskim in Japonskim cesarstvom med letoma 1904 in 1905
activity;['balkanski vojni', 'balkanske vojne', 'balkanska vojna'];Vojni na obmoÄju Balkana v zaÄetku 20. stoletja
agentive-figure;['druÅ¾ba z omejeno odgovornostjo', 'd.o.o.', 'ltd', 'druÅ¾be z omejeno odgovornostjo', 'ld.', 'zasebna delniÅ¡ka druÅ¾ba'];razloÄitvena stran Wikimedije
agentive-figure;['hurija', 'huriska', 'houri'];seznam Wikimedije
agentive-figure;['kor', 'arak', 'zbor', 'zbor stojnicah'];RazloÄitvena stran Wikimedije
agentive-figure;['ljudska fronta'];ZavezniÅ¡tvo med levimi in centristiÄnimi strankami
agentive-figure;['volkodlak', 'loup-garou', 'lycanthrope', 'wolfman', 'lycanthropes', 'lycanthropic', 'volkodlaki', 'vÃ¢rcolac'];MitoloÅ¡ko bitje
agentive-figure;['divan'];Seznam Wikimedije
agentive-figure;['ancien rÃ©gime', 'ancient rÃ©gime', 'ancien regime', 'ancien reÅ¾ima'];druÅ¾beno-politiÄna ureditev Francije pred revolucijo leta 1789
agentive-figure;['drÅ¾ava', 'narod', 'suverena drÅ¾ava', 'nacija', 'deklarativno teorijo drÅ¾avnosti', 'drÅ¾avi', 'naroda', 'politike telesa', 'politiÄno druÅ¾bo', 'res publica', 'suverenih drÅ¾av'];karta slovenije
agentive-figure;['seznanjena svet'];RazloÄitvena stran Wikimedije
agentive-figure;['kolidÅ¾', 'college', 'koledÅ¾', 'faks', 'fakulteta'];VisokoÅ¡olska ustanova
agentive-figure;['rimskokatoliÅ¡ka cerkev', 'katoliÅ¡ka cerkev', 'rimokatoliÅ¡ka cerkev', 'rkc', 'rimsko katoliÅ¡ka cerkev', 'cerkev', 'rimokatolik', 'rimokatoliÄan', 'rimokatoliÄani', 'rimokokatoliÅ¡ka cerkev', 'rimsko-katoliÅ¡ka cerkev', 'rimsko katoliÅ¡tvo', 'rimskokatoliÅ¡ka', 'rimskokatoliÅ¡ki', 'rimskokatoliÅ¡tvo', 'zahodna cerkev', 'katoliÅ¡ke cerkve', 'katoliki', 'rimsko-katoliÅ¡ka', 'rimsko-katoliÅ¡ke cerkve'];KrÅ¡Äanska Cerkev, ki jo vodi papeÅ¾
agentive-figure;['grÅ¡ka pravoslavna cerkev', 'griechisch-orthodoxe kirche', 'grÅ¡ka cerkev', 'grÅ¡ko-pravoslavna', 'grÅ¡ko-pravoslavno'];RazloÄitvena stran Wikimedije
agentive-figure;['sovjetska zveza', 'zveza sovjetskih socialistiÄnih republik', 'zssr', 'ruske sovjetske federativne socialistiÄne republike', 'sovjeti', 'sssr', 'rusija', 'sovjetski zvezi'];BivÅ¡a drÅ¾ava v Evropi in Aziji
agentive-physical-object;['pes za varovanje', 'pes Äuvaj'];RazloÄitvena stran Wikimedije
agentive-physical-object;['kairi'];Seznam Wikimedije
agentive-physical-object;['simulator letenja', 'letalski simulator', 'dreser'];Simulator
agentive-physical-object;['vodni kostanj rastlin'];RazloÄitvena stran Wikimedije
agentive-physical-object;['gladkodlaki prinaÅ¡alec', 'gladko-dlaki prinaÅ¡alec', 'flat coated retriever'];pasma psov
agentive-physical-object;['serralha', 'sonchus oleraceus'];RazloÄitvena stran Wikimedije
agentive-physical-object;['pÅ¡enica', 'triticum', 'Å¾ito'];Rod rastlin iz druÅ¾ine Poaceae (trave)
agentive-physical-object;['rastlinojedec', 'rastlinojed', 'herbivor', 'fitofagi', 'rastlinojedci', 'rastlinojede', 'travojedec', 'herbivory'];organizmi, ki se hranijo z avtotrofnimi organizmi, v oÅ¾jem pomenu zgolj z rastlinskim materialom
agentive-physical-object;['Älovek', 'homo sapiens sapiens', 'homo sapiens', 'ljudje', 'misleÄi Älovek', 'homo', 'Älovekovih', 'ÄloveÅ¡ke vrste'];Vrsta iz druÅ¾ine Hominidae
agentive-physical-object;['lycoperdon', 'praÅ¡nica', 'puffball', 'puffballs', 'res puffball'];RazloÄitvena stran Wikimedije
agentive-physical-object;['Å¡otni mah', 'sphagnum', 'spaghum', 'sphagnum mahu', 'Å¡ota', 'bog mah'];rod mahov
agentive-physical-object;['pasavec', 'pasavci', 'armadillo', 'dasypodidae'];DruÅ¾ina sesalcev
agentive-physical-object;['saltwort', 'salsola soda', 'salsola kali', 'barilla', 'glasswort', 'kelpwort'];RazloÄitvena stran Wikimedije
agentive-physical-object;['severni kardinal', 'cardinalis cardinalis', 'rdeÄi kardinal', 'Å¡Äinkavec', 'cardinalidae', 'cardinalis', 'kardinal', 'kardinal grosbeak', 'richmondena cardinalis'];Vrsta ptice
agentive-physical-object;['krzna tjulnjev'];RazloÄitvena stran Wikimedije
agentive-physical-object;['jelenov jezik', 'asplenium scolopendrium', 'phyllitis scolopendrium', "hart's-jezik", "hart's-jezik praprot"];vrsta rastline
agentive-physical-object;['navadni regrat', 'taraxacum officinale', 'skupno regrat', 'taraxacum ruderalia'];RazloÄitvena stran Wikimedije
agentive-physical-object;['hind'];Å½ensko osebno ime
agentive-physical-object;['capros aper'];RazloÄitvena stran Wikimedije
agentive-physical-object;['vilorog', 'antilocapra americana', 'ameriÅ¡ka antilopa', 'antilopska koza', 'pronghorn', 'ameriÅ¡ki antilopa', 'prongbuck', 'pronghorn antilopa', 'pronghorn antilope'];vrsta sesalcev
agentive-physical-object;['sladkorna pesa', 'beta vulgaris altissima group', 'beta vulgaris subsp. vulgaris altissima group', 'sladkorne pese'];kmetijska rastlina
agentive-physical-object;['Å¡arenka', 'oncorhynchus mykiss', 'ameriÅ¡ka postrv', 'mavriÄna postrv', 'salmo gairdneri', 'steelhead', 'steelhead postrvi'];Vrsta postrvi
agentive-physical-object;['parni stroj', 'stacionarni parni stroj', 'parni pogon', 'motor trojno Å¡iritve', 'motor Å¡tirikratnega Å¡iritev pare', 'navigacijo pare', 'parni motor', 'parno moÄ', 'triple-Å¡iritev', 'trojnih Å¡iritev', 'Å¡tirikratnega-Å¡iritev parni stroj'];Motor z zunanjim zgorevanjem, ki toplotno energijo vodne pare pretvarja v mehansko delo.
agentive-physical-object;['navadni sirek', 'sorghum bicolor', 'sirek', 'holcus bicolor', 'sorghum saccharatum', 'sorghum vulgare', 'kaffir koruza', 'kafir koruza', 'koruze metle', 'super proso'];kulturna rastlina iz druÅ¾ine trav
agentive-physical-object;['kit grbavec', 'megaptera novaeangliae', 'megaptera', 'grbasti kit', 'megapterinae', 'migaloo', 'novaeangliae'];vrsta kitov
agentive-physical-object;['kvaga', 'quagga', 'equus quagga quagga', 'equus quagga'];izumrla podvrsta zebre
agentive-physical-object;['iva', 'salix caprea', 'vrba iva', 'cvetliÄarna je vrba', 'koza vrba'];Drevo iz rodu vrb
agentive-physical-object;['zooid'];razloÄitvena stran Wikimedije
agentive-physical-object;['lihoprsti kopitarji', 'perissodactyla', 'perissodactyl', 'lihoprsti kopitar', 'perissodactyl sesalec', 'perissodactyls', 'sodo-toed parkljarjev', 'Äudno toed parkljarjev'];red sesalcev
agentive-physical-object;['trobentica', 'primula vulgaris', 'trobentice', 'angleÅ¡ki jegliÄ'];Trobentica
agentive-physical-object;['kreÅ¡iÄi', 'carabidae', 'karabidi', 'carabid', 'carabid hroÅ¡Ä', 'hroÅ¡Äa tal', 'kreÅ¡iÄ', 'kreÅ¡iÄev'];DruÅ¾ina hroÅ¡Äev
agentive-physical-object;['glodalec', 'glodavci', 'rodentia', 'glodalci', 'glodavec', 'gnawer'];red sesalcev
agentive-physical-object;['moÄvirske podlasice', 'lutreola', 'mustela lutreola', 'neovison macrodon', 'norka', 'ponorec', 'vidrica', 'kun'];razloÄitvena stran Wikimedije
agentive-physical-object;['kleniÄ', 'uss dace', 'dace', 'leuciscus leuciscus'];Vrsta sladkovodne ribe
agentive-physical-object;['lovor', 'navadni lovor', 'laurus nobilis', 'laurus', 'lovorja', 'najveÄ rhododendron', 'res lovor', 'zaliv drevo'];Vrsta rastline
agentive-physical-object;['japonski hroÅ¡Ä', 'popillia japonica', 'japonica popillia'];Vrsta hroÅ¡Äa
agentive-physical-object;['komodoÅ¡ki varan', 'varanus komodoensis', 'komodoÅ¡ki zmaj', 'komodo dragon', 'komodo kuÅ¡Äarja', 'velikanski kuÅ¡Äar', 'zmaj kuÅ¡Äar'];najveÄja vrsta kuÅ¡Äarja na svetu z omejenega obmoÄja na Indoneziji
agentive-physical-object;['ammodytidae', 'launce', 'pesek jegulje', 'pesek launce', 'pesek nastavek', 'sandlance'];RazloÄitvena stran Wikimedije
agentive-physical-object;['gaur', 'indijski bizon', 'bibos gaurus', 'gaurus', 'indijski bison'];Vrsta goveda
agentive-physical-object;['ovca', 'domaÄa ovca', 'jagnje', 'oven', 'ovis aries'];domaÄa Å¾ival
amount-of-matter;['aminobenzojske kisline'];razloÄitvena stran Wikimedije
amount-of-matter;['lipoprotein majhne gostote', 'ldl', 'lipoproteini nizke gostote', 'lipoprotein nizke gostote', 'beta-lipoproteinov', 'lipoproteinov majhne gostote'];vrsta lipoproteina
amount-of-matter;['linolensko kislino'];RazloÄitvena stran Wikimedije
amount-of-matter;['svinec', 'pb', 'atomsko Å¡tevilo 82', 'svinca', 'svinca rude'];Tin
amount-of-matter;['zlato', 'xau', 'au', 'atomsko Å¡tevilo 79', 'lode zlata'];Kemijski element in prehodna kovina
amount-of-matter;['lug', 'luÅ¾nica'];snov, ki tvori s kislinami soli, v vodni raztopini pa hidroksilne ione
amount-of-matter;['formulÃ¡cija', 'preparat', 'pripravek'];RazloÄitvena stran Wikimedije
amount-of-matter;['oksalna kislina', 'ethanedioic kislina', 'oksalne kisline', 'oksalno kislino'];Dikarboksilna kislina
amount-of-matter;['arzen', 'as', 'atomsko Å¡tevilo 33', 'kot'];kemijski element
amount-of-matter;['arzenov trioksid', 'arzenik', 'arzenov oksid', 'arsenous anhidrid', 'arsenous oksid', 'beli arzenik', 'ratsbane'];Farmacevtska substanca
amount-of-matter;['ogljikovi hidrati', 'ogljikov hidrat', 'karbohidrati', 'sladkor', 'ogljikovih hidratov', 'preÄiÅ¡Äenimi'];Sestavljeni iz ogljikov vodikov in kisikov so osnove prehrane. So v kruhu, mleku itd
amount-of-matter;['palmovo olje', 'palmino olje'];Olje pridobljeno iz sadeÅ¾ev oljne palme
amount-of-matter;['sveto vodo', 'blagoslovljeno vodo'];Seznam Wikimedije
biological-object;['protoplast', 'protoplastov', 'energid'];rastlinska, glivna ali bakterijska celica, ki nastane s popolno mehansko ali encimsko odstranitvijo celiÄne stene
biological-object;['nevron', 'ganglijska celica', 'Å¾ivÄna celica', 'nevronov', 'Å¾ivÄnih celic', 'moÅ¾ganskih celic', 'Å¾ivÄne celice'];glavni gradbeni element Å¾ivÄevja
biological-object;['piknja'];obmoÄje stanjÅ¡ane celiÄne stene s plazmodezmami
biological-object;['pritlika', 'stolon', 'stoloni', 'stolone', 'stoloniferous', 'stolons'];stranski poganjek rastline
biological-object;['hrbtenjaÄa', 'hrbtni mozeg', 'medulla spinalis', 'hrbtenjaÄe', 'ledvenem segmentu', 'prsni segmentu', 'sakralne segmentu', 'sredica spinalis', 'vratnega predela'];del centralnega Å¾ivÄnega sistema
biological-object;['akrosom', 'akrosomska reakcija', 'spontana akrosomska reakcija', 'acrosome'];celiÄni organel, ki se razvije na prednji strani glave semenÄice
biological-object;['rastlinska Å¾ila', 'kolateralna Å¾ila', 'koncentriÄna Å¾ila', 'radialna Å¾ila', 'Å¾ilni snop', 'fibrovascular snop', 'plaÅ¡Ä sveÅ¾njev', 'Å¾ilne sklop'];izraz, ki se v botaniki uporablja za skupek prevajalnih tkiv in sklerenhimskih celic
biological-object;['stegnenice Å¾il', 'vena femoralis'];RazloÄitvena stran Wikimedije
biological-object;['Å¡iÅ¡ka', 'cecidija', 'cecidije', 'gall', 'Å¡iÅ¡ke'];nenormalne bolezenske rastne tvorbe na podroÄju razliÄnih rastlinskih tkiv, ki se pojavijo obÄasno zaradi vpliva patogenov
biological-object;['prst'];del roke
biological-object;['glutealni miÅ¡ice', 'zadnjiÄna miÅ¡ica', 'glute', 'glutealno', 'gluteus', 'gluteus maximus miÅ¡ice', 'glutÃ¦us maximus', 'miÅ¡ico gluteus'];RazloÄitvena stran Wikimedije
biological-object;['levkocit', 'bele krvniÄke', 'bela krvniÄka', 'bele krvne celice', 'levkociti', 'levkocitov', 'belih krvnih celic', 'imunskih celic', 'levkocitih', 'krvniÄka', 'bela elektron', 'belih krvnih elektron', 'wbc'];Tip celic imunoloÅ¡kega sistema
biological-object;['vime', 'vimena'];mleÄne Å¾leze pri sesalcih
biological-object;['centriol', 'centriole', 'centrioles'];CeliÄna struktura
biological-object;['strÅ¾en', 'centralni strÅ¾en', 'osrednji strÅ¾en', 'mozeg', 'srÄika', 'drevesa'];osrednji del rastlinskega stebla, ki sestoji iz parenhimatskih celic
biological-object;['nevroglija', 'glia', 'glija', 'nevroglijska celica', 'neuroglia', 'glialnih', 'glialnih celic'];Å½ivÄno oporno tkivo
biological-object;['srce', 'cor', 'desno srce', 'levo srce'];organ za Ärpanje krvi po Å¾ivalskem oÅ¾ilju
biological-object;['endoderm', 'hypoblast', 'endoblast', 'endodermal', 'entoblast', 'entoderm'];notranji kliÄni list, ki nastane v zaÄetku razvoja zarodka pri pravih mnogoceliÄarjih
biological-object;['aorta', 'arteria maxima', 'velika telesna odvodnica', 'aorte', 'aorto'];NajveÄja arterija v ÄloveÅ¡kem telesu
biological-object;['semenÄica', 'spermij', 'spermatozoj', 'spermatozoid', 'sperme', 'kal', 'sperma', 'semenÄic', 'spermatozoan'];MoÅ¡ka reproduktivna celica
biological-object;['sitasti element', 'sitasta celica', 'sitasta cev', 'celica sitaste cevi', 'sitka', 'sito cevi', 'sito cevi elementa'];specializirana floemska celica
causal-role;['antimicrobiano', 'antimikrobna snov', 'dezinfekcijsko sredstvo', 'razkuÅ¾ilo', 'germicid', 'antimikrobno', 'higieno', 'higieno rok', 'protimikrobno', 'razkuÅ¾evanje', 'razkuÅ¾ila'];razloÄitvena stran Wikimedije
chemical-object;['lipoprotein majhne gostote', 'ldl', 'lipoproteini nizke gostote', 'lipoprotein nizke gostote', 'beta-lipoproteinov', 'lipoproteinov majhne gostote'];vrsta lipoproteina
cognitive-event;['flaÅ¾olet', 'alikvot', 'alikvotni ton', 'delni ton', 'prepihani ton'];Del zvoÄnega vala
cognitive-event;['klasiÄno pogojevanje', 'klasiÄna naprava', 'pavlovian', 'pavlovian napravo'];NajosnovnejÅ¡a vrsta uÄenja pri katerem se nauÄimo avtomatiziranih odzivov zaradi pogoste povezanosti draÅ¾ljaja in odziva
cognitive-event;['sklep', 'sklepanje', 'illation', 'logiÄno sklepanje', 'sklepamo', 'sklepati'];razloÄitvena stran Wikimedije
course;['ÄudeÅ¾', 'znamenje'];Nadnaraven, empiriÄno nepojasnljiv dogodek
course;['gospodarskega cikla', 'poslovni cikel', 'poslovnih ciklov', 'trgovina cikel'];RazloÄitvena stran Wikimedije
course;['smrt', 'preminutje', 'prezgodnje smrti', 'smrti', 'smrtni', 'umrl'];DokonÄni konec Å¾ivljenja
course;['sonÄev mrk', 'popolni sonÄev mrk', 'kolobarjasti mrk', 'sonÄev popolni mrk', 'sonÄni mrk', 'sonÄnih mrkov'];naravni fenomen, kjer je Sonce zakrito z Luno
dependent-place;['nivojski prehod', 'nivojski prehod Äez Å¾elezniÅ¡ko progo', 'Å¾elezniÅ¡ki prehod', 'potni prehod', 'nivojskega prehoda', 'nivojskem prehodu', 'nivojskih prehodov', 'razred prehod', 'razred prehode'];kriÅ¾anje ceste in Å¾elezniÅ¡ke proge v istem nivoju, ki ne vkljuÄuje dostopov na perone in sluÅ¾benih prehodov.
ecological-collective;['gozd', 'wÃ¤lder', 'struktura gozda', 'gozda', 'gozdu', 'iglavci'];Priimek
event;['caduta massi', 'zdrs'];razloÄitvena stran Wikimedije
event;['regata', 'regatah'];tekmovanje s Äolni
event;['oploditev', 'oplodnenie', 'fertilizacija', 'osemenitev', 'singamija', 'gnojenje', 'gnojiti', 'oploditve', 'syngamy'];SpoÄetje
event;['investitura', 'krunanje', 'kronanje', 'ustoliÄenje', 'intronizacija', 'coronations', 'enthronisation', 'enthronization', 'investitorja', 'kronanju'];formalna umestitev na neko funkcijo
event;['knell', 'zvoniti'];Priimek
functional-matter;['tapiserija', 'preproga', 'tapis', 'tapiserije'];Slikarska tehnika
functional-matter;['jadro', 'jadra'];priÄvrÅ¡Äena tkanina, ki izkoriÅ¡Äa moÄ vetra za premik
functional-matter;['apnenec', 'apnenca', 'apnenci', 'koralnih apnenca'];sedimentna kamnina iz kalcijevega karbonata
functional-matter;['krof', 'donat', 'krofe', 'krofi'];ameriÅ¡ki krof
functional-matter;['nagrobnik', 'nagrobnikov', 'nagrobni kamen', 'spomenik', 'grob kamen', 'grob marker', 'nagrobniki'];Spomenik na grobu
functional-matter;['gentamicin', 'garamycin'];Antibiotik
functional-matter;['penicilini', 'penicilin', 'penicilinski antibiotik'];Skupina antibiotikov
functional-matter;['consommÃ©', 'goveja juha', 'juha', 'kokoÅ¡ja juha'];razloÄitvena stran Wikimedije
functional-matter;['bakala', 'polenovka', 'bakalar', 'sol trske', 'baccalÃ ', 'clipfish', 'saltfish', 'suho in soljene trske'];sveÅ¾a ali suÅ¡ena riba
functional-matter;['fant'];Karta
functional-matter;['limonin kolaÄ od bjelanaca pito'];razloÄitvena stran Wikimedije
functional-matter;['dÅ¾em', 'confiture', 'Å¾ele'];razloÄitvena stran Wikimedije
functional-matter;['meso', 'predelano meso'];Å¾ivalsko tkivo, konzumirano kot hrana
functional-matter;['les', 'gozd', 'drva', 'olesenitev', 'lesa', 'lesnina', 'lesovina'];Organski material, ki ga pridobivamo iz dreves in grmov
functional-matter;['sperma', 'spÃªrma', 'sÃ©me', 'semenska tekoÄina', 'seme', 'cum', 'ejakulacijo', 'ejakulirati', 'nadaljuje', 'semena', 'semenske tekoÄine'];Telesna tekoÄina
geographical-object;['juÅ¾na amerika'];celina, ki se veÄinoma nahaja na Zemljinem jugozahodnem kvadrantu
geographical-object;['don', 'don river'];Reka v Rusiji
geographical-object;['Äad', 'Äadsko jezero', 'jezero Äad'];Jezero v Afriki
geographical-object;['otok', 'otoÄek', 'kontinentalni otok', 'oceansko otok', 'otokov', 'tropski otok'];Del zemlje, ki je popolnoma obdan z vodo
geographical-object;['rt', 'ness', 'pelerina', 'predgorje', 'rtiÄ'];Skrajni del polotoka
geographical-object;['iskija', 'Ğ¸ÑĞºĞ¸Ñ', 'ischia'];Gora
geographical-object;['nova kaledonija', 'nouvelle-calÃ©donie'];kategorija Wikimedije
geographical-object;['martinik', 'martinique', 'departma martinique'];Karibski departma Francije
geographical-object;['guadeloupe', 'gvadelup', 'gvadalupe', 'departma guadeloupe'];karibski departma Francije
geographical-object;['amerika', 'amÃªrika'];Kontinent, sestavljen iz Severne in JuÅ¾ne Amerike
information-encoding-system;['pogovorni jezik', 'pogovorni izraz', 'pogovorni slog', 'pogovorni slog govora', 'pogovorni', 'pogovorni govor', 'pogovorno', 'zveze'];Oblika jezika, ki se uporablja predvsem v govoru
information-encoding-system;['govorniÅ¡tvo', 'elokucija', 'izgovorjava', 'govorniÅ¡tva', 'izrekanja'];RazloÄitvena stran Wikimedije
information-object;['ikona', 'ikono', 'ikono raÄunalnika'];Piktogram v grafiÄnem uporabniÅ¡kem vmesniku
information-object;['poÅ¡tni Å¾ig', 'pisemski'];Å½ig poÅ¡tnega urada s Å¡tevilko in imenom poÅ¡te ter datumom oddaje poÅ¡iljke
information-object;['prislov', 'prislovi'];Besedna vrsta
information-object;['medalja Äasti', 'medal of honor', 'kongresna medalja Äasti', 'medalje Äasti'];najviÅ¡je vojaÅ¡ko odlikovanje, ki ga podeljuje ZDA
information-object;['enakozvoÄnica', 'enakoizraznica', 'homonim', 'enakozvoÄnico', 'homonimi'];ena od skupin besed, ki si delijo enako Ärkovanje in izgovorjavo, imajo pa razliÄni pomen.
information-realization;['zvezek', 'knjiga', 'obsega', 'poceni oblikovalec'];Knjige v seriji, ponavadi identificirane s Å¡tevili (t. i. Zvezek II.)
information-realization;['estera', 'est', 'esterina knjiga', 'knjiga esterina'];Knjiga Svetega pisma
information-realization;['dnevnik'];Zbirka osebnih zapisov, urejenih v Äasovnem zaporedju
information-realization;['igra', 'gledaliÅ¡ko igro', 'drama', 'dramska igra', 'dramsko igro', 'stageplay'];Literarno delo v obliki dialogov
information-realization;['rondo'];razloÄitvena stran Wikimedije
information-realization;['basen', 'prilika', 'apologue', 'basni'];Kratka, duhovita, na koncu ima nauk.
information-realization;['pesem', 'pesmi', 'vokal', 'ÄloveÅ¡kega glasu'];Vokalna skladba
information-realization;['motiv', 'glasbeni motiv'];KrajÅ¡a glasbena ideja, ki se ponavlja skozi skladbo
information-realization;['izdaja'];Bibliografski izraz
information-realization;['moraliteta', 'morala igrati'];Vrsta srednjeveÅ¡kega dramskega dela
information-realization;['slika', 'slikarstvo'];upodobitveno umetniÅ¡ko delo
information-realization;['glasba', 'muzika'];Umetnost, ki se izraÅ¾a z zvokom
information-realization;['znanstvena fantastika', 'zf', 'znanstvene fantastike', 'sci-fi', 'sci fi'];Zvrst izmiÅ¡ljene pripovedi
information-realization;['klasiÄna glasba', 'resna glasba', 'evropska klasiÄna glasba', 'evropske klasiÄne glasbe', 'klasiÄna', 'klasiÄne glasbe', 'klasiÄnih glasbenikov', 'klasiÄno', 'resne glasbe', 'zahodne klasiÄne glasbe'];Glasba, ki poudarja umetnost za razliko od ljudske ali pop glasbe
information-realization;['razodetje', 'apokalipsa', 'janezovo razodetje', 'raz', 'razodetje svetega janeza boÅ¾jega'];Knjiga Svetega pisma
information-realization;['koran', "kur'an", "qur'an", 'quran', "al-qur'an", 'korana'];Sveta knjiga islama
information-realization;['devteronomij', '5. mojzesova knjiga', 'peta mojzesova knjiga', '5 mz', 'knjiga rel', 'mojzesova'];Knjiga Svetega pisma
information-realization;['evangelij po marku', 'marko', 'markov evangelij', 'mr'];Knjiga Svetega pisma
information-realization;['levitik', '3. mojzesova knjiga', 'tretja mojzesova knjiga', '3 mz', 'knjiga leviticus', 'leviticus'];Knjiga Svetega pisma
information-realization;['ljudska glasba', 'folk', 'etno glasba', 'ljudskih pesmi', 'akustiÄni folk', 'etniÄna glasba', 'etno glasbe', 'folk glasbenik', 'folk skupina', 'melodijo', 'pagan folk', 'pop folk', 'tradicionalne glasbe'];Tradicionalna glasba in poezija ljudstva
language;['baltski jeziki', 'baltska jezikovna skupina', 'baltsko jezik'];Jezikovna druÅ¾ina
language;['algol'];DruÅ¾ina imperativnih raÄunalniÅ¡kih programskih jezikov
language;['ido'];umetni jezik
language;['angleÅ¡Äina', 'angleÅ¡ki jezik', 'ameriÅ¡ka angleÅ¡Äina', 'angleÅ¡ko', 'angleÅ¡Äino', 'anglist', 'anglistka', 'britanska angleÅ¡Äina', 'angleÅ¡kem jeziku', 'angleÅ¡Äini'];Zahodnogermanski jezik
language;['kurdÅ¡Äina', 'kurdski jeziki', 'ku', 'kurdi', 'kurdskem jeziku', 'kurdski'];skupina treh jezikov
language;['latinÅ¡Äina', 'latÃ­nÅ¡Äina', 'latinski jezik', 'latinsko', 'srednjeveÅ¡ka latinÅ¡Äina', 'latinate'];Indoevropski jezik
language;['indonezijÅ¡Äina', 'bahasa indonesia', 'indonezijski jezik', 'bahasa'];Jezik, ki ga govorijo v Indoneziji
language;['ameriÅ¡ka angleÅ¡Äina', 'amerikanÅ¡Äina', 'ameriÅ¡ki angleÅ¡Äini', 'ameriÅ¡ki jezik'];Skupek dialektov angleÅ¡Äine, ki se govori v ZdruÅ¾enih drÅ¾avah Amerike
language;['novogrÅ¡ki', 'nova grÅ¡ka'];jezik
language;['gudÅ¾aratÅ¡Äina'];Eden izmed uradnih jezikov v Ibdiji
language;['albanÅ¡Äina', 'albÃ¡nÅ¡Äina', 'albanski jezik', 'albansko'];Indoevropski jezik
language;['Å¡panÅ¡Äina', 'Å¡panski jezik', 'kastiljanÅ¡Äina', 'kastiljsko', 'kastiljÅ¡Äina', 'Å¡pansko', 'Å¡panski', 'Å¡panÅ¡Äini'];Romanski jezik
language;['poljÅ¡Äina', 'poljski jezik', 'poljskem jeziku'];Slovanski jezik
language;['nemÅ¡Äina', 'nemÅ¡ki jezik', 'nemÅ¡ka abeceda', 'nemÅ¡ko', 'germanophone', 'visoka nemÅ¡ka'];Germanski jezik
legal-possession-entity;['izpit', 'preizkus znanja', 'preverjanje znanja', 'test'];Postopek merjenja znanja v neki vedi
locative-role;['trg', 'trÅ¡ko naselje', 'mesto s trÅ¾nico', 'podeÅ¾elsko mesto s trÅ¾nico', 'trÅ¡ka', 'trÅ¡ke pravice', 'trÅ¾ni listino'];pravni status oziroma naziv naselja
locative-role;['Å¡enjang', 'shenyang', 'fengtien', 'moukden', 'mukden'];mesto na Kitajskem, v provinci Liaoning
locative-role;['vroclav', 'wrocÅ‚aw', 'vratislav', 'breslau', 'wroclaw', 'wroclav'];Mesto na Poljskem
locative-role;['utrecht'];Mesto na Nizozemskem
locative-role;['Äangan', 'Å¡jan', "xi'an", 'Å¡ian', 'xian', 'changan', "chang'an", 'hsian', 'sian', 'singan'];Mesto na Kitajskem
locative-role;['hangÄou', 'hangchow', 'hangzhou'];Mesto na kitajskem
locative-role;['wÃ¼rzburg', 'wuerzburg', 'wurzburg'];Mesto na Bavarskem, NemÄija
locative-role;['mayenne', 'departma mayenne'];Departement vo FrancÃºzsku
locative-role;['weimar'];Mesto v NemÄiji
locative-role;['kingston upon hull', 'kingston-upon hull'];Mesto v Angliji
locative-role;['kavkaz', 'kavkaÅ¡ka regija', 'caucasia'];Regija v Evraziji
locative-role;['poitou-charentes', 'poitou'];Provinca v Franciji
locative-role;['messina'];Provinca v Siciliji, Italija
locative-role;['oran'];Mesto v AlÅ¾iriji
locative-role;['pokopaliÅ¡Äe', 'nekropola', 'britof', 'grobiÅ¡Äe', 'vojaÅ¡ko pokopaliÅ¡Äe', 'pokopaliÅ¡Ä', 'navje', 'Å¾ale', 'grobiÅ¡Äa', 'grobov', 'pokopaliÅ¡Äu', 'spominski park', 'zakopati tla'];kraj za pokop mrtvih
locative-role;['zaragoza', 'saragossa'];Mesto v Å paniji
locative-role;['dÅ¾amu in kaÅ¡mir', 'kaÅ¡mir'];BivÅ¡a drÅ¾ava
locative-role;['puÅ¡Äava', 'pustÃ­nja', 'pustinja', 'puÅ¡Äave'];PodroÄje z zelo majhno prisotnostjo Å¾ivih bitij
locative-role;['doneck', 'donetsk', 'donetske', 'stalino'];Mesto v Ukrajini
locative-role;['martinik', 'martinique', 'departma martinique'];Karibski departma Francije
locative-role;['trg', 'javni trg', 'mestni trg'];Odprt javni prostor
locative-role;['marka', 'mejna marka', 'marchland', 'obmejni', 'pohod', 'Äezmejno obmoÄje'];Mejna grofija
locative-role;['new york', 'new york city', 'new york, new york', 'new york city, new york', 'nyc', 'mesto new york', 'new yorku', 'veÄja new york'];Mesto v zvezni draÅ¾avi New York, ZDA
non-agentive-physical-object;['ingot', 'blok iz kovine', 'ingotov', 'kalupov', 'metal bar'];razloÄitvena stran Wikimedije
non-agentive-physical-object;['bazen', 'plavalni bazen', 'olimpijski bazen', 'natatorium', 'javno kopaliÅ¡Äe', 'kopaliÅ¡Äe', 'moÄvarica bazen', 'notranji bazen'];vodni objekt, namenjen kopanju in ali plavanju
non-agentive-physical-object;['kravata', 'kravato', 'ovratnica', 'samoveznica', 'kravate', 'vratu kravato'];Modni dodatek
non-agentive-physical-object;['steza', 'pot', 'peÅ¡pot', 'utrta pot', 'kolesarska pot', 'pohodniÅ¡kih poti', 'poti', 'sprehajalne poti'];preprosta pot pogosto namenjena zgolj hoji
non-agentive-physical-object;['lambrequin', 'mantling'];RazloÄitvena stran Wikimedije
non-agentive-physical-object;['drevored', 'avenija', 'boulevard', 'bulvar', 'allee'];Pot z vrsto dreves na vsaki strani
non-physical-collection;['totemizem', 'kult'];verska praksa
non-physical-collection;['vojno stanje', 'vojne razmere', 'vojnega prava', 'vojno pravo'];vojaÅ¡ki nadzor nad obiÄajnimi civilnimi funkcijami
non-physical-collection;['janzenizem', 'janzenisti', 'jansenism', 'jansenist', 'jansenists'];krÅ¡Äansko versko gibanje
non-physical-place;['el dorado', 'eldorado'];JuÅ¾noameriÅ¡ki mit
organized-collection;['vojno stanje', 'vojne razmere', 'vojnega prava', 'vojno pravo'];vojaÅ¡ki nadzor nad obiÄajnimi civilnimi funkcijami
parametrized-collection;['izdaja'];Bibliografski izraz
phenomenon;['jet stream', 'vetrovni strÅ¾en', 'curkom', 'jetstream'];Veter med troposfero in stratosfero
phenomenon;['optiÄni fenomen', 'vidni fenomen', 'vizualni fenomen', 'optiÄni pojav'];vidni dogodek zaradi interakcije med svetlobo in snovjo
phenomenon;['gorenje', 'zgorevanje', 'izgorevanje', 'seÅ¾ig', 'nepopolnega izgorevanja'];Kemijska reakcija
phenomenon;['meteorski roj', 'meteorni deÅ¾', 'meteorski deÅ¾', 'meteor tuÅ¡', 'meteor tok'];Obdobje poveÄane koliÄine meteorjev, ki navidezno izhajajo iz iste toÄke - radianta
phenomenon;['refleks', 'refleksno dejanje', 'brezpogojna refleks', 'fizioloÅ¡ke reakcije', 'instinktivno refleks', 'prirojen refleks', 'prirojeni refleks', 'refleks odgovor'];NajenostavnejÅ¡a oblika vedenja
phenomenon;['elektriÄni oblok', 'elektriÄna iskra', 'iskra', 'elektriÄni lok', 'elektriÄni naboj', 'iskrenje'];Vrsta elektriÄne poruÅ¡itve
phenomenon;['hidroelektrarna', 'hidroenergija', 'hidrocentrala', 'hidroelektrarne', 'hidroelektrarn', 'hidroelektrarn jezu', 'hidroelektrarno', 'hidroenergije'];Obrat za pridobivanje elektriÄne energije z moÄjo vode
phenomenon;['korozija', 'razjedanje', 'erozija', 'jedkost', 'odporna proti koroziji', 'odpornost proti koroziji', 'razjeda'];Postopno propadanje snovi zaradi kemiÄne reakcije z okoljem
phenomenon;['kotna loÄljivost', 'loÄljivost mikroskopa', 'kotna mikroskopa', 'prostorska loÄljivost', 'resolucija', 'kotno loÄljivost', 'reÅ¡evanje moÄ'];ZmoÅ¾nost poljubne slikovne naprave razloÄevanja majhnih podrobnosti teles
phenomenon;['zamaÅ¡en nos', 'kihavica', 'snuffle'];simptom
phenomenon;['heterosporija', 'heterospory'];pojav proizvajanja dveh razliÄno velikih tipov spor pri sporofitih viÅ¡jih rastlin
phenomenon;['Å¾ivljenje', 'Å¾ivost'];pojav, ki se izraÅ¾a s sposobnostjo presnavljanja, rasti, razmnoÅ¾evanja
phenomenon;['vulkanizem'];fenomeni in procesi, ki se nanaÅ¡ajo na vulkane in gejzirje
phenomenon;['vodna energija', 'hidroenergija', 'vodna', 'vodne energije'];PadajoÄe vodna se pridobljena energija
phenomenon;['filogenija', 'evolucija', 'filogeneza', 'bioevolucija', 'evolucijska teorija', 'filogenetika', 'teorija evolucije', 'bioloÅ¡ke evolucije', 'ekoloÅ¡ki razvoj', 'evolucijske teorije', 'evolucijski dejavnik', 'evolucionist', 'filogenetsko', 'phylogenic', 'phylogenies', 'razvija', 'teorije evolucije'];BioloÅ¡ki proces
phenomenon;['pasivni transport', 'pasivno difuzijo'];naÄin prenosa snovi skozi celiÄno membrano, pri katerem se ne porablja metabolna energija
physical-body;['osnovni delec', 'elementarni delec', 'osnovni delci', 'osnovnih delcev', 'temeljnih delcev'];Osnovni delci so najmanjÅ¡i delci, ki se jih ne da deliti.
physical-body;['nevtronska zvezda', 'nevtronskih zvezd'];Nevtronska zvezda je najmanjÅ¡a in najbolj gosta zvezda.
physical-body;['spremenljivka', 'spremenljiva zvezda', 'spremenljive zvezde', 'zvezda spremenljivka', 'spremenljivke', 'spremenljivih zvezd'];zvezda, ki se ji svetlost, kot jo vidimo z Zemlje, spreminja
physical-body;['veÄzvezdje', 'veÄzvezdni sistem', 'zvezdnih sistemov', 'trojna zvezda sistem', 'veÄ zvezdicami'];Tri ali veÄ zvezd tesno skupaj povezanih z gravitacijo
physical-body;['dvojna zvezda', 'binarna zvezda', 'binarni zvezdni sistem', 'dvozvezdje', 'navidezno dvozvezdje', 'optiÄno dvozvezdje', 'dvojnih zvezd', 'astrometric binarno', 'binarni zvezdicami', 'dvozvezdju', 'enormnih binaries', 'enormnih binarna zvezda', 'optiÄni spremljevalec', 'spektroskopskih binaries'];par zvezd, ki se navidezno pojavi blizu na noÄnem nebu
physical-body;['dvojna zvezda', 'binarna zvezda', 'binarni zvezdni sistem', 'dvozvezdje', 'navidezno dvozvezdje', 'optiÄno dvozvezdje', 'dvojnih zvezd', 'astrometric binarno', 'binarni zvezdicami', 'dvozvezdju', 'enormnih binaries', 'enormnih binarna zvezda', 'optiÄni spremljevalec', 'spektroskopskih binaries'];zvezdni sistem, ki ga sestavljata dve zvezdi
physical-body;['mion', 'muon', 'mu-mezonov', 'muons', 'negativni muon'];Elementarni delec z negativnim elektriÄnim nabojem
physical-body;['zemlja', 'zÃªmlja', 'planet zemlja', 'svet', 'bledo modra pika', 'gaja', 'globus', 'mati zemlja', 'modra frnikola', 'modri diamant', 'modri planet', 'sol 3', 'sol d', 'sol iii', 'terra', 'âŠ•', 'â™', 'ğŸŒ', 'zgradba zemlje', 'svetu', 'zemlje'];Tretji planet od Sonca
physical-body;['kapela', '13 voznika', 'alfa voznika', '1rxs j051642.2+460001', '2euve j0516+45.9', '2mass j05164138+4559525', '2mass j05172386+4550229', '2mass j05172394+4550198', 'aavso 0509+45', 'ads 3841', 'ads 3841 ap', 'ag+45 512', 'alfa aur', 'alfa aurigae', 'alfa voz', 'alhajoth', 'ascc 317037', 'bd+45 1077', 'bd+45Â° 107', 'ccdm j05168+4559', 'ccdm j05168+4559ap', 'cel 586', 'csi+45-05130', 'csi+45 1077 1', 'csv 100460', 'euve j0516+45.9', 'fk5 193', 'g 96-29', 'gc 6427', 'gcrv 3121', 'gj 194', 'gj 194 a', 'gj 194 b', 'gj 195', 'hd 34029', 'hic 24608', 'hip 24608', 'hokulei', 'hr 1708', 'ids 05093+4554', 'ids 05093+4554 ap', 'iras 05130+4556', 'irc +50139', 'jp11 1010', 'lspm j0516+4559', 'ltt 11619', 'ltt 11622', 'n30 1121', 'nltt 14766', 'nltt 14788', 'nsv 1897', 'plx 1187', 'pmc 90-93 139', 'ppm 47925', 'ppm 47938', 'rafgl 713', 'sao 40186', 'td1 4244', 'tyc 3358-3141-1', 'ubv 5009', 'uvby98 100034029', 'vvo 238', 'wds 05167+4600', 'wds j05167+4600a', 'wds j05167+4600aa,ab', 'ypac 23', 'Î±lfa voznika'];Zvezda v ozvezdju Voznika
physical-body;['prokijon', '10 canis minoris', '10 malega psa', 'alfa malega psa', 'alpha canis minoris'];zvezda v ozvezdju Malega psa
physical-body;['sirij', 'canicula', 'sothis', '9 canis majoris', '9 velikega psa', 'al shira', 'alfa velikega psa', 'alhabor', 'alpha canis majoris', 'aschere', 'gc 8833', 'lubdhaka', 'mrgavyadha', 'sirij a', 'sirius a', 'tenrÅsei', 'zvezda psa', 'dog star', 'sirius'];najsvetlejÅ¡a zvezda noÄnega neba
physical-body;['proksima kentavra', 'proxima', 'proxima centauri'];Soncu najbliÅ¾ja znana zvezda
physical-body;['betelgeza', 'alpha orionis', '58 ori', '58 oriona', '58 orionis', 'aavso 0549+07', 'alfa oriona', 'bd +7Â° 105', 'ccdm j05552+0724ap', 'fks 224', 'gc 7451', 'hd 39801', 'hip 27989', 'hr 2061', 'sao 113271'];zvezda v ozvezdju Orion
physical-object;['luger', 'parabellum', 'luger p08', 'luger p08 pistol', 'luger p08 piÅ¡tolo', 'piÅ¡tolo luger'];NemÅ¡ka polavtomatska piÅ¡tola
physical-object;['thompson', 'thompson m1921', 'thompson brzostrelka', 'tommy gun'];AmeriÅ¡ka brzostrelka
physical-object;['nahrbtnik', 'haversack', 'kruÅ¡njak', 'oprtnik', 'teleÄnjak', 'torba', 'tornistra', 'nahrbtniki', 'nazaj paket', 'packsack'];Torba, ki se jo nosi na hrbtu
physical-object;['evfonij', 'baritonski krilni rog', 'eufonij', 'euphoniums'];trobilni inÅ¡trument
physical-object;['trobenta', 'dromlja', 'kornet', 'jazz trobentaÄ', 'trobentaÄ', 'trumpeters'];NajviÅ¡je trobilo
physical-object;['cd-rom', 'zgoÅ¡Äenka', 'kompaktni disk', 'zgoÅ¡Äenka bralni pomnilnik'];zgoÅ¡Äenka z raÄunalniÅ¡kimi podatki
physical-object;['Äasopis', 'Äasnik', 'Äasnikarstvo', 'lokalni Äasopis', 'veÄer papir'];PeriodiÄna publikacija za obveÅ¡Äanje ljudi
physical-object;['primeÅ¾', 'vizum', 'klop vise'];Mehanska naprava za fiksiranje predmeta za nadaljnjo obdelavo
physical-object;['bazen', 'plavalni bazen', 'olimpijski bazen', 'natatorium', 'javno kopaliÅ¡Äe', 'kopaliÅ¡Äe', 'moÄvarica bazen', 'notranji bazen'];vodni objekt, namenjen kopanju in ali plavanju
physical-object;['vesoljsko izstreliÅ¡Äe', 'kosmodrom', 'kozmodrom', 'raketa obmoÄje', 'vesoljskem vzletiÅ¡Äu', 'zaÄela kompleks'];Objekt za izstreljevanje (ali sprejemanje) vesoljskega plovila
physical-object;['pentagon'];stavba v Arlingtonu (Virginija), sedeÅ¾ Ministrstva za obrambo ZDA
physical-object;['kitajski zid', 'veliki kitajski zid', 'great wall'];Sistem fortifikacij na severni meji zgodovinske Kitajske
physical-object;['izstrelek zemlja-zrak', 'zemlja-zrak raket', 'zemlja-zrak rakete', 'protiletalske rakete', 'sam', 'zemlja-zrak'];Zemeljski izstrelki namenjeni zraÄnim tarÄam
physical-object;['podboj', 'roÅ¾anec', 'vereja', 'dovratnik', 'podboje', 'podbojih'];razloÄitvena stran Wikimedije
physical-object;['grad', 'chÃ¢teau-utrdba', 'gradov', 'srednjeveÅ¡ki grad'];Zgradba, oblika fortifikacije, znaÄilna za obdobje srednjega veka.
physical-object;['top', 'kanon'];moÄno strelno oroÅ¾je z dolgo cevjo za streljanje zlasti v bolj oddaljen cilj
physical-object;['kravata', 'kravato', 'ovratnica', 'samoveznica', 'kravate', 'vratu kravato'];Modni dodatek
physical-object;['kovÄek', 'potovalna torba'];Priprava, navadno pravokotne oblike s pokrovom in roÄajem za prenaÅ¡anje stvari
physical-object;['puÅ¡Äica'];PaliÄast izstrelek za streljanje z lokom
physical-object;['strojnica'];ladijski prostor s pogonskimi stroji
physical-object;['bar', 'bife', 'barroom', 'baru', 'ginmill', 'taproom', 'vratar limuzina'];Prostor kjer streÅ¾ejo alkoholne pijaÄe
physical-object;['lambrequin', 'mantling'];RazloÄitvena stran Wikimedije
physical-object;['deringer', 'derringer'];Tip enostrelne piÅ¡tole
physical-object;['nagrobnik', 'nagrobnikov', 'nagrobni kamen', 'spomenik', 'grob kamen', 'grob marker', 'nagrobniki'];Spomenik na grobu
physical-object;['razdiÅ¡ava', 'deodorant', 'dezodorans', 'dezodorant', 'deodoranti', 'deodourant', 'dezodoranti'];Je kozmetiÄno sredstvo, ki zmanjÅ¡uje neprijetne telesne vonjave ob potenju. Znoj sam nima tako izrazitega vonja, smrad pa nastaja pri razkroju, ki ga povzroÄajo bakterije na koÅ¾i.
physical-object;['most', 'loÄni most', 'Å¾elezniÅ¡ki most', 'cestni most'];Objekt za premostitev globinskih ovir
physical-object;['optiÄni teleskop', 'optiÄna teleskop na obmoÄju', 'optiÄnih teleskopov'];teleskop, ki se uporablja za zbiranje svetlobe v vidnem delu elektromagnetnega spektra
physical-object;['oklepno bojno vozilo', 'tank', 'oklepna bojna vozila', 'bojno oklepno vozilo', 'oklepnik', 'vojaÅ¡ka bojna vozila', 'klepna bojna vozila', 'oklepno vozilo', 'blindiranega vozila za gaÅ¡enje', 'vojska cisterna'];Bojno vozilo z oboroÅ¾itvijo in oklepom
physical-object;['graÅ¡Äina', 'chateau', 'chateaux', 'chÃ¢teau', 'chÃ¢teaux', 'dvorec'];grajska stavba, zgrajena v obrambne namene, podobna dvorcu
physical-object;['irska piÅ¡Äal', 'pennywhistle', 'tin whistle', 'peni piÅ¡Äalko'];PiÅ¡Äal s Å¡estimi luknjami, ki izvira z Irske
physical-object;['teodolit', 'kotomer'];InÅ¡trument za merjenje v optiki
physical-object;['altazimutalna montaÅ¾a', 'altazimuth', 'altazimuth gori'];MontaÅ¾a z dvema osema, ki podpira in vrti instrument, kot recimo teleskop, okoli dveh pravokotnih osi â€“ ene navpiÄne in ene vodoravne
physical-object;['netilka', 'varovalka', 'priÅ¾igalo', 'patrone', 'varovalko'];Del naboja, namenjen vÅ¾igu smodniÅ¡ke polnitve v njem
physical-object;['pihala', 'pihalni instrument', 'pihalo', 'pihala instrument', 'pihalni instrumenti', 'woodwinds'];DruÅ¾ina glasbenih inÅ¡trumentov
physical-object;['tender', 'zalogovnik', 'tenderka'];Å½elezniÅ¡ki vagon
physical-object;['televizija', 'video', 'tv', 'mali ekran', 'televizor', 'televizijsko predvajanje', 'majhnem zaslonu', 'telecasting', 'televizijski industriji'];Elektronska naprava za sprejem gibljive slike in zvoka
physical-object;['cerkev', 'boÅ¾ji hram', 'hram', 'cerkev je stavba', 'cerkev stavba'];Verska zgradba, namenjena krÅ¡Äanskemu bogosluÅ¾ju
physical-object;['karabinka', 'karabin', 'karabink'];PuÅ¡ka s kratko cevjo
physical-object;['elettrometro', 'elektrometra', 'elektrometer'];razloÄitvena stran Wikimedije
physical-object;['elektronski mikroskop', 'elektronskim mikroskopom'];Vrsta mikroskopa
physical-object;['kor', 'arak', 'zbor', 'zbor stojnicah'];RazloÄitvena stran Wikimedije
physical-object;['flansch', 'flanÅ¡a', 'prirobnice'];razloÄitvena stran Wikimedije
physical-object;['prtljaga', 'prtljage', 'prateÅ¾'];Zbirka vseh predmetov, ki jih popotnik prenaÅ¡a s seboj
physical-region;['weber', 'wb'];Izpeljana SI enota za magnetni pretok
plan;['reÅ¾im', 'predpisana dieta', 'prehranjevalni reÅ¾im'];RazloÄitvena stran Wikimedije
political-geographic-object;['trg', 'trÅ¡ko naselje', 'mesto s trÅ¾nico', 'podeÅ¾elsko mesto s trÅ¾nico', 'trÅ¡ka', 'trÅ¡ke pravice', 'trÅ¾ni listino'];pravni status oziroma naziv naselja
political-geographic-object;['Å¡enjang', 'shenyang', 'fengtien', 'moukden', 'mukden'];mesto na Kitajskem, v provinci Liaoning
political-geographic-object;['vroclav', 'wrocÅ‚aw', 'vratislav', 'breslau', 'wroclaw', 'wroclav'];Mesto na Poljskem
political-geographic-object;['utrecht'];Mesto na Nizozemskem
political-geographic-object;['Äangan', 'Å¡jan', "xi'an", 'Å¡ian', 'xian', 'changan', "chang'an", 'hsian', 'sian', 'singan'];Mesto na Kitajskem
political-geographic-object;['hangÄou', 'hangchow', 'hangzhou'];Mesto na kitajskem
political-geographic-object;['wÃ¼rzburg', 'wuerzburg', 'wurzburg'];Mesto na Bavarskem, NemÄija
political-geographic-object;['sovjetska zveza', 'zveza sovjetskih socialistiÄnih republik', 'zssr', 'ruske sovjetske federativne socialistiÄne republike', 'sovjeti', 'sssr', 'rusija', 'sovjetski zvezi'];BivÅ¡a drÅ¾ava v Evropi in Aziji
political-geographic-object;['weimar'];Mesto v NemÄiji
political-geographic-object;['tadÅ¾ikistan', 'tadÅ¾Ã­kistan', 'republika tadÅ¾ikistan', 'tadjikistan', 'tadjik', 'tadÅ¾ikistanu'];DrÅ¾ava v Srednji Aziji
political-geographic-object;['kirgizistan', 'kirgizija', 'kirgiÅ¡ka republika', 'kirghizia', 'kirgistana', 'kirgizia', 'kirgizstan'];DrÅ¾ava v Srednji Aziji
political-geographic-object;['uzbekistan', 'republika uzbekistan', 'uzbekistanci', 'uzbekistanu'];DrÅ¾ava v Srednji Aziji
political-geographic-object;['kingston upon hull', 'kingston-upon hull'];Mesto v Angliji
political-geographic-object;['greenwich village', 'the village', 'vas'];Predel manhattna
political-geographic-object;['svazi', 'esvatini', 'kraljevina svazi', 'svaziland', 'kraljevino svazi', 'svazija'];DrÅ¾ava v JuÅ¾ni Afriki
political-geographic-object;['tonga', 'tonganÅ¡Äina', 'kraljevina tonga', 'prijazni otoki'];Seznam Wikimedije
political-geographic-object;['avstrija', 'Ã¡vstrija', 'republika avstrija', 'austria', 'austrija', 'nemÅ¡ka avstrija', 'prva avstrijska republika', 'republik Ã¶sterreich', 'republika nemÅ¡ka avstrija', 'oesterreich'];DrÅ¾ava v Evropi
political-geographic-object;['messina'];Provinca v Siciliji, Italija
political-geographic-object;['oran'];Mesto v AlÅ¾iriji
political-geographic-object;['stara kastilija', 'castilla', 'kastilija', 'kastilje'];Å panska zgodovinska regija
political-geographic-object;['apartheid', 'aparthaid', 'apartheida'];Vladna doktrina rasnega loÄevanja v JuÅ¾ni Afriki
political-geographic-object;['turkmenistan', 'turkmenija', 'turkomen', 'ljudi turkmenistanske', 'turkmeni', 'turkmenia', 'turkmenistanom', 'turkmenom'];DrÅ¾ava v Srednji Aziji
political-geographic-object;['demokratiÄna republika kongo', 'belgijski kongo', 'vzhodni kongo', 'kongo, demokratiÄna republika', 'dr kongo', 'svobodna deÅ¾ela kongo', 'zair', 'zaire'];BivÅ¡a Belgijska kolonija. danes DemokratiÄna republika Kongo
political-geographic-object;['vietnam', 'socialistiÄna republika vietnam', 'juÅ¾ni vietnam', 'vjetnam', 'annam'];drÅ¾ava v jugovzhodni Aziji
political-geographic-object;['nemÄija', 'zrn', 'zvezna republika nemÄija', 'germany', 'germany national basketball team', 'nemÄiji', 'deutschland'];DrÅ¾ava v Evropi
political-geographic-object;['ukrajina', 'ukrajÃ­na', 'ukrajino', 'ukrayina'];DrÅ¾ava v Vzhodni Evropi
political-geographic-object;['ekvador', 'republika ekvador', 'ec', 'ecu', 'repÃºblika ekvadÃ³r', 'ekvadorjem'];DrÅ¾ava v JuÅ¾ni Ameriki
political-geographic-object;['glavno mesto', 'prestolnica'];SrediÅ¡Äe oblasti drÅ¾ave
political-geographic-object;['wembley'];Mesto v GB
political-geographic-object;['kongresno okroÅ¾je'];Seznam Wikimedije
political-geographic-object;['zaragoza', 'saragossa'];Mesto v Å paniji
political-geographic-object;['kuvajt', 'drÅ¾ava kuvajt', 'drÅ¾avo kuvajt'];drÅ¾ava v zahodni Aziji
political-geographic-object;['jordanija', 'jordan', 'haÅ¡emitska kraljevina jordanija', 'jor', 'haÅ¡emitsko kraljevino jordanijo'];DrÅ¾ava v zahodni Aziji
political-geographic-object;['doneck', 'donetsk', 'donetske', 'stalino'];Mesto v Ukrajini
political-geographic-object;['islandija', 'islÃ¡ndija', 'republika islandija', 'republiko islandijo'];OtoÅ¡ka drÅ¾ava v severni Evropi
political-geographic-object;['budimpeÅ¡ta', 'budapest', 'budapeÅ¡Å¥', 'budÃ­n', 'peÅ¡Å¥', 'budapeÅ¡t', 'glavno mesto madÅ¾arske', 'madÅ¾arski kapitala'];Glavno mesto MadÅ¾arske
political-geographic-object;['rim', 'roma', 'rome', 'glavno mesto italije', 'italijanski kapital', 'veÄno mesto'];Glavno mesto Italije
political-geographic-object;['bukareÅ¡ta', 'bukarÃ©Å¡ta', 'bucharest', 'bucureÈ™ti', 'bucharesti', 'bucuresti', 'kapital romunije'];Glavno mesto Romunije
political-geographic-object;['kijev', 'ĞºĞ¸Ñ—Ğ²', 'kiev', 'kapital ukrajini', 'kyyiv'];Glavno in najveÄje mesto Ukrajine
political-geographic-object;['mbabane', 'kapital svazi'];glavno mesto Esvatinija
political-geographic-object;['tajska', 'tÃ¡jska', 'kraljevina tajska', 'siam', 'tajske'];DrÅ¾ava v jugovzhodni Aziji
political-geographic-object;['albany'];Mesto v New York, ZDA
political-geographic-object;['luanda', 'loanda', 'angolska kapitala'];Glavno mesto Angole
political-geographic-object;['bruselj', 'brÃºselj', 'belgijska kapitala', 'bruxelles', 'kapital belgiji'];Glavno mesto regije Bruselj, Belgija
political-geographic-object;['kÃ¸benhavn', 'kobenhaven', 'kopenhagen', 'kÃ¶benhavn', 'kobenhavn', 'copenhagen', 'kodanj', 'koebenhavn', 'kÃ¸benhaven', 'danska prestolnica'];Glavno mesto Danske
political-geographic-object;['london', 'britanski kapital', 'greater london', 'kapitala v zdruÅ¾enem kraljestvu'];Glavno mesto ZdruÅ¾enega kraljestva
political-geographic-object;['reykjavik', 'reykjavÃ­k', 'rejkjavik', 'kapital islandijo'];Glavno mesto Islandije
political-geographic-object;['tokio', 'edo', 'tokijo', 'tokyo', 'tokijska metropola', 'japonski kapitala', 'kapital japonske', 'yeddo', 'yedo'];Staro ime za Tokio
political-geographic-object;['sana', 'sanaa', 'sani'];Glavno mesto Jemna
political-geographic-object;['aÅ¡habad', 'aÅŸgabat', 'aÅ¡gabad', 'aÅ¡gabat', 'aÅ¡habat', 'ashkhabad', 'kapital turkmenistan'];Glavno mesto Turkmenistana
political-geographic-object;['yaoundÃ©', 'yaounde', 'yaunde', 'kapital kamerunu'];Glavno mesto Kameruna
political-geographic-object;['zagreb', 'agram', 'gradec pri zagrebu', 'mesto zagreb'];Glavno mesto HrvaÅ¡ke
political-geographic-object;['quito', 'kito', 'kapital ekvadorja'];Prestolnica Ekvadorja
political-geographic-object;['almati', 'alma-ata', 'almaty'];meto v Kazahstanu
political-geographic-object;['biÅ¡kek', 'frunze', 'biskek', 'kapital kirgizistanu'];Glavno mesto Kirgizistana
political-geographic-object;['kiÅ¡injev', 'chiÅŸinÄƒu', 'kapital moldavijo', 'kishinev'];Glavno mesto Moldavije
political-geographic-object;['duÅ¡anbe', 'stalinabad', 'dusanbe', 'dushanbe', 'dyushambe', 'kapital tadÅ¾ikistan'];Glavno mesto TadÅ¾ikistana
political-geographic-object;['domovina', 'hemland', 'oÄetnjava', 'tuzemstvo', 'domovih', 'domovine', 'drÅ¾ava porekla', 'mati drÅ¾ava'];DeÅ¾ela, s katero ima Älovek ali etniÄna skupina dolgo zgodovino in kulturne vezi
political-geographic-object;['new york', 'new york city', 'new york, new york', 'new york city, new york', 'nyc', 'mesto new york', 'new yorku', 'veÄja new york'];Mesto v zvezni draÅ¾avi New York, ZDA
political-geographic-object;['Å¾upnija', 'Å¾upljanin', 'Å¾upnij', 'Å¾upniji'];Administrativna enota Å¡kofije
practice;['tatakelakuan', 'kodeks ravnanja', 'kodeks'];razloÄitvena stran Wikimedije
quality;['egocentrizem', 'sebiÄnost', 'egoizem', 'samoljubje', 'egocentriÄni', 'samostojno skrb'];RazloÄitvena stran Wikimedije
quality;['moÄ', 'socialna moÄ', 'politiÄna moÄ', 'moÄi', 'moÄne', 'politiÄne moÄi', 'powerfulness'];Sposobnost vplivati na dejanja drugih ljudi
quality;['absolutna temperatura', 'termodinamiÄna temperatura'];Absolutna meritev temperature
quality;['zmernost'];Krepost
quality;['teÅ¾a', 'sila teÅ¾e'];Gravitacijska sila, ki deluje na maso
region;['milimeter', 'mm', 'milimetra'];DolÅ¾inska mera
region;['najmanjÅ¡i skupni imenovalec', 'najmanj skupnega imenovalca', 'skupni imenovalec'];najmanjÅ¡i skupni mnogokratnik imenovalcev mnoÅ¾ice ulomkov
region;['meter', 'm', 'atometer', 'eksameter', 'femtometer', 'gigameter', 'joktometer', 'jotameter', 'petameter', 'terameter', 'zeptometer', 'zetameter', 'metrov'];Enota SI za dolÅ¾ino
region;['albanski lek', 'lek', 'all', 'albanskega leka'];Albanska valuta
region;['islandska krona', 'isk', 'krona'];valuta Islandije
region;['svetlobno leto', 'ly', 'l.y.', 'sv. l.', 'mly', 'svetlobna minuta', 'svetlobna sekunda', 'svetlobna ura', 'svetlobnih let', 'lightyear', 'lightyears'];enota za dolÅ¾ino, ki jo svetloba prepotuje v enem Zemljinem letu. enaka je malo manj kot 10 bilijonov kilometrov
regulation;['Älovekove pravice', 'Älovekova pravica', 'temeljne pravice', 'ÄloveÅ¡ke pravice', 'krÅ¡itev Älovekovih pravic', 'krÅ¡itve Älovekovih pravic', 'univerzalnih Älovekovih pravic', 'Älovekovih pravic'];Neodtujljive osnovne pravice, do katerih je upraviÄen vsak Älovek
relation;['morska viÅ¡ina', 'morska gladina', 'srednja morska viÅ¡ina', 'amsl', 'eustasy', 'eustatic', 'nad srednjo morsko gladino', 'nadmorska viÅ¡ina', 'sealevel', 'srednjo morsko gladino'];PovpreÄna viÅ¡ina morja od enega ali veÄ Zemljinih oceanov
simple-collection;['voznik', 'auriga'];ozvezdje na severni nebesni polobli
simple-collection;['par', 'urejeni par', 'urejena dvojica', 'parov'];Par matematiÄnih objektov
simple-collective;['ljudstvo', 'ljudje', 'narod', 'nacija', 'ljudi'];razloÄitvena stran Wikimedije
simple-collective;['vojvoda', 'duchÃ© grand-fevd'];PlemiÅ¡ki naziv
simple-planned-collective;['zaselek', 'kriÅ¾iÅ¡Äe', 'selo', 'fermtoun'];Zaselek - manjÅ¡e naselje na podeÅ¾elju
situation;['protislovje'];LogiÄna nezdruÅ¾ljivost med dvema ali veÄ propozicijami
situation;['atrofija', 'atrofiÄne', 'atrofiÄni', 'hira'];Opis
situation;['ksenofobija', 'ksenofobije', 'ksenofobiji'];Strah ali zaniÄevanje tujcev ter vsega, kar je tuje
situation;['kraj strel', 'mesto-brca'];RazloÄitvena stran Wikimedije
situation;['strah pred psi', 'kinofobija', 'cynophobia'];Fobija
situation;['napotnica'];Dokument, s katerim se bolnik poÅ¡lje na pregled ali zdravljenje
situation;['vizum', 'viza', 'izstopno vizo', 'tranzitni vizum', 'turistiÄni vizum'];Dovoljenje za prehod meje doloÄene drÅ¾ave
situation;['rak', 'kostni rak', 'rakasto obolenje', 'rakavo obolenje', 'raka', 'maligne bolezni neoplastiÄnih', 'malignih novotvorb', 'proti raku', 'zdravljenje raka'];skupina bolezni
situation;['tuberkuloza', 'jetika', 'suÅ¡ica', 'tbc', 'tuberkoloza', 't.b.', 'tubercolosis'];Nalezljiva bolezen
situation;['pielonefritis', 'okuÅ¾be ledvic'];bolezen ledvic
situation;['jagodast jezik', 'glositis'];simptom
situation;['zunajmaterniÄna noseÄnost', 'ektopiÄna noseÄnost', 'izvenmaterniÄna noseÄnost', 'zunajmaterniÄne noseÄnosti', 'eccyesis', 'ektopiÄne noseÄnosti', 'metacyesis'];EktopiÄna noseÄnost
situation;['meningealni znaki', 'meningizem'];simptom
situation;['genocid', 'rodomor', 'dirka umor', 'genocidov', 'rase iztrebljanja'];SistematiÄno uniÄevanje narodnostne, etniÄne, rasne ali verske skupine
situation;['preklic'];RazloÄitvena stran Wikimedije
situation;['gorenje', 'zgorevanje', 'izgorevanje', 'seÅ¾ig', 'nepopolnega izgorevanja'];Kemijska reakcija
situation;['potovanje', 'pot', 'potovanja', 'popotovanje'];Premikanje ljudi med razmeroma oddaljenimi geografskimi lokacijami
situation;['medalja Äasti', 'medal of honor', 'kongresna medalja Äasti', 'medalje Äasti'];najviÅ¡je vojaÅ¡ko odlikovanje, ki ga podeljuje ZDA
situation;['uboj', 'uboj na mah', 'neprostovoljno uboj'];ZloÄin, ko Älovek ubije drugega Äloveka, neenakovredno umoru
social-role;['bezant', 'solidus', 'solid', 'bezants', 'bezzant', 'byzant', 'solidov'];Zlatnik poznega Rimskega cesarstva
socially-constructed-person;['franÄiÅ¡ek asiÅ¡ki', 'sveti franÄiÅ¡ek asiÅ¡ki', 'sveti franÄiÅ¡ek', 'giovanni di bernardone', 'franÄiÅ¡ek iz asizija', 'franÄiÅ¡ek iz assisija', 'sv. franÄiÅ¡ek', 'giovanni francesco bernardone', 'sv. franÄiÅ¡ek asiÅ¡ki'];Italijanski redovnik in redovni ustanovitelj ter svetnik
socially-constructed-person;['cimabue', 'giovanni cimabue'];italijanski slikar in mozaiÄar
socially-constructed-person;['sonÄni kralj', 'ludvik xiv. francoski', 'ludvik xiv.', 'ludvig xiv', 'ludvik xiv', 'louis great', 'louis xiv'];Kralj Francije in Navare
socially-constructed-person;['voltaire', 'franÃ§ois-marie de arouet', 'volter', 'franÃ§ois-marie arouet', 'franÃ§ois-marie arouet de voltaire', 'arouet', 'francois-marie arouet'];Francoski pisatelj, zgodovinar in filozof
socially-constructed-person;['dante gabriel rossetti', 'rossetti'];RazloÄitvena stran Wikimedije
socially-constructed-person;['mahatma gandhi', 'mahatma gandi', 'mohandas karamÄand gandhi', 'mahatma gandhi karamchand'];Indijski politiÄni in verski vodja
socially-constructed-person;['ptolemaj', 'klavdij ptolemej', 'ptolemej', 'ptolomaj', 'ptolomej', 'claudius ptolemaeus'];StarogrÅ¡ko-egipÄanski astronom, astrolog, matematik, geograf in fizik
socially-constructed-person;['mohamed', 'prerok mohamed', 'mahomet', 'mahound', 'mohammad', 'mohammed'];Arabski politiÄni vodja in ustanovitelj islama
socially-constructed-person;['anunaki', 'anunnaki', 'annanuki', 'annunaki', 'enuki'];skupina boÅ¾anstev v mitologiji antiÄne Mezopotamije
socially-constructed-person;['papeÅ¾ gregor i.', 'gregor i.', 'gregor i. veliki', 'gregor veliki', 'gregorij veliki', 'papeÅ¾ gregor i. veliki', 'sv. gregor', 'sveti gregor', 'sveti gregor veliki', 'sveti gregorij', 'papeÅ¾ gregor veliki', 'gregorja velikega', 'gregory i', 'saint gregory i', 'st gregory i'];PapeÅ¾
socially-constructed-person;['avgur', 'prerok', 'auspex', 'napoveduje'];duhovnik in uradnik v klasiÄnem rimskem svetu
socially-constructed-person;['satan', 'belcebub', 'hudiÄ', 'lucifer', 'peklenÅ¡Äek', 'vrag', 'zlodej', 'beelzebub', 'old nick', 'prince of darkness', 'skuÅ¡njavec'];Padli angel v judovstvu, krÅ¡Äanstvu in islamu
socially-constructed-person;['apostolski nuncij', 'nuncij', 'papeÅ¡ki nuncij', 'apostolska nunciatura', 'apostolskega legata', 'apostolski delegat', 'papeÅ¾ev nuncij'];PapeÅ¡ki veleposlanik
socially-constructed-person;['Äasomerilec'];RazloÄitvena stran Wikimedije
socially-constructed-person;['the conduit'];Videoigra iz leta 2009
socially-constructed-person;['arianrhod', 'arianrod'];Å½ensko osebno ime
socially-constructed-person;['john locke', 'locke'];angleÅ¡ki filozof
socially-constructed-person;['carl linnaeus', 'linnaeus', 'carl von linne', 'carolus linnaeus', 'karl linne', 'carl linne', 'carl linnÃ©', 'carl von linnÃ©', 'karl von linnÃ©', 'linne'];Å vedski botanik, zdravnik in zoolog
socially-constructed-person;['j.p. morgan', 'j. p. morgan', 'john pierpont morgan'];AmeriÅ¡ki poslovneÅ¾ in bankir
socially-constructed-person;['ludwig wittgenstein', 'ludwig josef johann wittgenstein', 'wittgenstein', 'ludwig wittgenstein johan josef'];Avstrijski avstrijski filozof, logik in inÅ¾enir
socially-constructed-person;['george washington', 'predsednik washington'];AmeriÅ¡ki politik, prvi predsednik ZdruÅ¾enih DrÅ¾av Amerike ( predsednik od 1789 do 1797)
socially-constructed-person;['james abram garfield', 'james a. garfield', 'james garfield', 'garfield', 'james garfield abraham', 'predsednik garfield'];AmeriÅ¡ki politik in predsednik
socially-constructed-person;['ministrant', 'maÅ¡ni streÅ¾nik', 'ministriranje', 'oltar streÅ¾nik'];PomoÄnik pri bogosluÅ¾ju
socially-constructed-person;['vojvoda', 'duchÃ© grand-fevd'];PlemiÅ¡ki naziv
socially-constructed-person;['sveti pavel', 'apostol pavel', 'pavel iz tarza', 'pavel', 'apostol poganov', 'pavel apostol', 'savel iz tarza'];Izraelski teolog, apostol, pisec novozaveznih pisem Svetega pisma, muÄenec in svetnik
socially-constructed-person;['balerina', 'baletnik', 'baletka', 'baletke', 'baletnih plesalcev'];Oseba, ki pleÅ¡e balet
socially-constructed-person;['balerina', 'baletnik', 'baletka', 'baletke', 'baletnih plesalcev'];Plesalec baleta
socially-constructed-person;['veterinar', 'Å¾ivinozdravnÃ­k', 'Å¾ivinozdravnik', 'veterina', 'veterinarja', 'veterinarji', 'veterinarski', 'veterinarski zdravnik'];Oseba, ki se ukvarja z veterino
socially-constructed-person;['Äebelar', 'pÄelar', 'apiculturist', 'Äebelarji'];Oseba, ki se ukvarja s Äebelarstvom
socially-constructed-person;['succubus', 'succuba', 'succubi'];Seznam Wikimedije
socially-constructed-person;['maser', 'maserka'];oseba, ki masira druge ljudi
socially-constructed-person;['charles baudelaire', 'baudelaire', 'charles-pierre baudelaire', 'charles pierre baudelaire', 'charles baudelaire pierre'];Francoski pesnik, esejist, kritik in prevajalec
socially-constructed-person;['oseba', 'Älovek', 'nekdo', 'posameznika', 'posameznik', 'kdo', 'posamezniki', 'smrtnik'];Posameznik
socially-constructed-person;['moÅ¾', 'soprog', 'moÅ¾iÄek', 'mravljinÄek', 'poroÄen moÅ¡ki'];MoÅ¡ki partner zakonske zveze
socially-constructed-person;['kasiti'];Seznam Wikimedije
socially-constructed-person;['violinist', 'violinistka'];Oseba, ki igra na violino
socially-constructed-person;['azijska', 'azijski'];RazloÄitvena stran Wikimedije
socially-constructed-person;['neodvisni politik', 'bonec', 'odliÄnik', 'fencesitter'];Politik, ki ni povezan z nobeno politiÄno stranko
socially-constructed-person;['Å¾upnik', 'kurat', 'pastor', 'duhovnik', 'verski referent', 'vojaÅ¡ki kurat', 'far', 'katoliÅ¡ki Å¾upnik', 'rimskokatoliÅ¡ki Å¾upnik', 'minister', 'rektor', 'kaplan', 'pridigar', 'vikar', 'krÅ¡Äanski minister', 'kurat asistent', 'minister za vero', 'minister za verske', 'posveÄen minister', 'verske minister', 'verski minister', 'viÅ¡ji pastor', 'Å¾upnik uÄitelj'];Protestantski Å¾upnik
socially-constructed-person;['Å¾upnik', 'kurat', 'pastor', 'duhovnik', 'verski referent', 'vojaÅ¡ki kurat', 'far', 'katoliÅ¡ki Å¾upnik', 'rimskokatoliÅ¡ki Å¾upnik', 'minister', 'rektor', 'kaplan', 'pridigar', 'vikar', 'krÅ¡Äanski minister', 'kurat asistent', 'minister za vero', 'minister za verske', 'posveÄen minister', 'verske minister', 'verski minister', 'viÅ¡ji pastor', 'Å¾upnik uÄitelj'];KatoliÅ¡ki duhovnik, ki je predstojnik Å¾upnije
socially-constructed-person;['urednik', 'urednica'];Oseba, ki ureja besedila ali publikacije
socially-constructed-person;['samec', 'moÅ¡ki', 'moÅ¡ki, ki'];Spol organizma
socially-constructed-person;['tujec', 'inozemec', 'nezakonito tujcev', 'noncitizen', 'outlander', 'tujca'];Oseba v drÅ¾avi, v kateri nima drÅ¾avljanstva
socially-constructed-person;['programer', 'razvijalec programske opreme', 'programerka', 'raÄunalniÅ¡ki programer', 'razvijalec', 'inÅ¾enir', 'koder', 'programerji'];Oseba, ki piÅ¡e raÄunalniÅ¡ko kodo
socially-constructed-person;['svetnik', 'sveti', 'svetnica', 'sveta', 'katoliÅ¡ki svetnik', 'krÅ¡Äanskih svetnikov', 'svetnikov'];Oseba, ki je posmrtno bila kanonizirana
socially-constructed-person;['zapornik', 'arestant', 'jetnica', 'jetnik', 'kaznjenec', 'pripornik', 'restant', 'ujetnica', 'ujetnik', 'zapornica', 'zaporniki'];oseba, ki ji je odvzeta prostost
socially-constructed-person;['umetnik', 'umetnica', 'artist', 'likovnik', 'poznavalec', 'slikar', 'ustvarjalna oseba'];Oseba, ki se ukvarja z umetnostjo
socially-constructed-person;['snemalec', 'fotograf', 'kinooperater', 'fotoaparat upravljavec', 'snemalcem', 'snemalcev', 'snemalci'];Snemalec za film, video
socially-constructed-person;['psihiater', 'psihiatrinja', 'psihiatri', 'shrink'];Zdravnik specializiran v psihiatriji
socially-constructed-person;['redni profesor', 'profesor'];NajviÅ¡ji akademski naziv na univerzah
socially-constructed-person;['lev nikolajeviÄ tolstoj', 'lev tolstoj', 'grof lev tolstoj nikolayevitch', 'tolstoj'];Ruski pisatelj
socially-constructed-person;['genetik', 'genetiki'];Biolog, ki se ukvarja z genetiko
socially-constructed-person;['triton'];starogrÅ¡ki bog morja
socially-constructed-person;['kovaÄ', 'kovaÅ¡tvo', 'kladivar', 'kovaÄi'];Oblikovalec ali ustvarjalec izdelkov iz Å¾eleza ali drugih kovin
socially-constructed-person;['dojilja', 'dojÃ­lja', 'mokro medicinska sestra', 'amah', 'wetnurse'];Å½enska, ki doji in skrbi za tujega otroka
socially-constructed-person;['uradnik', 'funkcionar', 'izvoljeni uradniki', 'javni usluÅ¾benec', 'opravljati', 'sedeÅ¾ izvoljene'];Poklic
socially-constructed-person;['pamfletist', 'pamphleteer', 'pisec'];Poklic
socially-constructed-person;['pesnik', 'poet', 'pesnica', 'pesnikov'];Pisatelj, ki piÅ¡e pesmi
socially-constructed-person;['moÅ¡ki', 'moÅ¾', 'moÅ¾akar', 'odrasel moÅ¡ki', 'spolno dozorevanje', 'spolno zrelost', 'Älovek'];Odrasla oseba moÅ¡kega spola
socially-constructed-person;['govornik', 'predstavnik', 'oseba za stike z javnostjo', 'zastopnik', 'predstavnica', 'tiskovni predstavnik'];Oseba najeta ali izbrana za govorca
socially-constructed-person;['lepidopterolog', 'lepidopterist', 'lepidopterologist', 'metulj kolektor'];Oseba, ki se ukvarja s Å¡tudijem Lepidoptera
socially-constructed-person;['begunec', 'pribeÅ¾nik', 'pribeÅ¾nica', 'beguncev', 'emigrant', 'politiÄne begunce', 'prosilca za azil', 'prosilcev za azil', 'status begunca', 'vojna begunca'];Oseba, ki (z)beÅ¾i iz domovine pred nevarnostjo zaradi vojnih, politiÄnih, religioznih ali rasnih razlogov
socially-constructed-person;['svetovalec', 'konzultant', 'strokovnjak', 'svetovalci'];Osiba, ki svetuje
socially-constructed-person;['dante alighieri', 'dante'];Italijanski pesnik
socially-constructed-person;['skladatelj', 'komponist', 'skladateljica', 'komponistka', 'sestavitelj', 'sestavljalec', 'glasbeni skladatelj'];Ustvarjalec na podroÄju glasbe
socially-constructed-person;['sveti andrej', 'andrÃªj', 'apostol andrej', 'sv. andrej', 'ande', 'andrej', 'andrew', 'saint andrew', 'saint andrew apostol', 'sveti andrija'];Apostol Jezusa Kristusa, muÄenec in svetnik
socially-constructed-person;['podkralj', 'namestnichestvo', 'namestnik', 'potkraljevski', 'vicereine', 'viceroy', 'viceroys'];Kraljevi predstavnik
socially-constructed-person;['gentilitas', 'pogan', 'goy', 'gentile', 'goyim', 'ne-Å¾id', 'pogani'];razloÄitvena stran Wikimedije
socially-constructed-person;['urar', 'horologer', 'horologist', 'urarsko'];Oseba, ki izdeluje ali popravlja ure
socially-constructed-person;['general', 'vojskovodja', 'general je', 'generali', 'polno generalni'];VojaÅ¡ki oficir
socially-constructed-person;['aristotel'];StarogrÅ¡ki filozof
socially-constructed-person;['muÄenec', 'muÄenik', 'muÄenica', 'muÄeniÅ¡tvo', 'muÄenka', 'muÄenikov', 'umorjen'];ÄŒlovek, ki je bil muÄen zaradi svoje vere oziroma prepriÄanja
socially-constructed-person;['albert einstein', 'einstein', 'a. einstein', 'einstein, albert'];Priimek
socially-constructed-person;['vladimir iljiÄ uljanov', 'lenin', 'vladimir iljiÄ lenin', 'vladimir lenin', 'vladimir uljanov', 'vladimir iljiÄ uljanov-lenin', 'nikolaj lenin'];Ruski revolucionar in politik
socially-constructed-person;['josip stalin', 'josip visarijonoviÄ dÅ¾ugaÅ¡vili', 'josip visarijonoviÄ stalin', 'stalin', 'josef stalin', 'josip dÅ¾ugaÅ¡vili', 'ioseb dÅ¾ugaÅ¡vili', 'iosif vissarionovich dzhugashvili', 'joseph stalin'];Sovjetski komunistiÄni voditelj
socially-constructed-person;['marija magdalena', 'sveta marija magdalena', 'magdalena', 'sveta magdalena', 'marije magdalene', 'mary magdalen', 'st mary magdalen'];Izraelska svetnica
socially-constructed-person;['statistik', 'aktuar', 'statistiki'];Oseba, ki se ukvarja s teoretiÄno ali uporabno statistiko
socially-constructed-person;['koreograf', 'koreografinja'];Avtor koreografije
socially-constructed-person;['arhitekt', 'oblikovalec', 'oblikovalka', 'gradbenik', 'graditelj', 'stavbenik', 'arhitekti', 'oblikovalci'];Oseba, ki se ukvarja z oblikovanjem
socially-constructed-person;['kostumograf', 'kostumografka', 'kostumografinja', 'kostumer', 'costumer', 'costumier'];oseba, ki dizajnira kostume
socially-constructed-person;['wright', 'rokodelec'];Priimek
socially-constructed-person;['Äembalist'];Oseba, ki igra na Äembalo
socially-constructed-person;['borznik', 'trgovec', 'prodajalec'];Trgovec
socially-constructed-person;['Å¡printer', 'tekaÄ na kratke razdalje', 'Å¡printerka'];TekaÄ na razdalje do 400 metrov
socially-constructed-person;['gledaliÅ¡ki reÅ¾iser', 'reÅ¾iser', 'gledaliÅ¡ko smer', 'regisseur'];Oseba, ki nadzoruje izvedbo gledaliÅ¡ke predstave
socially-constructed-person;['fotograf', 'fotografinja', 'fotogrÈƒf', 'lensman', 'svobodni fotograf'];Kdor se (poklicno) ukvarja s fotografiranjem
socially-constructed-person;['dramatik', 'dramatikov'];Oseba, ki piÅ¡e igre
socially-constructed-person;['biokemik'];Znanstvenik, ki se ukvarja z biokemijo
socially-constructed-person;['miguel de cervantes', 'miguel de cervantes saavedra', 'cervantes', 'miguel cervantes', 'miguel de cervantes y saavedra', 'cervantes saavedra'];Å panski pisatelj in pesnik
socially-constructed-person;['drÅ¾avni sekretar za notranje zadeve', 'britanski notranji minister', 'ministrica za notranje zadeve'];Seznam Wikimedije
socially-constructed-person;['ravnatelj', 'ravnateljica'];vodja Å¡ole
socially-constructed-person;['Å¡akti', 'sakti', 'shakti'];razloÄitvena stran Wikimedije
socially-constructed-person;['mojzes'];Izraelski prerok
socially-constructed-person;['vratar', 'hokejski vratar', 'golman', 'goaltender', 'netminder', 'vratarja'];Pozicija v nogometu
socially-constructed-person;['vodja ansambla', 'bandleader', 'vodja orkestra'];Vodja skupine glasbenikov
socially-constructed-person;['cesar', 'imperator', 'cÃªsar', 'imperÃ¡tor', 'car', 'cesarjev'];Tip monarha
socially-constructed-person;['sveta marija', 'devica marija', 'marija', 'blaÅ¾ena devica marija', 'bogorodnica', 'madona', 'marija iz nazareta', 'mati boÅ¾ja', 'sveta devica', 'brezmadeÅ¾na', 'marija zdravja', 'sv. marija', 'devica', 'mary', 'virgin'];Mati Jezusa Kristusa, svetnica
socially-constructed-person;['robert frost', 'robert lee frost'];AmeriÅ¡ki pesnik
space-region;['piknja'];obmoÄje stanjÅ¡ane celiÄne stene s plazmodezmami
space-region;['prizmatoid', 'prizmoid', 'prismatoid'];Polieder z vsemi ogliÅ¡Äi v dveh vzporednih ravninah
spatial-feature;['benzaldehid', 'projekt:benzaldehid'];Kemijska spojina
spatial-feature;['planota', 'plato', 'ravan', 'planote'];Visoko ravno geografsko podroÄje
spatial-feature;['alpe', 'alps', 'alpski svet'];gorovje v osrednji Evropi
spatial-feature;['meja', 'drÅ¾avna meja', 'omejitev', 'loÄnica', 'mejnica', 'mejnik', 'drÅ¾avno mejo', 'mednarodne meje', 'mednarodno mejo', 'meje', 'mejna Ärta', 'mete', 'razmejitev', 'razmejitvijo volilnih'];ÄŒrta, ki med seboj loÄuje ozemlja ali drÅ¾ave
spatial-feature;['rushmore', 'mount rushmore', 'gora rushmore', 'mt. rushmore'];Gora z upodobitvami ameriÅ¡kih predsednikov
spatial-feature;['sierra nevada', 'high sierra', 'sierra nevada mountains'];gorovje v Kaliforniji
spatial-feature;['gejzir', 'gejzirji'];Naravni pojav
spatial-feature;['tla', 'pod'];spodnji del prostora
state;['alzheimerjeva bolezen', 'alzheimerjeva demenca', 'alzheimerjeve bolezni'];KroniÄna progresivna nevrodegenerativna bolezen, pri kateri so v ospredju znaki demence
subject;['bionika', 'bionic'];Bionika
subject;['raÄunalniÅ¡tvo', 'informatika', 'raÄunalniÅ¡ke tehnologije', 'raÄunalniÅ¡ki znanstveniki', 'raÄunalniÅ¡tvu'];Veda o raÄunalniÅ¡ki obdelavi podatkov
subject;['klasiÄna mehanika', 'newtonovo mehaniko', 'newtonova mehanika', 'klasiÄne mehanike', 'newtonove fizike', 'racionalne mehanike'];PodroÄje mehanike
subject;['biotehnologija', 'bioloÅ¡ko inÅ¾enirstvo', 'biotehnologije', 'industrijske biotehnologije'];uporaba Å¾ivih sistemov in organizmov, da se ustvarijo uporabni izdelki
subject;['elektronika', 'elektronike', 'elektronske naprave', 'elektronske tehnologije', 'elektronski sistem', 'elektronskih naprav'];Fizika, inÅ¾enirstvo, tehnologija in aplikacija, ki se ukvarja z nadzorom poteka elektronov v vakumu in materiji
subject;['astronomija', 'astronomija in astrofizika', 'zvezdoslovje', 'zvezdoznanstvo', 'uranology'];naravoslovna znanost, ki se ukvarja z nebesnimi telesi
subject;['etologija', 'vedenje Å¾ivali', 'etolog', 'ethologists'];bioloÅ¡ka veda o vedenju Å¾ivali
subject;['uporabna znanost', 'inÅ¾enirstvo', 'tehnologija', 'aplikativna znanost', 'tehnika', 'inÅ¾eniring znanosti', 'sodobne tehnologije', 'tehnologije', 'uporabne tehnologije', 'uporabne znanosti'];disciplina, ki se aplicira na uporabna podroÄja
subject;['algebra', 'algebre'];PodroÄje matematike
subject;['informatika', 'informacijska znanost', 'dokumentacija', 'informatiÄni', 'informacijske znanosti', 'informacijske Å¡tudije', 'informatike', 'ip', 'obdelavo podatkov'];Znanost o sistematiÄni obdelavi podatkov, Å¡e posebno o samodejni obdelavi z uporabo raÄunalnikov
subject;['limnologija', 'limnoloÅ¡ki'];Veda, ki se ukvarja z raziskovanjem celinskih voda
subject;['folklora', 'folklor', 'folklore', 'folklorna', 'folklornem', 'ljudska modrost', 'ljudskih zgodb', 'ljudsko izroÄilo'];Ljudska duhovna kultura
system-as-description;['segregacija', 'rasna segregacija', 'rasne segregacije', 'rasno segregacijo'];LoÄevanje ljudi po rasnih ali drugih etniÄnih skupinah
system-as-description;['druÅ¾beni sistem', 'druÅ¾bena struktura', 'socialna struktura', 'struktura', 'druÅ¾bena organizacija', 'druÅ¾bene organizacije', 'druÅ¾benih struktur'];socioloÅ¡ka razvrstitev ÄloveÅ¡kih druÅ¾b po njihovih druÅ¾benih karakterjih
taxonomic-collective;['microsporum', 'rodu microsporum'];rod glivic
taxonomic-collective;['navadni sirek', 'sorghum bicolor', 'sirek', 'holcus bicolor', 'sorghum saccharatum', 'sorghum vulgare', 'kaffir koruza', 'kafir koruza', 'koruze metle', 'super proso'];kulturna rastlina iz druÅ¾ine trav
taxonomic-collective;['Å¾erjavovci', 'gruiformes', 'naroÄilo gruiformes'];Red ptic
taxonomic-collective;['goÅ¾i', 'colubridae', 'colubrids', 'druÅ¾inski colubridae'];DruÅ¾ina kaÄ
taxonomic-collective;['charales', 'naroÄilo charales'];kategorija Wikimedije
taxonomic-collective;['votlorogi', 'bovidae', 'rogarji', 'bovid', 'druÅ¾ina bovidae'];druÅ¾ina sodoprstih kopitarjev
technique;['teologija', 'bogoslovje', 'teologije', 'teologi', 'teoloÅ¡ki sistem', 'teoloÅ¡ko', 'verski uÄenjak'];Veda o Bogu
temporal-region;['1. julij', 'dominion dan'];Datum
temporal-region;['1. januar', 'praznik marijinega'];Datum
temporal-region;['2. februar', 'groundhog day', '2 februar'];Datum
temporal-region;['1. november', 'vsi sveti', 'dan spomina na mrtve', '1 november', 'allhallows', 'hallowmas', 'hallowmass'];Datum
temporal-region;['boÅ¾iÄ', '25. december', 'bozic', 'boÅ¾iÄni prazniki', 'boÅ¾iÄni dan', 'xmas'];Datum
temporal-region;['19. marec', '19 marec', 'st joseph', 'svetega joÅ¾efa'];Datum
temporal-region;['cirkadiani ritem', 'cikel spanja in budnosti', 'cirkadiani', 'cirkadianih ritmov', 'telo uro'];Lastnost bioloÅ¡kih procesov, ki se ponavljajo s periodo pribliÅ¾no 24 ur
temporal-region;['14. april', 'pan american dan'];Datum
temporal-region;['24. oktober', '24 oktober', 'dan zdruÅ¾enih narodov'];Datum
temporal-region;['praznik obveznosti', 'svetih dni'];seznam Wikimedije
temporal-region;['12. oktober', 'columbus day', 'dan odkritja', 'dia de la raza'];Datum
temporal-region;['4. julij', 'dan neodvisnosti', 'dan neodvisnosti v zda', 'Äetrtega julija'];Datum
temporal-region;['postni Äas', 'postna postava', '40-dnevi post', 'veliki post', 'Å¡tiridesetdnevni post', 'lent', 'lententide', 'postnem'];ÄŒas v Cerkvenem letu
temporal-region;['periodizacija zgodovine', 'zgodovinsko obdobje', 'zgodovinska doba', 'periodizacije'];Äasovno obdobje v zgodovini
temporal-region;['24. maj', 'empire dan', 'commonwealth day'];Datum
temporal-region;['17. september', 'drÅ¾avljanstvo dan'];Datum
temporal-region;['1. avgust', 'kresni', 'praznik lammas', 'proslavljanje Å¾etve', 'kresni dan'];Datum
temporal-region;['14. junij', 'dan zastave', '14 junij'];Datum
temporal-region;['29. junij', '29 junij', 'saints petra in pavla'];Datum
temporal-region;['29. september', 'michaelmas', 'michaelmas dan', 'dan michaelmas'];Datum
temporal-region;['21. junij', '21 junij', 'poletnega solsticija', 'sredina'];Datum
temporal-region;['1. maj', 'praznik dela', 'maj dan', 'prvi maj'];Datum
temporal-region;['2. marec', 'texas independence day'];Datum
temporal-region;['29. februar', '29 februar', 'bissextile dan', 'dan leap', 'skok dneva'];Datum
temporal-region;['23. junij', '23 junij', 'kres eve', 'kresna noÄ', 'kresni veÄer', 'Å¡entjanÅ¾evka eve', 'Å¡entjanÅ¾evka night'];Datum
temporal-region;['6. januar', 'sveti trije kralji', 'epifanija', 'gospodovo razglaÅ¡enje', 'tretji boÅ¾iÄ', 'trije kralji', 'teofanija', 'dvanajsta dan', 'sveti trije kralji naÅ¡ega gospoda', 'trije kralji dan'];Datum
theory;['znanstveni zakon', 'princip znanosti', 'zakon znanosti', 'empiriÄno prakso'];izjava, ki temelji na ponovljenih eksperimentalnih opazovanjih, ki razloÅ¾ijo obnaÅ¡anje vesolja
