activity;['festival', 'bayram'];qator tadbirlar va spektakllar uyushtiriladigan bayram
activity;['karantin', 'karantinlash'];Karina viris
activity;['teatr', 'dramaturgiya', '"teatr"'];Drama echki qo'shig'i
activity;['ob-havo', 'havo', 'ob havo'];Shahrisabz
agentive-figure;['davlat', 'suveren davlat', 'millat', 'ulus', 'estat', 'negara', 'state', 'åœ‹', 'civitas', 'devlet', 'dowlad', 'drÅ¾ava', 'dÃ¶vlÉ™t', 'estado', 'estato', 'estatu', 'firenena', 'gwladwriaeth', 'kaontri', 'kintra', 'kok-ka', 'land', 'letÃ¡', 'leydi', 'mama llaqta', 'mokuâ€˜Äina', 'nagara', 'nhÃ  nÆ°á»›c', 'paÃ­s', 'paÅ„stwo', 'paÅ„stwÃ²', 'riik', 'rÃ©ew', 'rÃ­ki', 'rÄrangi whenua', 'schdaad', 'shteti', 'staat', 'stad', 'stado', 'staot', 'stat', 'stato', 'statu', 'steat', 'stÃ¡t', 'stÃ¢t', 'stÃ¥Ã¥d', 'tetÃ£', 'tÃ­r', 'valsts', 'valstybÄ—', 'valstÄ«bÄ—', 'valtio', 'Ã¡llam', 'Ã©tat', 'Åtato', 'Å¡tÃ¡t', 'ÎºÏÎ¬Ï„Î¿Ï‚', 'Ğ³Ğ¾ÑÑƒĞ´Ğ°Ñ€ÑÑ‚Ğ²Ğ¾', 'Ğ´ĞµÑ€Ğ¶Ğ°Ğ²Ğ°', 'Ğ´Ğ·ÑÑ€Ğ¶Ğ°Ğ²Ğ°', 'Ğ´Ñ€Ğ¶Ğ°Ğ²Ğ°', 'Ğ´ÑŠÑ€Ğ¶Ğ°Ğ²Ğ°', 'Ğ´Ó™Ò¯Ğ»Ó™Ñ‚', 'Ğ¸Ğ»', 'ĞºĞ°Ğ½Ğ¼Ñƒ', 'ĞºĞ¸ÑˆĞ²Ğ°Ñ€', 'ĞºÑƒĞ³Ñ‹Ğ¶Ğ°Ğ½Ñ‹Ñˆ', 'ĞºÑŠÑ€Ğ°Ğ»', 'Ğ¼Ğ°Ğ¼Ğ»ĞµĞºĞµÑ‚', 'Ğ¼ĞµĞ¼Ğ»ĞµĞºĞµÑ‚', 'Ğ¿Ğ°Ñ‚ÑˆĞ°Ğ»ÄƒÑ…', 'ÑƒĞ»Ñ', 'ÑˆÑ‚Ğ°Ñ‚', 'ÕºÕ¥Õ¿Õ¸Ö‚Õ©ÕµÕ¸Ö‚Õ¶', '××“×™× ×”', 'Ø§Ø²Ø§Ø¯ Ø¯ÛŒØ³', 'Ø¯ÙˆÙ„Ø©', 'Ø¯ÙˆÙ„Øª', 'Ø¯ÙˆÙ„Ù‡', 'Ø¯Û•ÙˆÚµÛ•Øª', 'Ù…Ù„Ú©', 'ÜÜ¬ÜªÜ', 'à¤¸à¤¾à¤°à¥à¤µà¤­à¥Œà¤®à¤¿à¤• à¤°à¤¾à¤·à¥à¤Ÿà¥à¤°', 'à¦°à¦¾à¦·à§à¦Ÿà§à¦°', 'à®…à®°à®šà¯', 'à²¦à³‡à²¶', 'à´°à´¾à´·àµà´Ÿàµà´°à´‚', 'à·ƒà·Šà·€à·›à¶»à·“à¶º à¶»à·à¶¢à·Š\u200dà¶ºà¶º', 'à¸£à¸±à¸', 'áƒ¡áƒáƒ®áƒ”áƒšáƒ›áƒ¬áƒ˜áƒ¤áƒ', 'áƒ¡áƒáƒ®áƒ”áƒœáƒ¬áƒ·áƒ¤áƒ', 'á”áŸ’ášá‘áŸáŸ', 'å›½å®¶', 'êµ­ê°€'];Markaziy hokimiyatga ega siyosiy tashkilot
agentive-figure;['don quixote sarguzashtlari', 'don quixote, don kixot', 'don kixot', 'don kixot sarguzashtlari'];Ispan yozuvchisi Miguel de Cervantes Saavedra qalamiga mansub roman
agentive-physical-object;['tuya'];Bu oÊ»simlik hozirda landshaft dizayn sifatida qoÊ»llaniladi
agentive-physical-object;['kashalot', 'physeter macrocephalus', 'physeter catodon'];Kitlar turi
agentive-physical-object;['koÊ»k kit', 'balaenoptera musculus', "ko'k kit", 'ko`k kit', 'koâ€˜k kit'];YoÊ»l-yoÊ»l kitlar oilasiga mansub sut emizuvchi hayvon
agentive-physical-object;['yelka oyoqlilar'];Umurtqasiz hayvonlar tipi
agentive-physical-object;['kosatka'];Tishli kit
agentive-physical-object;['kaltakesaklar', 'kaltakesak'];Sudralib yuruvchilar sinfining kenja turkumi
amount-of-matter;['talliy', 'Ñ‚Ğ°Ğ»Ğ»Ğ¸Ğ¹', 'tl'];Kimyoviy unsur
amount-of-matter;['geliy', 'he'];lanardo davinchi
amount-of-matter;['buten', 'butenlar', 'butilen', 'butilenlar'];Organik birikma
amount-of-matter;['ishqorlar', 'asos', 'ishqor', 'base', 'Ğ¾ÑĞ½Ğ¾Ğ²Ğ°', 'basa', 'basis', 'baz', 'baza', 'Ğ¸ÑˆÒ›Ğ¾Ñ€', 'alus', 'bas', 'base quÃ­mica', 'basen', 'basi', 'bazat', 'bazenn', 'bazo', 'bazÄƒ', 'bazÄ—', 'bazÆ¡', 'bÃ¡zis', 'bÄze', 'emÃ¤s', 'iÃ¢m-ki', 'lipÃµ', "llipt'a", 'zasady', 'zÃ¡sada', 'zÃ¡saditost', 'Î²Î¬ÏƒÎ·', 'Ğ°ÑĞ½Ğ¾Ğ²Ğ°', 'Ğ°ÑĞ½Ğ¾Ğ²Ñ‹', 'Ğ±Ğ°Ğ·Ğ°', 'Ğ½ĞµĞ³Ñ–Ğ·Ğ´ĞµÑ€', 'Ğ¾ÑĞ½Ğ¾Ğ²Ğ°Ğ½Ğ¸Ğµ', '×‘×¡×™×¡', 'Ø§Ø³Ø§Ø³', 'Ø¨Ø§Ø²', 'Ù‚Ø§Ø¹Ø¯Ø©', 'à¤•à¥à¤·à¤¾à¤°', 'à¦•à§à¦·à¦¾à¦°à¦•', 'à®•à®¾à®°à®®à¯', 'à´•àµà´·à´¾à´°à´‚', 'à¹€à¸šà¸ª', 'áƒ¤áƒ£áƒ«áƒ”áƒ”áƒ‘áƒ˜', 'å¡©åŸº', 'é¹½åŸº', 'ì—¼ê¸°'];ishqorlar nimaligini bilsizmi
biological-object;['yogÊ» bezlari', "yog' bezlari", 'yog` bezlari', 'yogâ€˜ bezlari'];Terisining yogÊ» chiqaradigan bezlari
biological-object;['orqa miya'];Nerv to'qimasidan tuzilgan uzun, nozik, naysimon struktura
biological-object;['immun tizimi'];Umurtqali mavjudotlardagi organ va to'qimalarni birlashtiruvchi, kasalliklardan himoya qiluvchi tizim
biological-object;['umurtqa', 'umurtqalar'];umurtqa pog'onasini tashkil qiluvchi suyaklar
functional-matter;['neyroleptik moddalar'];Dorivorlar turkumi
functional-matter;['qazi'];qazi(ot goÊ»shti)
information-realization;['natyurmort'];NATURMORT
information-realization;['qurÊ¼on', "qur'on", 'qurÊ»on', 'qurÊ¼oni karim', 'qurâ€™on', 'qurâ€™oni karim'];Musulmonlarning muqaddas kitobi.
locative-role;['florensiya'];Italiya kommunalari
locative-role;['paduya', 'padova'];Italiya kommunalari
locative-role;['pago pago'];Amerika Samoasi poytaxti
locative-role;['light'];familiya
locative-role;['milan'];Italiya kommunalari
locative-role;['new york', 'nyu-york shahri', 'nyu-york', 'new york shahri', 'nyc', 'nyu york', 'nyu york shahri'];AQSh'dagi shahar
parameter;['karantin', 'karantinlash'];Karina viris
phenomenon;['69'];Natural son
phenomenon;['ob-havo', 'havo', 'ob havo'];Shahrisabz
physical-body;['proksima', 'prÃ³xima centauri'];Sentavr yulduz turkumidagi eng yorugÊ» yulduz
physical-object;['45'];Natural son
physical-object;['traktor'];Og'ir yuklarini tashish uchun loyihalangan maxsus transport vositasi
physical-object;['bengal olovi'];perotexnika turi
political-geographic-object;['florensiya'];Italiya kommunalari
political-geographic-object;['paduya', 'padova'];Italiya kommunalari
political-geographic-object;['abu-dabi', 'abu dabi', 'abÃº dhabÃ­'];BAA poytaxti
political-geographic-object;['olmoniya', 'germaniya', 'Ğ¾Ğ»Ğ¼Ğ¾Ğ½Ğ¸Ñ', 'gfr', 'alamagn', 'alemagne', 'alemaina', 'alemanha', 'alemania', 'alemanne', 'alemanya', 'alemanyi', 'alemaÃ±a', 'alemaÃ±a - deutschland', 'alimanya', 'alimaÃ±a', 'allemagne', 'allemangne', 'almaanya', 'almaaÃ±', 'almagne', 'almanha', 'almania', 'almaniya', 'almanya', 'almay', 'almayn', 'alÃ©mani', 'an ghearmÃ¡in', 'bÃ©Ã©sh bichÊ¼ahii bikÃ©yah', 'daitschlond', 'deitschland', 'deutschland', 'deutÃ¤n', 'djermani', 'doichland', "dotygu'e", 'doysrikondre', 'duiska', 'duitsland', 'duutsjlandj', 'duutslaand', 'duutsland', 'dwzgoz', 'dÃ¡ik-guÃ³k', 'dÃ¤itschland', 'dÃºtslÃ¢n', 'dÃ¼tschland', 'dÃ¼Ã¼tschland', 'dÃ¼Ã¼tsklound', 'federativ olmoniya respublikasi', 'frg', 'germania', 'germanie', 'germanio', 'germaniya federativ respublikasi', 'germaniÃ½a', 'germany', 'germÃ nia', 'germÃ¢gna', 'ghermÃ£nia', 'girimane', 'girmania', 'gjermania', 'gjermanie', 'gÃ«rmania', 'heremani', 'ijalimane', 'ijalimani', 'ijamani', 'jamus', 'jarimani', 'jarmalka', 'jerman', 'jermani', 'jermaniya', 'jeureuman', 'jÃ©maná»‹', 'jÃ©rman', 'jáº¹ÌmÃ¡nÃ¬', 'kelemÄnia', 'lalman', "ma'evÃ©'ho'Ã©no", 'miemieckÃ´', 'mjymcy', 'nemaÄka', 'nemecko', 'nemÄija', 'niemcy', 'nimska', 'njemaÄka', 'nÃ©metorszÃ¡g', 'nÄ›mecko', 'nÄ›mska', "s'aksamaa", 'saksa', 'saksamaa', 'saksanma', 'siamani', 'tek-kok', 'tet-koet', 'teutontlÄlpan', 'tiamana', 'tjÃ¼schlÃ¶nj', 'tyskland', 'tÃ½skland', 'ubudage', 'ubudagi', 'ujerumani', 'vokietija', 'vuoceja', 'vuokÄ«tÄ—jÄ—', 'vÄcija', 'yn ghermaan', 'yr almaen', 'Ã¾Ã½skaland', 'Ã¾Ä“odscland', 'Ä‘á»©c', 'Ä¡ermanja', 'Î³ÎµÏÎ¼Î±Î½Î¯Î±', 'Ğ°Ğ»Ğ¼Ğ°Ğ½Ğ¸Ñ', 'Ğ°Ğ»Ğ¼Ğ°Ğ½Ñ‚Ó™Ñ‹Ğ»Ğ°', 'Ğ³ĞµÑ€Ğ¼Ğ°Ğ½', 'Ğ³ĞµÑ€Ğ¼Ğ°Ğ½Ğ¸', 'Ğ³ĞµÑ€Ğ¼Ğ°Ğ½Ğ¸Ğµ Ğ¼Ğ°ÑÑ‚Ğ¾Ñ€', 'Ğ³ĞµÑ€Ğ¼Ğ°Ğ½Ğ¸Ñ', 'Ğ³ĞµÑ€Ğ¼Ğ°Ğ½Ğ¸Ñ Ğ¼Ğ°ÑÑ‚Ğ¾Ñ€', 'Ğ³ĞµÑ€Ğ¼Ğ°Ğ½Ğ¸Ñ Ñ„ĞµĞ´ĞµÑ€Ğ°Ñ‚Ğ¸Ğ²Ñ‚Ñ–Ğº Ñ€ĞµÑĞ¿ÑƒĞ±Ğ»Ğ¸ĞºĞ°ÑÑ‹', 'Ğ³ĞµÑ€Ğ¼Ğ°Ğ½Ğ¸Ñ˜Ğ°', 'Ğ³ĞµÑ€Ğ¼Ğ°Ğ½Ñ–Ñ', 'Ğ´Ğ¶ÑÑ€Ğ¼ÑĞ½', 'Ğ½ĞµĞ¼Ğ°Ñ‡ĞºĞ°', 'Ğ½ĞµĞ¼ĞµÑ‡Ğ¼Ñƒ', 'Ğ½ĞµĞ¼Ñ‹Ñ‡ ÑĞ»', 'Ğ½Ğ¸Ğ¸Ñ†Ó™Ñ‚Ó™ Ğ½ĞµĞ¼ÑˆĞ¸Ğ½ Ğ¾Ñ€Ğ½', 'Ğ½ÑĞ¼ĞµÑ‡Ñ‡Ñ‹Ğ½Ğ°', 'Ğ½Ñ–Ğ¼ĞµÑ‡Ñ‡Ğ¸Ğ½Ğ°', 'Ğ½Ñ—Ğ¼ĞµÑ†ÑŒĞºĞ¾', 'Ğ½Ñ£Ğ¼ÑŒÑ†Ğ¸', 'Ğ¾Ğ»Ğ¼Ğ¾Ğ½', 'Õ£Õ¥Ö€Õ´Õ¡Õ¶Õ«Õ¡', '×’×¨×× ×™×”', '×“×™×™×˜×©×œ×× ×“', 'Ø¢Ù„Ù…Ø§Ù†', 'Ø£Ù„Ù…Ø§Ù†ÙŠØ§', 'Ø¦Ø§ÚµÙ…Ø§Ù†ÛŒØ§', 'Ø§Ù„Ù…Ø§Ù†ÙŠØ§', 'Ø¬Ø±Ù…Ù†ÛŒ', 'Ú¯ÛØ±Ù…Ø§Ù†Ù‰ÙŠÛ•', 'Ü“ÜªÜ¡Ü¢', 'Ş–Ş¦ŞƒŞªŞ‰Ş¦Ş‚ŞªŞˆŞ¨ŞŞ§ŞŒŞ°', 'à¤œà¤°à¥à¤®à¤¨à¥€', 'à¦œà¦¾à¦°à§à¦®à¦¾à¦¨à¦¿', 'à¨œà¨°à¨®à¨¨à©€', 'àªœàª°à«àª®àª¨à«€', 'à¬œà¬°à­à¬®à¬¾à¬¨à­€', 'à®šà¯†à®°à¯à®®à®©à®¿', 'à°œà°°à±à°®à°¨à±€', 'à²œà²°à³à²®à²¨à²¿', 'à´œàµ¼à´®àµà´®à´¨à´¿', 'à¶¢à¶»à·Šà¶¸à¶±à·’à¶º', 'à¸›à¸£à¸°à¹€à¸—à¸¨à¹€à¸¢à¸­à¸£à¸¡à¸™à¸µ', 'àº›àº°à»€àº—àº”à»€àº¢àº±àº½àº¥àº°àº¡àº±àº™', 'à½‡à½±à½¢à¼‹à½˜à¼‹à½“à½²à¼‹', 'à½ à½‡à½¢à¼‹à½˜à½“à¼', 'á€‚á€»á€¬á€™á€”á€®á€”á€­á€¯á€„á€ºá€„á€¶', 'áƒ’áƒ”áƒ áƒ›áƒáƒœáƒ˜áƒ', 'áŒ€áˆ­áˆ˜áŠ•', 'á”®á’ªá“‚', 'á¢á¶á›áŸ’á›áºá˜áŸ‰á„áŸ‹', 'ãƒ‰ã‚¤ãƒ„', 'å¾·å›½', 'å¾·åœ‹', 'ê­°ê®«ê®µ', 'ë…ì¼', 'ğŒ¸ğŒ¹ğŒ¿ğŒ³ğŒ¹ğƒğŒºğŒ°ğŒ»ğŒ°ğŒ½ğŒ³'];Mamlakat
political-geographic-object;['ekvador', 'ec', 'ecu', 'ekvador respublikasi', 'aequatoria', 'eacuador', 'eacuadÃ³r', 'ecuador', 'ecuadÃ²r', 'eiquador', 'ekuador', 'ekuadori', 'ekuadÃ³r', 'ekuatoa', 'ekuator', 'ekvadora', 'ekvadoras', 'ekvadoro', 'ekvadors', 'ekvaduors', 'ekvÃ¡dor', 'ekwadoor', 'ekwador', 'ekwadoro', 'ekwadÅ¯r', 'ekwatÃ¨', 'equadol', 'equador', 'eqÃ¼ator', 'ikwadoor', 'ikwadur', 'kÃ©yah nahasdzÃ¡Ã¡n aÅ‚nÃ­iÊ¼gi siÊ¼Ã¡nÃ­gÃ­Ã­', 'lekvadorÃ¤n', 'pow ekwadorel', 'republÃ­ki ya ekwatÃ©li', 'Ã¨kuador', 'Ã¨quator', 'Ã©kuador', 'Ã©quateur', 'Î¹ÏƒÎ·Î¼ÎµÏÎ¹Î½ÏŒÏ‚', 'ĞµĞºĞ²Ğ°Ğ´Ğ¾Ñ€', 'ÑĞºĞ²Ğ°Ğ´Ğ¾Ñ€', 'ÑĞºĞ²Ğ°Ğ´Ğ¾Ñ€Ğ¼ÑƒĞ´Ğ¸Ğ½ Ğ¾Ñ€Ğ½', 'ÑĞºÑƒĞ°Ğ´Ğ¾Ñ€', 'Õ§Õ¯Õ¾Õ¡Õ¤Õ¸Ö€', '××§×•×•×“×•×¨', '×¢×§×•×•××“××¨', 'Ø¦ÛÚ©ÙˆØ§Ø¯Û†Ø±', 'Ø¦ÛÙƒÛ‹Ø§Ø¯ÙˆØ±', 'Ø¦Û•Ú©ÙˆØ§Ø¯ÙˆØ±', 'Ø§ÙƒÙˆØ§Ø¯ÙˆØ±', 'Ø§Ù„Ø¥ÙƒÙˆØ§Ø¯ÙˆØ±', 'Ø§Ú©ÙˆØ§Ø¯ÙˆØ±', 'Ø§ÛŒÚ©ÙˆØ§ÚˆÙˆØ±', 'Ø§ÛŒÚ©ÙˆÛŒÚˆØ§Ø±', 'Ø§ÛÚ©ÙˆØ§Ø¯ÙˆØ±', 'Ş‡Ş¨Ş†ŞªŞ‡Ş¬Ş‘Ş¯ŞƒŞª', 'à¤‡à¤•à¥à¤µà¥‡à¤¡à¤°', 'à¤‡à¤•à¥à¤µà¥‡à¤¡à¥‹à¤°', 'à¤ˆà¤•à¥à¤µà¤¾à¤¡à¥‹à¤°', 'à¤à¤•à¥à¤µà¤¾à¤¡à¥‹à¤°', 'à¦‡à¦•à§à¦¯à¦¼à¦¾à¦¡à¦°', 'à¦‡à¦•à§à¦¯à¦¼à§‡à¦¡à¦°', 'à¨à¨•à©à¨†à¨¡à©‹à¨°', 'àªˆàª•à«àªµà«‡àª¡à«‹àª°', 'à¬à¬•à­à¬µà¬¾à¬¡à­‹à¬°', 'à®à®•à¯à®•à¯à®µà®Ÿà¯‹à®°à¯', 'à°ˆà°•à±à°µà°¡à°¾à°°à±', 'à²à²•à³à²µà²¡à²¾à²°à³', 'à´‡à´•àµà´µà´¡àµ‹àµ¼', 'à¸›à¸£à¸°à¹€à¸—à¸¨à¹€à¸­à¸à¸§à¸²à¸”à¸­à¸£à¹Œ', 'à½¨à½ºà¼‹à½à½¼à½ à½¼à¼‹à½Œà½¼à½¢à¼', 'á€¡á€®á€€á€½á€±á€’á€±á€«á€”á€­á€¯á€„á€ºá€„á€¶', 'áƒ”áƒ™áƒ•áƒáƒ“áƒáƒ áƒ˜', 'áŠ¤áŠ³á‹¶áˆ­', 'áº¹Ì€kÃ¹Ã dá»Ì€r', 'ã‚¨ã‚¯ã‚¢ãƒ‰ãƒ«', 'å„ç“œå¤šå°”', 'å„ç“œå¤šçˆ¾', 'ì—ì½°ë„ë¥´'];Janubiy Amerikaning shim. gÊ»arbiy qismidagi davlat
political-geographic-object;['iordaniya'];Osiyodagi davlat
political-geographic-object;['rim', 'rome', 'an rÃ²imh', 'an rÃ³imh', 'erroma', 'lÃ´-mÃ¡', 'rhufain', 'roeme', 'roma', 'romas', 'romma', 'romo', 'room', 'rooma', 'roum', 'ruma', 'ruoma', 'rzim', 'rzym', 'rÃ¥mma', 'rÃ­m', 'rÃ²m', 'rÃ³m', 'rÃ³ma', 'rÃ³mÃ¹', 'rÅm', 'rÅma', 'yn raue', 'Å™Ã­m', 'ÏÏÎ¼Î·', 'Ğ³Ğ¾Ñ€Ğ°Ğ´ Ñ€Ñ‹Ğ¼', 'Ñ€Ğ¸Ğ¼', 'Ñ€Ğ¸Ğ¼ÑŠ', 'Ñ€Ğ¾Ğ¼', 'Ñ€Ñ‹Ğ¼', 'Õ°Õ¼Õ¸Õ´', '×¨×•×™×', '×¨×•××', 'Ø±Ù…', 'Ø±ÙˆÙ…', 'Ø±ÙˆÙ…Ø§', 'Ú•Û†Ù…Ø§', 'ÜªÜ—Ü˜Ü¡Ü', 'à¤°à¥‹à¤®', 'à¤°à¥‹à¤®à¤¾', 'à¦°à§‹à¦®', 'à¨°à©‹à¨®', 'à¬°à­‹à¬®', 'à®‰à®°à¯‹à®®à¯ˆ à®¨à®•à®°à®®à¯', 'à°°à±‹à°®à±', 'à²°à³‹à²®à³', 'à´±àµ‹à´‚', 'à¶»à·à¶¸à¶º', 'à¹‚à¸£à¸¡', 'à½¢à½¼à¼‹à½˜à¼', 'á€›á€±á€¬á€™á€™á€¼á€­á€¯á€·', 'áƒ áƒáƒ›áƒ˜', 'áˆ®áˆ›', 'á–Œá’ª', 'ãƒ­ãƒ¼ãƒ', 'ç½—é©¬', 'ç¾…é¦¬', 'ë¡œë§ˆ', 'ğ‚ğŒ¿ğŒ¼ğŒ°/ruma'];Italiya kommunalari
political-geographic-object;['belfast'];Shimoliy Irlandiya poytaxti
political-geographic-object;['jibuti'];Jibuti davlati poytaxti
political-geographic-object;['tbilisi', 'tiflis'];Gruziya poytaxti
political-geographic-object;['tegusigalpa', 'tegucigalpa'];Gonduras poytaxti
political-geographic-object;['amman', 'ammon'];Iordaniya poytaxti
political-geographic-object;['tunis'];Tunis poytaxti
political-geographic-object;['dorussalom', 'dar es salam'];Tanzaniyadagi shahar
political-geographic-object;['nyu deli', 'yangi dehli', 'new delhi', 'dehli', 'bagong delhi', 'delhi newydd', 'delhi noa', 'delhiya nÃ»', 'delhiyo newe', 'dellium novum', 'musuq dilhi', 'naujasis delis', 'naujasÄ—s delÄ—s', 'naÃ­ dillÃ­', 'nei-delhi', 'neu-delhi', 'neuva delhi', 'nieu-delhi', 'nij delly', 'niou deli', 'nov-delhio', 'nova-delhi', 'nova delhi', 'nova deli', 'nova deli - à¤¨à¤ˆ à¤¦à¤¿à¤²à¥à¤²à¥€', 'nove delhi', 'novi deli', 'novÃ© dillÃ­', 'nowe delhi', 'nua-deilÃ­', 'nueva delhi', 'nuova delhi', 'nyu dehli', 'nÃ²va delhi', 'nÃ½ja delÃ­', 'nÄ«Æ¿e delhi', 'sin delhi', 'yancuÄ«c deli', 'yeni delhi', 'yÃ©ngi dÃ©hli', 'Å†Å«deli', 'Î½Î­Î¿ Î´ÎµÎ»Ï‡Î¯', 'Ğ³Ğ¾Ñ€Ğ°Ğ´ Ğ½ÑŒÑ-Ğ´ÑĞ»Ñ–', 'Ğ½ÑŒÑ-Ğ´ĞµĞ»Ğ¸', 'Ğ½ÑŒÑ-Ğ´ĞµĞ»Ñ–', 'Ğ½ÑŒÑ-Ğ´ÑĞ»Ñ–', 'Ğ½Ñ-Ğ´ĞµĞ»Ğ¸', 'Ğ½Ñ Ğ´ĞµĞ»Ñ…Ğ¸', 'ÑĞ°Ò¥Ğ° Ğ´ĞµĞ»Ğ¸', 'ÑˆĞ¸Ğ½Ñ Ğ´ĞµĞ»Ğ¸', 'ÑšÑƒ Ğ´ĞµĞ»Ñ…Ğ¸', 'Õ¶ÕµÕ¸Ö‚ Õ¤Õ¥Õ¬Õ«', '× ×™×• ×“×œ×”×™', '× ×™×™ ×“×¢×œ×™', 'Ø¯Ù‡Ù„ÛŒ Ù†Ùˆ', 'Ù†Ø¦ÛŒ Ø¯Ù„ÛŒ', 'Ù†Ø¦ÛŒ Ø¯ÛÙ„ÛŒ', 'Ù†Ùˆ Ø¯Ù‡Ù„ÛŒ', 'Ù†ÙŠÙˆØ¯Ù„Ù‡ÙŠ', 'Ù†Ù”Ùˆ Ø¯Ù„Ú¾ÛŒ', 'Ù†ÛŒÙˆØ¯Ù„Ú¾ÛŒ', 'Ş‚Ş¨Ş‡ŞªŞ‹Ş¨Ş‡Ş°ŞŞ©', 'à¤¨à¤ˆ à¤¦à¤¿à¤²à¥à¤²à¥€', 'à¤¨à¤¯à¤¾à¤ à¤¦à¤¿à¤²à¥à¤²à¥€', 'à¤¨à¤µà¤¦à¥‡à¤¹à¤²à¥€', 'à¤¨à¤µà¥€ à¤¦à¤¿à¤²à¥à¤²à¥€', 'à¦¨à¦¤à§à¦¨ à¦¦à¦¿à¦²à§à¦²à¦¿', 'à¦¨à§à§±à¦¾ à¦¦à¦¿à¦²à§à¦²à§€', 'à¨¨à¨µà©€à¨‚ à¨¦à¨¿à©±à¨²à©€', 'à®ªà¯à®¤à¯ à®¤à®¿à®²à¯à®²à®¿', 'à°•à±à°°à±Šà°¤à±à°¤ à°¢à°¿à°²à±à°²à±€', 'à²¨à²µ à²¦à³†à²¹à²²à²¿', 'à´¨àµà´¯àµ‚ à´¡àµ†àµ½à´¹à´¿', 'à¶±à·€ à¶¯à·’à¶½à·Šà¶½à·’à¶º', 'à¸™à¸´à¸§à¹€à¸”à¸¥à¸µ', 'à½“à½ºà½ à½´à¼‹à½‘à½²à½£à¼‹à½£à½²à¼', 'á€”á€šá€°á€¸á€’á€±á€œá€®á€™á€¼á€­á€¯á€·', 'áƒœáƒ˜áƒ£-áƒ“áƒ”áƒšáƒ˜', 'áŠ’á‹ á‹´áˆŠ', 'ãƒ‹ãƒ¥ãƒ¼ãƒ‡ãƒªãƒ¼', 'æ–°å¾·é‡Œ', 'ë‰´ë¸ë¦¬'];Hindiston poytaxti
political-geographic-object;['milan'];Italiya kommunalari
political-geographic-object;['rabot', 'rabat'];Marokashdagi shahar
political-geographic-object;['new york', 'nyu-york shahri', 'nyu-york', 'new york shahri', 'nyc', 'nyu york', 'nyu york shahri'];AQSh'dagi shahar
political-geographic-object;['toronto'];Kanadadagi shahar
region;['1728'];Natural son
region;['genri', 'h'];SI oÊ»lchov birligi
region;['paskal', 'pa'];Bosim va mexanik kuchlanish birligi
region;['100'];Natural son
region;['100000'];Natural son
region;['1000', '1100', '1200', 'ming'];Natural son
region;['1000', '1100', '1200', 'ming'];Natural son
region;['1000', '1100', '1200', 'ming'];Natural son
region;['500'];Natural son
region;['50', 'ellik'];Natural son
region;['40', 'qirq'];Natural son
region;['10000'];Natural son
region;['70', 'yetmish'];Natural son
region;['60', 'oltmish'];Natural son
region;['30', 'oâ€˜ttiz'];Natural son
region;['120'];Natural son
region;['9', '0'];Natural son
region;['19', 'oÊ»n toÊ»qqiz'];Natural son
region;['12', 'oÊ»n ikki'];Natural son
region;['16'];Natural son
region;['6'];Natural son
region;['15', 'oÊ»n besh'];Natural son
region;['10', 'oÊ»n'];Natural son
region;['20', 'yigirma'];Natural son
region;['3'];Natural son
region;['2', 'ikki'];Natural son
region;['8'];Natural son
region;['7'];Natural son
region;['17', 'oÊ»n yetti'];Natural son
region;['11', 'oÊ»n bir'];Natural son
region;['14', 'oâ€˜n dÃ¶rt'];Natural son
region;['4'];Natural son
region;['21'];Natural son
region;['29'];Natural son
region;['26'];Natural son
region;['25'];Natural son
region;['22'];Natural son
region;['28'];Natural son
region;['27'];Natural son
region;['24'];Natural son
region;['23'];Natural son
simple-collection;['kichik it'];Yulduz turkumi
simple-collection;['kichik ayiq', 'kichik yetti ogÊ»ayni', 'kichik yetti qaroqchi', 'ursa minor', "kichik yetti og'ayni", 'kichik yetti og`ayni', 'kichik yetti ogâ€˜ayni'];Yulduz turkumi
simple-collection;['kosa'];Yulduz turkumi
simple-collection;['jadiy', 'tog taka'];Yulduz turkumi
simple-collection;['aqrab', 'â™', 'chayon', 'sco'];Zodiak yulduz turkumi
simple-collection;['shimoliy toj'];Yulduz turkumi
simple-collection;['asad', 'â™Œ'];Yulduz turkumi
simple-collection;['dalv'];Yulduz turkumi
simple-planned-collective;['diplomatik korpus'];muayyan mamlakat yoki birlikda ro'yxatdan o'tgan xorijiy diplomatlarning jamoaviy birligi
situation;['atsidoz'];qonda va boshqa tana to'qimalarida kislotalikning oshishiga olib keladigan jarayon
situation;["ma'lumotlar bazasi", 'maÊ¼lumotlar bazasi', 'database'];Yig`ilgan ma`lumotlar to`plami
situation;['talmih'];Talmeh san'ati
situation;['ob-havo', 'havo', 'ob havo'];Shahrisabz
socially-constructed-person;['genri jozef', 'joseph henry'];Amerikalik fizik
socially-constructed-person;['louis pasteur', 'lui paster', 'paster lui'];Fransuz mikrobiologi va kimyogari
socially-constructed-person;['gandi moxandas karamchand', 'moxandas karamchand gandi', 'mahatma gandi'];Hindistonning siyosiy va diniy rahbari
socially-constructed-person;['muhammad', 'mohammed', 'muhammad alayhis-salom', 'muhammad ibn abdulloh', 'muhammad paygÊ»ambar', 'muhammadning hayoti'];Arab siyosiy rahbari va Islom asoschisi
socially-constructed-person;['sadhu'];Hinduizm diniga e'tiqod qiluvchi zohid
socially-constructed-person;['george washington', 'jorj vashington', 'vashington jorj'];AQSHning birinchi prezidenti
socially-constructed-person;['veteran'];harbiy xizmatni boshqa o'tamaydigan shaxs
socially-constructed-person;['frilanser'];va u hos odam manosiniham anglatkan
socially-constructed-person;['amir', 'emir'];Unvon
socially-constructed-person;['amir temur', 'temur', 'temur lang', 'temurbek', 'timur', 'Ñ‚Ğ¸Ğ¼ÑƒÑ€'];turkiy sarkarda, markazlashgan davlat arbobi
socially-constructed-person;['devi', 'Ğ´ĞµĞ²Ğ¸'];hinduizmdagi ma'buda, eng nazokatli ayol timsoli
socially-constructed-person;['albert einstein', 'albert. ainctain', 'albert eynshteyn', 'albert eynÅŸtein', 'albert eynÅŸteyn', 'alberts einÅ¡teins', 'albertus einstein', 'einstein', 'einsteini albert', "einÅ¡tein al'bert", 'eynshteyn albert', 'hastiin albert einstein', 'Î¬Î»Î¼Ï€ÎµÏÏ„ Î±ÏŠÎ½ÏƒÏ„Î¬Î¹Î½', 'Ğ°Ğ»Ğ±ĞµÑ€Ñ‚ Ğ°Ğ¹Ğ½ÑˆÑ‚Ğ°Ğ¹Ğ½', 'Ğ°Ğ»Ğ±ĞµÑ€Ñ‚ Ğ°Ğ¹Ğ½Ñ‰Ğ°Ğ¹Ğ½', 'Ğ°Ğ»Ğ±ĞµÑ€Ñ‚ Ğ°Ñ˜Ğ½ÑˆÑ‚Ğ°Ñ˜Ğ½', 'Ğ°Ğ»ÑŒĞ±ĞµÑ€Ñ‚ ĞµĞ¹Ğ½ÑˆÑ‚ĞµĞ¹Ğ½', 'Ğ°Ğ»ÑŒĞ±ĞµÑ€Ñ‚ ÑĞ¹Ğ½ÑˆÑ‚ĞµĞ¹Ğ½', 'Ğ°Ğ»ÑŒĞ±ĞµÑ€Ñ‚ ÑĞ¹Ğ½ÑˆÑ‚ÑĞ¹Ğ½', 'Ğ°Ğ»ÑŒĞ±ÑÑ€Ñ‚ Ğ°Ğ¹Ğ½ÑˆÑ‚Ğ°Ğ¹Ğ½', 'ÑĞ¹Ğ½ÑˆÑ‚ĞµĞ¹Ğ½, Ğ°Ğ»Ğ±ĞµÑ€Ñ‚', 'ÑĞ¹Ğ½ÑˆÑ‚ĞµĞ¹Ğ½, Ğ°Ğ»ÑŒĞ±ĞµÑ€Ñ‚', 'ÑĞ¹Ğ½ÑˆÑ‚ĞµĞ¹Ğ½ Ğ°Ğ»ÑŒĞ±ĞµÑ€Ñ‚', 'Õ¡Õ¬Õ¢Õ¥Ö€Õ¿ Õ¡ÕµÕ¶Õ·Õ¿Õ¡ÕµÕ¶', '××œ×‘×¢×¨×˜ ××™×™× ×©×˜×™×™×Ÿ', '××œ×‘×¨×˜ ××™×™× ×©×˜×™×™×Ÿ', 'Ø¢Ù„Ø¨Ø±Øª Ø§ÛŒÙ†Ø´ØªÛŒÙ†', 'Ø¢Ù„Ø¨Ø±Ù¼ Ø¢ÙŠÙ†Ø´Ù¼Ø§ÙŠÙ†', 'Ø£Ù„Ø¨Ø±Øª Ø£ÙŠÙ†Ø´ØªØ§ÙŠÙ†', 'Ø¦Ø§Ù„Ø¨ÛØ±Ù‰Øª Ø¦ÛÙŠÙ†Ù‰Ø´ØªÛÙŠÙ†', 'Ø¦Û•Ù„Ø¨Û•Ø±Øª Ø¦Ø§ÛŒÙ†Ø´ØªØ§ÛŒÙ†', 'Ø§Ù„Ø¨Ø±Øª Ø§ÙŠÙ†Ø´ØªØ§ÙŠÙ†', 'Ø§Ù„Ø¨Ø±Ù¹ Ø¢Ø¦Ù†Ø³Ù¹Ø§Ø¦Ù†', 'Ø§ÛŒÙ„Ø¨Ø±Ù¹ Ø¢Ø¦ÛŒÙ†Ø³Ù¹Ø§Ø¦Ù†', 'à¤…à¤²à¥à¤¬à¤°à¥à¤Ÿ à¤†à¤‡à¤¨à¤¸à¥à¤Ÿà¤¾à¤‡à¤¨', 'à¤…à¤²à¥à¤¬à¤°à¥à¤Ÿ à¤†à¤‡à¤¨à¥à¤¸à¥à¤Ÿà¤¾à¤‡à¤¨', 'à¤à¤²à¥à¤¬à¤°à¥à¤Ÿ à¤†à¤‡à¤¨à¤¸à¥à¤Ÿà¤¾à¤‡à¤¨', 'à¦†à¦²à¦¬à¦¾à¦°à§à¦Ÿ à¦†à¦‡à¦¨à¦¸à§à¦Ÿà¦¾à¦‡à¦¨', 'à¦à¦²à¦¬à¦¾à§°à§à¦Ÿ à¦†à¦‡à¦¨à¦·à§à¦Ÿà¦¾à¦‡à¦¨', 'à¨à¨²à¨¬à¨°à¨Ÿ à¨†à¨ˆà¨¨à¨¸à¨Ÿà¨¾à¨ˆà¨¨', 'àª†àª²à«àª¬àª°à«àªŸ àª†àª‡àª¨à«àª¸à«àªŸàª¾àª‡àª¨', 'à¬†à¬²à¬¬à¬°à­à¬Ÿ à¬†à¬‡à¬¨à¬·à­à¬Ÿà¬¾à¬‡à¬¨', 'à®†à®²à¯à®ªà®°à¯à®Ÿà¯ à®à®©à¯à®¸à¯à®Ÿà¯ˆà®©à¯', 'à°†à°²à±à°¬à°°à±à°Ÿà± à°à°¨à±\u200cà°¸à±à°Ÿà±€à°¨à±', 'à²…à²²à³à²¬à²°à³à²Ÿà³ à²à²¨à³\u200dà²¸à³à²Ÿà³ˆà²¨à³', 'à´†àµ½à´¬àµ¼à´Ÿàµà´Ÿàµ à´àµ»à´¸àµà´±àµà´±àµˆàµ»', 'à¶‡à¶½à·Šà¶¶à¶§à·Š\u200d à¶…à¶ºà·’à¶±à·Šà·ƒà·Šà¶§à¶ºà·’à¶±à·Š', 'à¸­à¸±à¸¥à¹€à¸šà¸´à¸£à¹Œà¸• à¹„à¸­à¸™à¹Œà¸ªà¹„à¸•à¸™à¹Œ', 'á€¡á€²á€œá€ºá€˜á€á€º á€¡á€­á€¯á€„á€ºá€¸á€…á€á€­á€¯á€„á€ºá€¸', 'áƒáƒšáƒ‘áƒ”áƒ áƒ¢ áƒáƒ˜áƒœáƒ¨áƒ¢áƒáƒ˜áƒœáƒ˜', 'áŠ áˆá‰ áˆ­á‰µ áŠ á‹­áŠ•áˆµá‰³á‹­áŠ•', 'á¢á¶á›áŸ‹á”áºá á¢áŸ‚á„áŸáŸ’ááŸ‚á„', 'ã‚¢ãƒ«ãƒ™ãƒ«ãƒˆãƒ»ã‚¢ã‚¤ãƒ³ã‚·ãƒ¥ã‚¿ã‚¤ãƒ³', 'æ„›å› æ–¯å¦', 'é˜¿å°”ä¼¯ç‰¹Â·çˆ±å› æ–¯å¦', 'ì•Œë² ë¥´íŠ¸ ì•„ì¸ìŠˆíƒ€ì¸'];Fizik, nisbiylik nazariyasining muallifi
socially-constructed-person;['bibi maryam'];Isoning onasi
state;['shizofreniya'];Ruhiy kassallikning bir turi
subject;['morfologiya'];Biologiya
subject;['tektonika', 'yangi global tektonika', '"yangi global tektonika"', 'litosfera plitalari tektonikasi'];geologiyaning boÊ»limi
subject;['stomatologiya'];my
subject;['kimyo', 'ximiya'];kimyo
subject;['tabiiy geografiya'];Geografiya
taxonomic-collective;['drok', 'genista'];Burchoqdoshlar (Fabaceae) oilasiga mansub buta va chala butalar turkumi
taxonomic-collective;['kariota', 'caryota'];o'simlik turi
taxonomic-collective;['jut', 'corchorus', 'kalkutta kanopi'];OÊ»simliklar turkumi
temporal-region;['ordovik sistemasi', 'ordovik'];Paleozoy erasining pastdan 2 sistemasi
temporal-region;['kembriy sistemasi', 'kembriy'];Paleozoy eratemasining birinchi davri
temporal-region;['qish'];QISH - fasl
