activity;['ਮਰਦਮਸ਼ੁਮਾਰੀ', 'ਜਨਗਣਨਾ'];ਅਬਾਦੀ ਦੀ ਗਿਣਤੀ
activity;['ਵਾਟਰਲੂ ਦੀ ਲੜਾਈ'];ਨੈਪੋਲੀਨਿਕ ਯੁੱਧਾਂ ਦੀ ਲੜਾਈ ਜਿਸ ਵਿਚ ਨੈਪੋਲੀਅਨ ਨੂੰ ਹਾਰ ਮਿਲੀ ਸੀ।
agentive-figure;['ਕਿੰਡਰਗਾਰਟਨ'];ਪ੍ਰੀ-ਸਕੂਲ ਖੇਡ ਅਧਾਰਤ ਸਿੱਖਿਆ
agentive-figure;['ਅਰਬ ਲੀਗ'];ਅਰਬ ਮੁਲਕਾਂ ਦੀ ਜਥੇਬੰਦੀ
agentive-figure;['ਸੰਯੁਕਤ ਰਾਸ਼ਟਰ', 'ਯੂ.ਐਨ.ਓ.'];ਯੂਨਾਈਟਿਡ ਨੇਸ਼ਨਸ
agentive-figure;['ਸ਼ੀਆ ਇਸਲਾਮ'];ਇਸਲਾਮ ਦੀ ਦੂਜੀ ਸਭ ਤੋਂ ਵੱਡੀ ਸ਼ਾਖ਼
agentive-figure;['ਦੋਨ ਕੀਹੋਤੇ', 'ਦੌਨ ਕੀਹੋਤੇ', 'ਡਾਨ ਕਵਿਗਜ਼ੌਟ', 'ਡਾਨ ਕੁਇਗਜੋਟ', 'ਡੌਨ ਕਿਹੋਤੇ', 'ਦੋਨ ਕ਼ੋਆਈਤੇ', 'ਦੌਨ ਕੀਖ਼ੋਤੇ'];ਮਿਗੁਇਲ ਦੇ ਸਿਰਵਾਂਤਿਸ ਦੁਆਰਾ ਲਿਖਿਆ ਗਿਆ ਰਸਾਲਾ
agentive-physical-object;['ਕਾਲੀ'];ਗੋਭੀ ਦੀ ਇੱਕ ਕਿਸਮ
agentive-physical-object;['ਕੰਪਿਊਟਰ', 'ਨਿੱਜੀ ਕੰਪਿਊਟਰ'];ਇਲੈਕਟ੍ਰਾਨਿਕ ਮਸ਼ੀਨ
agentive-physical-object;['ਖਰਬੂਜਾ', 'ਖਰਬੂਜ਼ਾ', 'ਖ਼ਰਬੂਜ਼ਾ', 'ਖ਼ਰਬੂਜਾ'];ਇਕ ਤਰਾਂ ਦਾ ਮਿੱਠਾ ਫਲ
agentive-physical-object;['ਮਨੁੱਖ', 'homo sapiens', 'ਮਾਨਵ', 'ਬੰਦਾ', 'ਲੋਕ', 'ਵਿਅਕਤੀ', 'ਇਨਸਾਨ', 'ਮਨੁੱਖਤਾ'];ਹੋਮੋ ਸੇਪੀਅਨਜ਼ ਲਈ ਵਰਤਿਆ ਜਾਣ ਵਾਲਾ ਆਮ ਨਾਂਮ, ਹੋਮੋ ਜੀਨਸ ਦੀ ਇੱਕ ਖ਼ਾਸ ਜਾਤੀ
agentive-physical-object;['ਸਿੰਬਲ ਰੁੱਖ', 'ਸਿੰਬਲ', 'ਸਿੰਮਲ'];ਰੁੱਖ ਦੀ ਇੱਕ ਕਿਸਮ
agentive-physical-object;['ਕੈਪਸੀਕਮ ਬੈਕਟਮ', 'capsicum baccatum'];ਸ਼ਿਮਲਾ ਮਿਰਚ ਦੀ ਇੱਕ ਕਿਸਮ
agentive-physical-object;['ਨੀਲ ਹਰੀ ਕਾਈ', 'cyanobacteria'];ਬਲੂ ਗਰੀਨ ਐਲਗੀ
agentive-physical-object;['ਸੀਤਾ ਫਲ'];ਦਰਖਤਾਂ ਦੀ ਕਿਸਮ
amount-of-matter;['ਯੂਰਪੀਅਮ', 'eu'];੬੩ ਐਟਮੀ ਸੰਖਿਆ ਵਾਲਾ ਰਸਾਇਣਕ ਤੱਤ
amount-of-matter;['ਤਾਂਬਾ', 'cu'];ਰਸਾਇਣਕ ਤੱਤ ਜਿਸਦਾ ਪ੍ਰਮਾਣੂ ਅੰਕ 29 ਹੁੰਦਾ ਹੈ
amount-of-matter;['ਟੈਂਟਲਮ', 'ta'];੭੩ ਪਰਮਾਣੂ ਸੰਖਿਆ ਵਾਲਾ ਰਸਾਇਣਕ ਤੱਤ
amount-of-matter;['ਇਰੀਡੀਅਮ'];੭੭ ਐਟਮੀ ਸੰਖਿਆ ਵਾਲਾ ਰਸਾਇਣਕ ਤੱਤ
amount-of-matter;['ਟੰਗਸਟੰਨ', 'ਟੰਗਸਟਨ'];੭੪ ਐਟਮੀ ਸੰਖਿਆ ਵਾਲਾ ਰਸਾਇਣਕ ਤੱਤ
amount-of-matter;['ਯੂਰੇਨੀਅਮ', 'u'];੯੨ ਐਟਮੀ ਸੰਖਿਆ ਵਾਲਾ ਰਸਾਇਣਕ ਤੱਤ
amount-of-matter;['ਪੋਲੋਨੀਅਮ'];੮੪ ਐਟਮੀ ਸੰਖਿਆ ਵਾਲਾ ਰਸਾਇਣਕ ਤੱਤ
amount-of-matter;['ਤੇਲ'];ਗੈਰ-ਪੋਲਰ ਰਸਾਇਣ
amount-of-matter;['ਥੈਲੀਅਮ'];੮੧ ਪਰਮਾਣੂ ਸੰਖਿਆ ਵਾਲਾ ਰਸਾਇਣਕ ਤੱਤ
amount-of-matter;['ਸਿੱਕਾ', 'pb'];੮੨ ਪਰਮਾਣੂ ਸੰਖਿਆ ਵਾਲਾ ਰਸਾਇਣਕ ਤੱਤ
amount-of-matter;['ਲੂਣ ਦਾ ਤਿਜ਼ਾਬ', 'ਹਾਈਡਰੋਕਲੋਰਿਕ ਤਿਜ਼ਾਬ', 'ਹਾਈਡ੍ਰੋਕਲੋਰਿਕ ਤਿਜ਼ਾਬ'];ਖੋਰਨ ਵਾਲਾ ਜ਼ੋਰਦਾਰ ਧਾਤ-ਤਿਜ਼ਾਬ
amount-of-matter;['ਖ਼ਾਰੀ ਭੌਂ ਧਾਤ', 'ਖ਼ਾਰੀ ਭੋਂ ਧਾਤਾਂ', 'ਖ਼ਾਰੀ ਭੌਂ ਧਾਤਾਂ'];ਰਸਾਇਣਕ ਤੱਤਾਂ ਦਾ ਇੱਕ ਸਮੂਹ
amount-of-matter;['ਵਾਈਨ'];ਇੱਕ ਕਿਸਮ ਦੀ ਸ਼ਰਾਬ
biological-object;['ਸੇਬ'];ਸੇਬ ਦੇ ਰੁੱਖ ਦਾ ਫਲ
biological-object;['ਦਿਮਾਗ਼', 'ਦਿਮਾਗ'];ਨਸ ਪ੍ਰਬੰਧ ਦਾ ਕੇਂਦਰ
biological-object;['ਸ਼ਿਸ਼ਨ'];ਮਰਦ ਜਣਨ ਅੰਗ
classification-system;['ਸਪੇਸਟਾਈਮ', 'ਸਪੇਸ-ਸਮਾਂ ਨਿਰੰਤਰਤਾ'];ਸਪੇਸ ਅਤੇ ਟਾਈਮ ਦਾ ਮੇਲ ਕਰਨ ਵਾਲਾ ਗਣਿਤਿਕ ਮਾਡਲ
classification-system;['ਇਸਲਾਮੀ ਕਲੰਡਰ'];ਮੁਸਲਮਾਨਾਂ ਵਲੋਂ ਵਰਤਿਆ ਜਾਂਦਾ ਕਲੰਡਰ
cognitive-event;['ਵਾਸਨਾ', 'ਕਾਮ'];ਇਨਸਾਨੀ ਭਾਵਨਾ
functional-matter;['ਕੀਟਨਾਸ਼ਕ'];ਇੰਸੈਕਟੀਸਾਇਡ
functional-matter;['ਤਾਂਬਾ', 'cu'];ਰਸਾਇਣਕ ਤੱਤ ਜਿਸਦਾ ਪ੍ਰਮਾਣੂ ਅੰਕ 29 ਹੁੰਦਾ ਹੈ
functional-matter;['ਹੈਮਬਰਗਰ', 'ਹੈਂਬਰਗਰ'];ਬਰਗਰ (ਫਾਸਟ ਫੂਡ)
functional-matter;['ਚਿਲੀ ਡੌਗ'];ਮਿਰਚ ਦੀ ਚਟਨੀ ਦੇ ਨਾਲ ਹੌਟ ਡੌਗ
functional-matter;['ਰੂੜੀ', 'ਰੇਹ'];ਜੈਵਿਕ ਪਦਾਰਥ, ਜਿਸ ਦੀ ਵਰਤੋਂ ਖ਼ਾਦ ਵਜੋਂ ਕੀਤੀ ਜਾਂਦੀ ਹੈ
functional-matter;['consomme'];ਵਿਕੀਮੀਡੀਆ ਗੁੰਝਲਖੋਲ੍ਹ ਸਫ਼ਾ
functional-matter;['ਵਾਈਨ'];ਇੱਕ ਕਿਸਮ ਦੀ ਸ਼ਰਾਬ
functional-matter;['ਸੇਬ'];ਸੇਬ ਦੇ ਰੁੱਖ ਦਾ ਫਲ
functional-matter;['ਚੌਕਲੇਟ', 'ਚਾਕਲੇਟ'];ਕਾਕਾਓ ਰੁੱਖ ਦੇ ਬੀਜ ਤੋਂ ਬਣਾਇਆ ਜਾਂਦੀ ਇੱਕ ਖਾਣ ਵਾਲੀ ਚੀਜ਼
functional-matter;['ਜੈਮ'];ਵਿਕੀਮੀਡੀਆ ਗੁੰਝਲਖੋਲ੍ਹ ਸਫ਼ਾ
functional-matter;['ਸਰੋਂ'];ਸਰੋਂ ਦੇ ਬੀਜਾਂ ਤੋਂ ਬਣਾਇਆ ਮਸਾਲਾ
functional-matter;['ਨਾਸ਼ਤਾ'];ਸਵੇਰ ਦਾ ਪਹਿਲਾ ਭੋਜਨ
functional-matter;['ਤੂੜੀ'];ਪਸ਼ੂਆਂ ਲਈ ਚਾਰਾ, ਖੇਤੀਬਾੜੀ ਉਤਪਾਦ
geographical-object;['ਐਂਗੁਈਲਾ', 'anguilla', 'ਐਂਗੀਲਾ', 'ਐਂਗੂਈਲਾ'];ਕੈਰੀਬੀਆ ਵਿਚਲਾ ਬਰਤਾਨਵੀ ਵਿਦੇਸ਼ੀ ਰਾਜਖੇਤਰ
geographical-object;['ਮਕੈਂਜ਼ੀ ਦਰਿਆ', 'mackenzie'];ਕੈਨੇਡਾ ਦਾ ਸਭ ਤੋਂ ਵੱਡਾ ਅਤੇ ਲੰਮਾ ਦਰਿਆ-ਪ੍ਰਬੰਧ
geographical-object;['ਕਾਲਾ ਜੰਗਲ', 'schwarzwald'];ਜਰਮਨੀ ਦੀ ਇੱਕ ਜੰਗਲੀ ਪਰਬਤ ਲੜੀ
geographical-object;['ਬਾਲਕਨ', 'ਬਾਲਕਨ ਟਾਪੂਨੁਮਾ', 'ਬਾਲਕਨ ਪਰਾਇਦੀਪ'];ਦੱਖਣ-ਪੂਰਬੀ ਯੂਰਪ ਦਾ ਇੱਕ ਭੂਗੋਲਕ, ਸਿਆਸੀ ਅਤੇ ਸੱਭਿਆਚਾਰਕ ਖੇਤਰ
geographical-object;['ਕੋਲੋਰਾਡੋ ਦਰਿਆ'];ਪੱਛਮੀ ਸੰਯੁਕਤ ਰਾਜ ਅਤੇ ਉੱਤਰੀ ਮੈਕਸੀਕੋ ਦਾ ਦਰਿਆ
geographical-object;['ਓਬ ਨਦੀ', 'ਓਬ ਦਰਿਆ', 'ob'];ਰੂਸ ਵਿੱਚ ਇੱਕ ਦਰਿਆ, ਏਸ਼ੀਆ ਦਾ ਦੂਜਾ ਸਭ ਤੋਂ ਲੰਮਾ
geographical-object;['ਜ਼ੰਬੇਜ਼ੀ ਦਰਿਆ'];ਅਫਰੀਕਾ ਦੀ ਚੌਥੀ ਲੰਬੀ ਨਦੀ
geographical-object;['ਨਾਈਜਰ ਦਰਿਆ', 'niger'];ਪੱਛਮੀ ਅਫ਼ਰੀਕਾ ਵਿੱਚ ਇੱਕ ਦਰਿਆ
geographical-object;['ਸਿੰਟ ਯੂਸਟੇਸ਼ਸ'];ਇੱਕ ਕੈਰੀਬੀਆਈ ਟਾਪੂ ਅਤੇ ਨੀਦਰਲੈਂਡ ਦੀ ਖ਼ਾਸ ਨਗਰਪਾਲਿਕਾ
geographical-object;['ਅੰਧ ਮਹਾਂਸਾਗਰ', 'ਅਟਲਾਂਟਿਕ ਮਹਾਂਸਾਗਰ', 'ਅਟਲਾਂਟਿਕ ਮਹਾਸਾਗਰ', 'ਅੰਧ ਮਹਾਸਾਗਰ'];ਧਰਤੀ ''ਤੇ ਸਮੁੰਦਰ
geographical-object;['ਵਿਕਟੋਰੀਆ ਝੀਲ'];ਮਹਾਨ ਅਫ਼ਰੀਕੀ ਝੀਲਾਂ ਵਿੱਚੋਂ ਇੱਕ
geographical-object;['ਯਾਂਗਤਸੀ ਦਰਿਆ', 'ਯਾਂਗਤਸੇ ਨਦੀ', 'ਚਾਂਗ ਜਿਆਂਗ', 'ਯਾਂਗਤਸੇ ਦਰਿਆ'];ਚੀਨ ਵਿਚਲਾ ਇੱਕ ਦਰਿਆ
information-object;['ਪੜਨਾਂਵ', 'ਪੜਨਾਵ'];ਨਾਂਵ ਦੀ ਥਾਂ ਉੱਤੇ ਵਰਤਿਆ ਜਾਂਦਾ ਸ਼ਬਦ
information-object;['ਵਿਸ਼ਰਾਮ ਚਿੰਨ੍ਹ', '!'];ਵਿਸਰਾਮ ਚਿੰਨ੍ਹ ਕੀ ਹੈ? Simple
information-object;['traffic light'];Traffic light
information-object;['ਸੰਖੇਪ ਰੂਪ'];ਕੁਝ ਸ਼ਬਦਾਂ ਦੇ ਪਹਿਲੇ ਅੱਖਰਾਂ ਨੂੰ ਜੋੜ ਕੇ ਬਣਿਆ ਸ਼ਬਦ (ਜਿਵੇਂ PEPSU=Patiala and East Punjab States Union)
information-object;['ਬਹੁ ਵਚਨ', 'ਬਹੁ-ਵਚਨ', 'ਬਹੁਵਚਨ'];ਵਿਆਕਰਨਿਕ ਗਿਣਤੀ
information-object;['ਮੈਡਲ ਆਫ਼ ਆਨਰ'];ਸੰਯੁਕਤ ਰਾਜ ਦੁਆਰਾ ਸਨਮਾਨਿਤ ਸਭ ਤੋਂ ਵੱਧ ਸੈਨਿਕ ਸਜਾਵਟ
information-realization;['flashcard'];Flashcard
information-realization;['rondó'];ਵਿਕੀਮੀਡੀਆ ਗੁੰਝਲਖੋਲ੍ਹ ਸਫ਼ਾ
information-realization;['ਵਿਸਮਕ'];ਹੈਰਾਨੀ ਅਫ਼ਸੋਸ ਆਦਿ ਦਾ ਸੂਚਕ ਸ਼ਬਦ
information-realization;['ਡਾਸ', 'dos'];ਆਪਰੇਟਿੰਗ ਸਿਸਟਮ
language;['ਸੀ ਪ੍ਰੋਗਰਾਮਿੰਗ ਭਾਸ਼ਾ', 'ਸੀ', 'c'];ਪ੍ਰੋਗਰਾਮਿੰਗ ਭਾਸ਼ਾ
language;['ਵਾਕ'];ਰੂਪ - ਰੇਖਾ
language;['ਮੀਨ ਭਾਸ਼ਾਵਾਂ'];ਦੱਖਣੀ ਚੀਨ ਅਤੇ ਤਾਈਵਾਨ ਵਿੱਚ ਬੋਲੀ ਜਾਣ ਵਾਲੀ ਚੀਨੀ ਭਾਸ਼ਾ ਦੀ ਇੱਕ ਸ਼ਾਖਾ।
language;['ਤਿੱਬਤੀ', 'ਤਿੱਬਤੀ ਭਾਸ਼ਾ'];ਤਿੱਬਤੀ-ਬਰਮੀਜ਼ ਭਾਸ਼ਾਵਾਂ ਦਾ ਇੱਕ ਸਮੂਹ ਹੈ ਜੋ ਕਿ ਮੱਧ ਏਸ਼ੀਆ ਦੇ ਪੂਰਬੀ ਤਿੱਬਤੀ ਪਠਾਰ ਅਤੇ ਭਾਰਤੀ ਉਪ-ਮਹਾਂਦੀਪ ਦੇ ਕਈ ਉੱਤਰੀ ਖੇਤਰਾਂ ਵਿੱਚ ਤਿੱਬਤੀਆਂ ਦੁਆਰਾ ਬੋਲੀ ਜਾਂਦੀ ਹੈ.
language;['ਪੰਜਾਬੀ ਭਾਸ਼ਾ', 'ਪੰਜਾਬੀ', 'punjabi', 'ਪੰਜਾਬੀ ਬੋਲੀ', 'panjabi', 'پنجابی', 'ਗੁਰਮੁੱਖੀ', '100', 'ਪੰਜਾਬੀ/پنجابی', 'ਪੰਜਾਬੀ ਕਵੀਆਂ', 'ਪੰਜਾਬੀ ਭਾਸ਼ਾ, ਪੰਜਾਬੀ', '੧੦੦'];ਪੰਜਾਬੀਆਂ ਦੀ ਜੱਦੀ ਬੋਲੀ
language;['ਉਰਦੂ ਭਾਸ਼ਾ', 'ਉਰਦੂ', 'urdû', 'urdu language', 'ਉਰਦ ਭਾਸ਼ਾ', 'ਉਰਦੁ', 'ਉਰਦੂ ਬੋਲੀ'];ਪਾਕਿਸਤਾਨ ਦੀ ਕੌਮੀ ਭਾਸ਼ਾ. ਹਿੰਦੁਸਤਾਨ ਵਿੱਚ ਵੀ ਇੱਕ ਭਾਸ਼ਾ
locative-role;['ਦਿੱਲੀ', 'délhi', 'ਦਿੱਲੀ, ਭਾਰਤ'];ਭਾਰਾਤ ਦਿ ਰਾਜ੍ਧਾਨਿ
locative-role;['ਹਰਜੀਸਾ', 'hargeisa'];ਸੋਮਾਲੀਆ ਦਾ ਸ਼ਹਿਰ
locative-role;['ਬੂਸਾਨ', 'busán'];ਦੱਖਣੀ ਕੋਰੀਆ ਦਾ ਸ਼ਹਿਰ
locative-role;['ਕਲਨ', 'ਕਲੋਨ', 'ਕੋਲੋਨ'];ਜਰਮਨੀ ਵਿੱਚ ਸ਼ਹਿਰ
locative-role;['ਦੱਖਣ-ਪੂਰਬੀ ਏਸ਼ੀਆ', 'ਦੱਖਣਪੂਰਬੀ ਏਸ਼ੀਆ'];ਏਸ਼ੀਆ ਦਾ ਉਪ-ਖੇਤਰ
locative-role;['ਲਿਵਰਪੂਲ', 'líverpool'];ਇੰਗਲੈਂਡ ਦਾ ਸ਼ਹਿਰ
locative-role;['ਥਿਆਨਚਿਨ', 'ਤਿਆਂਜਿਨ', 'ਤਿਆਨਜਿਨ'];ਚੀਨ ਵਿੱਚ ਨਗਰਪਾਲਿਕਾ
locative-role;['ਕੈਨ', 'ਕਾਨ', 'cannes'];ਫ਼ਰਾਂਸ ਦਾ ਸ਼ਹਿਰ
locative-role;['ਬੋਰਦੋ', 'bordeaux'];ਫ਼ਰਾਂਸ ਦਾ ਸ਼ਹਿਰ
locative-role;['ਵਹਿਰਾਨ', 'oran', 'ਓਰਾਨ'];ਅਲਜੀਰੀਆ ਵਿੱਚ ਸ਼ਹਿਰ
locative-role;['ਤਾਰਾਗੋਤਾ', 'zaragoza', 'ਸਾਰਾਗੋਸਾ'];ਸਪੇਨ ਦਾ ਸ਼ਹਿਰ
locative-role;['ਘਾਹ ਦੇ ਮੈਦਾਨ'];ਖੇਤਰ ਜਿੱਥੇ ਬਨਸਪਤੀ‌ ਉੱਤੇ ਘਾਹ ਹਾਵੀ ਹੁੰਦਾ ਹੈ।
locative-role;['ਸ਼ਿਕਾਗੋ', 'chicago'];ਅਮਰੀਕੀ ਰਾਜ ਇਲੀਨਾਏ ਦਾ ਸ਼ਹਿਰ
locative-role;['ਮਿਲਾਨ', 'ਮਿਲਾਨੋ, ਇਟਲੀ'];ਇਟਲੀ ਦਾ ਸ਼ਹਿਰ
locative-role;['ਬਾਲਪਰਾਈਸੋ', 'valparaiso', 'ਬਾਲਪਾਰਾਇਸੋ'];ਚਿਲੀ ਦਾ ਪਰਗਣਾ
locative-role;['ਨਿਊਯਾਰਕ ਸ਼ਹਿਰ', 'ਨਿਊ ਯਾਰਕ ਸਿਟੀ', 'ਨਿਊਯਾਰਕ ਸਿਟੀ'];ਸੰਯੁਕਤ ਰਾਜ ਅਮਰੀਕਾ ਦੇ ਰਾਜ ਨਿਊਯਾਰਕ ''ਚ ਇੱਕ ਸ਼ਹਿਰ
locative-role;['ਗੁਆਇਆਕੀਲ', 'guayaquil', 'santiago de guayaquil'];ਏਕੁਆਦੋਰ ਦਾ ਸ਼ਹਿਰ
locative-role;['ਅਮ ਦਰਮਾਨ', 'omdurmán'];ਸੁਡਾਨ ਦਾ ਸ਼ਹਿਰ
locative-role;['ਵੈਨਿਸ', 'ਵੀਨਸ', 'ਵੇਨਿਸ'];੧੧੮ ਟਾਪੂਆਂ ਉੱਤੇ ਵਸਿਆ ਇਟਲੀ ਦਾ ਸ਼ਹਿਰ
method;['ਧੱਕੇਸ਼ਾਹੀ', 'ਤਾਨਾਸ਼ਾਹੀ', 'ਸੱਤਾਵਾਦ'];ਸਰਕਾਰ ਦਾ ਇੱਕ ਰੂਪ
non-agentive-physical-object;['ਸਟਰੇਚ ਮਾਰਕਸ'];ਇੱਕ ਤਰ੍ਹਾਂ ਦਾ ਚਮੜੀ ਉੱਤੇ ਦਾਗ਼
non-physical-collection;['ਜੈਨ ਧਰਮ'];ਸ਼ਰਮਣ ਪਰੰਪਰਾ ਤੋਂ ਨਿਕਲਿਆ ਧਰਮ
phenomenon;['ਸਹਿਯੋਜਕੀ ਜੋੜ'];ਰਸਾਇਣਕ ਜੋੜ
phenomenon;['ਇਲੈਕਟ੍ਰਿਕ ਪਾਵਰ'];ਇਲੈਕਟ੍ਰਿਕ ਸਰਕਟ ਦੁਆਰਾ ਮੁਹੱਈਆ ਕਰਵਾਈ ਜਾਣ ਵਾਲੀ ਸਮੇਂ ਦੀ ਪ੍ਰਤੀ ਇਕਾਈ ਦੇ ਹਿਸਾਬ ਨਾਲ ਮਿਲ ਰਹੀ ਬਿਜਲਈ ਊਰਜਾ ਦੀ ਦਰ
physical-body;['ਅਲਫਾ ਕਣ'];ਅਲਫ਼ਾ ਕਣ ਦੋ ਪ੍ਰੋਟੋਨ ਅਤੇ ਦੋ ਨਿਊਟ੍ਰੋਨ ਦੇ ਬਣੇ ਹੁੰਦੇ ਹਨ ਇਹ ਕਣ ਇੱਕ ਹੀਲੀਅਮ ਨਿਊਕਲੀਅਸ ਨਾਲ ਇਕੱਠੇ ਬੰਨ੍ਹੇ ਹੋਏ ਹੁੰਦੇ ਹਨ
physical-body;['ਨਿਊਟਰਾਨ', 'ਅਬਿਜਲਕਣ', 'ਨਿਊਟ੍ਰੌਨ'];ਬਿਨਾਂ ਚਾਰਜ ਵਾਲਾ ਉਪ-ਪਰਮਾਣੂ ਕਣ
physical-body;['ਧਰਤੀ', 'ਦੁਨੀਆਂ', 'ਧੱਰਤ', 'ਪ੍ਰਿਥਵੀ'];ਸੌਰ ਮੰਡਲ ਵਿੱਚ ਸੂਰਜ ਤੋਂ ਤੀਜੇ ਨੰਬਰ ਦਾ ਗ੍ਰਹਿ
physical-body;['ਮੰਗਲ', 'ਮੰਗਲ ਗ੍ਰਹਿ', '♂'];ਸੂਰਜ ਮੰਡਲ ਦਾ ਚੌਥਾ ਗ੍ਰਹਿ
physical-object;['ਭੋਜਨਾਲਾ'];ਭੋਜਨ ਖਾਣ / ਪੀਣ ਵਾਲੀ ਜਗ੍ਹਾ
physical-object;['ਹੋਟਲ'];ਪੈਸੇ ਬਦਲੇ ਰਿਹਾਇਸ਼ ਦਾ ਪ੍ਰਬੰਦ ਕਰਨ ਵਾਲੀ ਜਗ੍ਹਾ
physical-object;['ਖੇਡ ਦਾ ਮੈਦਾਨ'];ਕੋਈ ਖੇਡ ਸਮਾਗਮ ਜਾਂ ਸੰਗੀਤ ਸਮਾਰੋਹ ਲਈ ਦਰਸ਼ਕਾਂ ਦੇ ਬੈਠ ਕੇ ਵੇਖਣ ਲਈ ਬਣਾਈ ਹੋਈ ਜਗ੍ਹਾ
physical-object;['ਆਕਸਫ਼ੋਰਡ ਯੂਨੀਵਰਸਿਟੀ', 'ਆਕਸਫੋਰਡ ਯੂਨੀਵਰਸਿਟੀ'];ਇੰਗਲੈਂਡ ਦੇ ਆਕਸਫ਼ੋਰਡ ਸ਼ਹਿਰ ਦੀ ਇੱਕ ਯੂਨੀਵਰਸਿਟੀ
physical-object;['ਟਰੈਕਟਰ'];ਖੇਤੀਬਾੜੀ ਦੇ ਵੱਖ ਵੱਖ ਕਾਰਜਾਂ ਲਈ ਇੱਕ ਜਰੂਰੀ ਉਪਕਰਣ/ਮਸ਼ੀਨਰੀ
physical-object;['ਸਾਜ਼'];ਸੰਗੀਤਕ ਧੁਨੀ ਪੈਦਾ ਕਰਨ ਵਾਲਾ ਇੱਕ ਯੰਤਰ
political-geographic-object;['ਦਿੱਲੀ', 'délhi', 'ਦਿੱਲੀ, ਭਾਰਤ'];ਭਾਰਾਤ ਦਿ ਰਾਜ੍ਧਾਨਿ
political-geographic-object;['ਹਰਜੀਸਾ', 'hargeisa'];ਸੋਮਾਲੀਆ ਦਾ ਸ਼ਹਿਰ
political-geographic-object;['ਬੂਸਾਨ', 'busán'];ਦੱਖਣੀ ਕੋਰੀਆ ਦਾ ਸ਼ਹਿਰ
political-geographic-object;['ਕਲਨ', 'ਕਲੋਨ', 'ਕੋਲੋਨ'];ਜਰਮਨੀ ਵਿੱਚ ਸ਼ਹਿਰ
political-geographic-object;['ਨੌਰਵੇ', 'ਨਾਰਵੇ', 'noreg', 'norge', 'ਨੋਰਵੇ'];ਉੱਤਰੀ ਯੂਰਪ ਵਿੱਚ ਦੇਸ਼
political-geographic-object;['ਨੀਦਰਲੈਂਡ', 'ਹੌਲੈਂਡ', 'ਡਚ', 'ਨੀਦਰਲੈਂਡ ਦੀ ਬਾਦਸ਼ਾਹੀ', 'ਨੀਦਰਲੈਂਡਜ਼ ਦੀ ਰਾਜਸ਼ਾਹੀ'];ਯੂਰਪ ''ਚ ਦੇਸ਼
political-geographic-object;['ਇੰਗਲੈਂਡ', 'ਇੰਗਲਿਸਤਾਨ'];ਉੱਤਰ-ਪੱਛਮ ਯੂਰਪ ''ਚ ਦੇਸ਼, ਸੰਯੁਕਤ ਬਾਦਸ਼ਾਹੀ ਦਾ ਹਿੱਸਾ
political-geographic-object;['ਉੱਤਰੀ ਆਇਰਲੈਂਡ'];ਉੱਤਰ-ਪੱਛਮ ਯੂਰਪ ''ਚ ਦੇਸ਼, ਸੰਯੁਕਤ ਬਾਦਸ਼ਾਹੀ ਦਾ ਹਿੱਸਾ
political-geographic-object;['ਸੰਯੁਕਤ ਅਰਬ ਅਮੀਰਾਤ', 'ਸੰਯੁਕਤ ਅਰਬ ਇਮਰਾਤ'];ਏਸ਼ੀਆ ਵਿਚਲਾ ਦੇਸ਼
political-geographic-object;['ਲਕਸਮਬਰਗ', 'ਲਕਸੇੰਬਰਗ', 'ਲੂਕਸਮਬਰਗ'];ਯੂਰਪ ''ਚ ਦੇਸ਼
political-geographic-object;['ਲਿਵਰਪੂਲ', 'líverpool'];ਇੰਗਲੈਂਡ ਦਾ ਸ਼ਹਿਰ
political-geographic-object;['ਥਿਆਨਚਿਨ', 'ਤਿਆਂਜਿਨ', 'ਤਿਆਨਜਿਨ'];ਚੀਨ ਵਿੱਚ ਨਗਰਪਾਲਿਕਾ
political-geographic-object;['ਨਬਰਾਸਕਾ', 'nebraska'];ਸੰਯੁਕਤ ਰਾਜ ਅਮਰੀਕਾ ਦਾ ਰਾਜ
political-geographic-object;['ਬੈਲਜੀਅਮ', 'ਬੈਲਜੀਅਮ ਦਾ ਰਾਜ'];ਯੂਰਪ ''ਚ ਦੇਸ਼
political-geographic-object;['ਆਬਰੂਤਸੋ'];ਇਟਲੀ ਦਾ ਇੱਕ ਖੇਤਰ
political-geographic-object;['ਆਸਟਰੀਆ', 'ਆਸਟਰਿਆ', 'ਆਸਟ੍ਰੀਆ'];ਮੱਧ ਯੂਰਪ ''ਚ ਦੇਸ਼
political-geographic-object;['ਕੈਨ', 'ਕਾਨ', 'cannes'];ਫ਼ਰਾਂਸ ਦਾ ਸ਼ਹਿਰ
political-geographic-object;['ਹੋਬਾਰਟ', 'hobart'];ਤਸਮਾਨੀਆ, ਆਸਟਰੇਲੀਆ ਦੀ ਰਾਜਧਾਨੀ
political-geographic-object;['ਬੋਰਦੋ', 'bordeaux'];ਫ਼ਰਾਂਸ ਦਾ ਸ਼ਹਿਰ
political-geographic-object;['ਵਹਿਰਾਨ', 'oran', 'ਓਰਾਨ'];ਅਲਜੀਰੀਆ ਵਿੱਚ ਸ਼ਹਿਰ
political-geographic-object;['ਨਿਊ ਬਰੰਸਵਿਕ', 'ਨਿਊ ਬ੍ਰੰਜ਼ਵਿਕ'];ਕੈਨੇਡਾ ਦਾ ਸੂਬਾ
political-geographic-object;['ਤੋਸਕਾਨਾ', 'toscana', 'ਟਸਕਨੀ'];ਇਤਾਲਵੀ ਖੇਤਰ
political-geographic-object;['ਪੂਲੀਆ'];ਇਤਾਲਵੀ ਖੇਤਰ
political-geographic-object;['ਲੋਂਬਾਰਦੀਆ', 'ਲੋਂਬਾਰਡੀ'];ਉੱਤਰੀ ਇਟਲੀ ਦਾ ਖੇਤਰ
political-geographic-object;['ਏਮੀਲੀਆ-ਰੋਮਾਞਾ', 'emília-romagna'];ਇਟਲੀ ਦਾ ਖੇਤਰ
political-geographic-object;['ਵੈਨੇਤੋ', 'vèneto', 'ਵਿਨੀਸ਼ਾ'];ਇਤਾਲਵੀ ਖੇਤਰ
political-geographic-object;['ਬਾਜ਼ਿਲੀਕਾਤਾ'];ਇਟਲੀ ਦਾ ਖੇਤਰ
political-geographic-object;['ਹੰਗਰੀ'];ਮੱਧ ਯੂਰਪ ''ਚ ਦੇਸ਼
political-geographic-object;['ਮਿਸਰ', 'مِصر\u200e', 'ਇਜਿਪਟ', 'ਿਮਸਰ'];ਉੱਤਰੀ ਅਫਰੀਕਾ ਵਿੱਚ ਦੇਸ਼
political-geographic-object;['ਭਾਰਤ', 'india', 'india punjab', '।ndia punjab', 'ਇੰਡੀਆ', 'ਭਾਰਤੀ', 'ਹਿੰਦੁਸਤਾਨੀ'];ਦੱਖਣੀ-ਏਸ਼ੀਆਈ ਦੇਸ਼
political-geographic-object;['ਯੂਨਾਨ', 'ਗਰੀਸ', 'ਗ੍ਰੀਸ'];ਦੱਖਣੀ ਯੂਰਪ ''ਚ ਦੇਸ਼
political-geographic-object;['ਘਾਨਾ'];ਪੱਛਮੀ ਅਫ਼ਰੀਕਾ ਵਿਚ ਦੇਸ਼
political-geographic-object;['ਰਾਜਧਾਨੀ'];ਕਿਸੇ ਦੇਸ਼ ਜਾਂ ਖੇਤਰ ਦਾ ਸਭ ਤੋਂ ਮਹੱਤਵਪੂਰਣ ਸ਼ਹਿਰ ਜਾਂ ਕਸਬਾ, ਆਮ ਤੌਰ 'ਤੇ ਉਸ ਦੀ ਸਰਕਾਰ ਅਤੇ ਪ੍ਰਸ਼ਾਸਕੀ ਕੇਂਦਰ ਦੀ ਸੀਟ।
political-geographic-object;['ਮਿਸੀਸਿੱਪੀ', 'mississíppi', 'ਮਿੱਸੀਸਿੱਪੀ'];ਸੰਯੁਕਤ ਰਾਜ ਅਮਰੀਕਾ ਦਾ ਰਾਜ
political-geographic-object;['ਕੈਲੀਫ਼ੋਰਨੀਆ', 'ਕੈਲੀਫੋਰਨੀਆ', 'ਕੈਲੇਫ਼ੋਰਨੀਆ'];ਸੰਯੁਕਤ ਰਾਜ ਅਮਰੀਕਾ ਦਾ ਇੱਕ ਰਾਜ
political-geographic-object;['ਤਾਰਾਗੋਤਾ', 'zaragoza', 'ਸਾਰਾਗੋਸਾ'];ਸਪੇਨ ਦਾ ਸ਼ਹਿਰ
political-geographic-object;['ਪ੍ਰਿੰਸ ਐਡਵਰਡ ਟਾਪੂ'];ਕੈਨੇਡਾ ਦਾ ਸੂਬਾ
political-geographic-object;['ਬ੍ਰਿਜ਼ਬਨ', 'brisbane', 'ਬ੍ਰਿਸਬੇਨ'];ਕਵੀਨਜ਼ਲੈਂਡ, ਆਸਟਰੇਲੀਆ ਦੀ ਰਾਜਧਾਨੀ
political-geographic-object;['ਨੁਆਕਚੋਤ', 'nouakchott', 'ਨੂਆਕਚੋਟ'];ਮਾਰੀਟੇਨੀਆ ਦੀ ਰਾਜਧਾਨੀ
political-geographic-object;['ਸਾਓ ਤੋਮੇ ਅਤੇ ਪ੍ਰਿੰਸੀਪੀ', 'ਸਾਓ ਟੋਮੇ ਅਤੇ ਪ੍ਰਿੰਸੀਪੀ', 'ਸਾਓ ਟੋਮੇ ਅਤੇ ਪ੍ਰਿੰਸੀਪੇ', 'ਸਾਓ ਤੂਮੇ ਅਤੇ ਪ੍ਰਿੰਸੀਪੇ', 'ਸਾਓ ਤੋਮੇ ਅਤੇ ਪ੍ਰਿੰਸੀਪੇ'];ਅਫ਼ਰੀਕਾ ਦਾ ਦੇਸ਼
political-geographic-object;['ਸ਼ਿਕਾਗੋ', 'chicago'];ਅਮਰੀਕੀ ਰਾਜ ਇਲੀਨਾਏ ਦਾ ਸ਼ਹਿਰ
political-geographic-object;['ਸਕਾਟਲੈਂਡ'];ਉੱਤਰ-ਪੱਛਮ ਯੂਰਪ ''ਚ ਦੇਸ਼, ਸੰਯੁਕਤ ਬਾਦਸ਼ਾਹੀ ਦਾ ਹਿੱਸਾ
political-geographic-object;['ਮਾਨੀਟੋਬਾ', 'manitoba'];ਕੈਨੇਡਾ ਦਾ ਸੂਬਾ
political-geographic-object;['ਫ਼ਿਨਲੈਂਡ', 'ਫਿਨਲੈਂਡ'];ਉੱਤਰੀ ਯੂਰਪ ਵਿੱਚ ਦੇਸ਼
political-geographic-object;['ਓਡੀਸ਼ਾ', 'ਓੜੀਸਾ', 'orissâ', 'ਉੜੀਸਾ', 'ਓਡੀਸਾ'];ਭਾਰਤੀ ਰਾਜ
political-geographic-object;['ਲੁਆਂਦਾ', 'luanda', 'ਲੁਆਂਡਾ', 'ਲੋਆਂਦਾ'];ਅੰਗੋਲਾ ਦੀ ਰਾਜਧਾਨੀ
political-geographic-object;['ਲੰਡਨ', 'ਲੰਦਨ'];ਇੰਗਲੈਂਡ ਦੀ ਰਾਜਧਾਨੀ
political-geographic-object;['ਕਠਮੰਡੂ', 'ਕਾਠਮਾਂਡੂ', 'kātmāndū'];ਨੇਪਾਲ ਦੀ ਰਾਜਧਾਨੀ
political-geographic-object;['ਅਬੀਜਾਨ', 'abidján'];ਦੰਦ ਖੰਡ ਤਟ ਦੀ ਆਰਥਕ ਅਤੇ ਪੂਰਵਲੀ ਅਧਿਕਾਰਕ ਰਾਜਧਾਨੀ
political-geographic-object;['ਸਾਲਟ ਲੇਕ ਸਿਟੀ', 'salt lake city'];ਅਮਰੀਕੀ ਰਾਜ ਯੂਟਾ ਦੀ ਰਾਜਧਾਨੀ
political-geographic-object;['ਕੈਨਬਰਾ', 'canberra'];ਆਸਟ੍ਰੇਲੀਆ ਦੀ ਰਾਜਧਾਨੀ
political-geographic-object;['ਜ਼ਾਗਰਬ', 'zagreb', 'ਜ਼ਗਰੇਬ'];ਕ੍ਰੋਏਸ਼ੀਆ ਦੀ ਰਾਜਧਾਨੀ
political-geographic-object;['ਕਾਹਿਰਾ', 'ਕੈਰੋ', 'ਅਲ ਕਾਹੀਰਾ', 'ਕਾਇਰੋ'];ਮਿਸਰ ਦੀ ਰਾਜਧਾਨੀ
political-geographic-object;['ਨਵੀਂ ਦਿੱਲੀ', 'ਨਵੀਂ ਦਿੱਲੀ, ਭਾਰਤ'];ਭਾਰਤ੍ ਦਿ ਰਾਜਧਾਨਿ
political-geographic-object;['ਮਿਲਾਨ', 'ਮਿਲਾਨੋ, ਇਟਲੀ'];ਇਟਲੀ ਦਾ ਸ਼ਹਿਰ
political-geographic-object;['ਮੈਲਬਰਨ', 'melbourne', 'ਮੈਲਬੋਰਨ'];ਵਿਕਟੋਰੀਆ, ਆਸਟਰੇਲੀਆ ਦੀ ਰਾਜਧਾਨੀ
political-geographic-object;['ਬਾਲਪਰਾਈਸੋ', 'valparaiso', 'ਬਾਲਪਾਰਾਇਸੋ'];ਚਿਲੀ ਦਾ ਪਰਗਣਾ
political-geographic-object;['ਕੇਬੈਕ ਸ਼ਹਿਰ', 'ਕੇਬੈੱਕ ਸ਼ਹਿਰ'];ਕੇਬੈਕ, ਕੈਨੇਡਾ ਦੀ ਰਾਜਧਾਨੀ
political-geographic-object;['ਨਿਊਯਾਰਕ ਸ਼ਹਿਰ', 'ਨਿਊ ਯਾਰਕ ਸਿਟੀ', 'ਨਿਊਯਾਰਕ ਸਿਟੀ'];ਸੰਯੁਕਤ ਰਾਜ ਅਮਰੀਕਾ ਦੇ ਰਾਜ ਨਿਊਯਾਰਕ ''ਚ ਇੱਕ ਸ਼ਹਿਰ
political-geographic-object;['ਗੁਆਇਆਕੀਲ', 'guayaquil', 'santiago de guayaquil'];ਏਕੁਆਦੋਰ ਦਾ ਸ਼ਹਿਰ
political-geographic-object;['ਅਮ ਦਰਮਾਨ', 'omdurmán'];ਸੁਡਾਨ ਦਾ ਸ਼ਹਿਰ
political-geographic-object;['ਕੇਬੈੱਕ', 'ਕੇਬੈਕ', 'québec', 'ਕਿਊਬੈਕ'];ਕੈਨੇਡਾ ਦਾ ਸੂਬਾ
political-geographic-object;['ਵੈਨਿਸ', 'ਵੀਨਸ', 'ਵੇਨਿਸ'];੧੧੮ ਟਾਪੂਆਂ ਉੱਤੇ ਵਸਿਆ ਇਟਲੀ ਦਾ ਸ਼ਹਿਰ
political-geographic-object;['ਪੀਏਮੋਂਤੇ'];ਇਟਲੀ ਦਾ ਖੇਤਰ
political-geographic-object;['ਐਡਲੇਡ', 'adélaïde', 'ਐਡੀਲੇਡ'];ਸਾਊਥ ਆਸਟਰੇਲੀਆ ਦੀ ਰਾਜਧਾਨੀ
political-geographic-object;['ਪਰਥ', 'perth', 'ਪਰਥ, ਪੱਛਮੀ ਆਸਟਰੇਲੀਆ'];ਪੱਛਮੀ ਆਸਟਰੇਲੀਆ ਦੀ ਰਾਜਧਾਨੀ
qualitative-role;['ਜ਼ਮਾਨਤ'];ਜ਼ਮਾਨਤ ਦੀ ਬੇਨਤੀ ਅਦਾਲਤ ਵਿੱਚ ਮਨਜ਼ੂਰ ਕਰਬਾਊਣ ਲਈ ਰਕਮ ਜਮ੍ਹਾਂ ਕਰਵਾਈ ਜਾਂਦੀ ਹੈ
quality;['ਪੈਂਡਾ', 'ਲਾਬ', 'ਪਾੜਾ', 'ਫ਼ਾਸਲਾ'];ਸਿੱਧੀ ਲਕੀਰ ਜੋ ਦੋ ਬਿੰਦੂਆਂ ਨੂੰ ਜੋੜਦੀ ਹੈ
quality;['ਜੈਨ ਧਰਮ'];ਸ਼ਰਮਣ ਪਰੰਪਰਾ ਤੋਂ ਨਿਕਲਿਆ ਧਰਮ
region;['ਅਫ਼ਗ਼ਾਨ ਅਫ਼ਗ਼ਾਨੀ', '؋', 'ਅਫ਼ਗਾਨ ਅਫ਼ਗਾਨੀ'];ਅਫ਼ਗ਼ਾਨਿਸਤਾਨ ਦੀ ਮੁਦਰਾ
region;['ਅਲਬਾਨੀਆਈ ਲੇਕ'];ਅਲਬਾਨੀਆ ਦੀ ਅਧਿਕਾਰਕ ਮੁਦਰਾ
region;['ਭੂਟਾਨੀ ਙੁਲਤਰਮ', 'ਭੂਟਾਨੀ ਙੂਲਤਰੂਮ', 'ਭੂਟਾਨੀ ਨਗਲਟਰਮ', 'ਭੂਟਾਨੀ ਨਗੁਲਤਰਮ'];ਭੂਟਾਨ ਦੀ ਮੁਦਰਾ
region;['ਬੋਲੀਵੀਆਈ ਬੋਲੀਵੀਆਨੋ', 'ਬੋਲੀਵੀਆਨੋ', 'boliviano'];ਬੋਲੀਵੀਆ ਦੀ ਮੁਦਰਾ
region;['ਬੁਲਗਾਰੀਆਈ ਲੇਵ', 'lev'];ਬੁਲਗਾਰੀਆ ਦੀ ਮੁਦਰਾ
region;['ਕੈਨੇਡੀਆਈ ਡਾਲਰ'];ਕੈਨੇਡਾ ਦੀ ਮੁਦਰਾ
region;['ਚਿਲੀਆਈ ਪੇਸੋ', 'ਚਿਲਿਆਈ ਪੇਸੋ'];ਚਿਲੀ ਦੀ ਮੁਦਰਾ
region;['ਕੋਸਟਾ ਰੀਕਾਈ ਕੋਲੋਨ', 'ਕੋਸਤਾ ਰੀਕਾਈ ਕੋਲੋਨ'];ਕੋਸਟਾ ਰੀਕਾ ਦੀ ਮੁਦਰਾ
region;['ਕਿਊਬਾਈ ਪੇਸੋ'];ਕਿਊਬਾ ਦੀਆਂ ਦੋ ਅਧਿਕਾਰਕ ਮੁਦਰਾਵਾਂ ਵਿੱਚੋਂ ਇੱਕ
region;['ਗੁਆਤੇਮਾਲਾਈ ਕੇਤਸਾਲ'];ਗੁਆਤੇਮਾਲਾ ਦੀ ਮੁਦਰਾ
region;['ਹੈਤੀਆਈ ਗੂਰਦ'];ਹੈਤੀ ਦੀ ਮੁਦਰਾ
region;['ਹਾਂਗਕਾਂਗ ਡਾਲਰ'];ਹਾਂਗਕਾਂਗ ਦੀ ਮੁਦਰਾ
region;['ਭਾਰਤੀ ਰੁਪਈਆ', 'ਭਾਰਤੀ ਰੁਪਿਆ', 'ਭਾਰਤੀ ਰੁਪੱਈਆ', 'ਰੁਪਿਆ'];ਭਾਰਤ ਦੀ ਮੁਦਰਾ
region;['ਇਰਾਨੀ ਰਿਆਲ'];ਇਰਾਨ ਦੀ ਮੁਦਰਾ
region;['ਜਮੈਕੀ ਡਾਲਰ'];ਜਮੈਕਾ ਦੀ ਮੁਦਰਾ
region;['ਜਪਾਨੀ ਯੈੱਨ', 'ਜਪਾਨੀ ਯੈਨ'];ਜਪਾਨ ਦੀ ਅਧਿਕਾਰਕ ਮੁਦਰਾ
region;['ਜਾਰਡਨੀ ਦਿਨਾਰ'];ਜਾਰਡਨ ਦੀ ਮੁਦਰਾ
region;['ਕੁਵੈਤੀ ਦਿਨਾਰ'];ਕੁਵੈਤ ਦੀ ਮੁਦਰਾ
region;['ਲਾਓ ਕਿਪ'];ਲਾਓਸ ਦੀ ਮੁਦਰਾ
region;['ਮਲੇਸ਼ੀਆਈ ਰਿਙਿਤ', 'ringgit', 'ਮਲੇਸ਼ੀਆਈ ਰਿੰਗਿਟ'];ਮਲੇਸ਼ੀਆ ਦੀ ਮੁਦਰਾ
region;['ਮੈਕਸੀਕੀ ਪੇਸੋ'];ਮੈਕਸੀਕੋ ਦੀ ਮੁਦਰਾ
region;['ਨੇਪਾਲੀ ਰੁਪਈਆ'];ਨੇਪਾਲ ਦੀ ਅਧਿਕਾਰਕ ਮੁਦਰਾ
region;['ਨਿਕਾਰਾਗੁਆਈ ਕੋਰਦੋਬਾ'];ਨਿਕਾਰਾਗੁਆ ਦੀ ਮੁਦਰਾ
region;['ਉੱਤਰੀ ਕੋਰੀਆਈ ਵੌਨ'];ਉੱਤਰੀ ਕੋਰੀਆ ਦੀ ਅਧਿਕਾਰਕ ਮੁਦਰਾ
region;['ਪੈਰਾਗੁਏਵੀ ਗੁਆਰਾਨੀ', 'ਪੈਰਾਗੁਆਈ ਗੁਆਰਾਨੀ', '₲'];ਪੈਰਾਗੁਏ ਦੀ ਰਾਸ਼ਟਰੀ ਮੁਦਰਾ
region;['ਪੋਲੈਂਡੀ ਜ਼ਵੋਤੀ'];ਪੋਲੈਂਡ ਦੀ ਮੁਦਰਾ
region;['ਸਾਊਦੀ ਰਿਆਲ'];ਸਾਊਦੀ ਅਰਬ ਦੀ ਮੁਦਰਾ
region;['ਨਵਾਂ ਤਾਇਵਾਨੀ ਡਾਲਰ'];ਤਾਇਵਾਨ ਦੀ ਅਧਿਕਾਰਾਕ ਮੁਦਰਾ
region;['ਥਾਈ ਬਾਤ'];ਥਾਈਲੈਂਡ ਦੀ ਮੁਦਰਾ
region;['ਕੇਮਨ ਟਾਪੂ ਡਾਲਰ'];ਕੇਮਨ ਟਾਪੂਆਂ ਦੀ ਮੁਦਰਾ
region;['ਡੋਮਿਨਿਕਾਈ ਪੇਸੋ'];ਡੋਮਿਨਿਕਾਈ ਗਣਰਾਜ ਦੀ ਮੁਦਰਾ
region;['ਫ਼ਿਲਪੀਨੀ ਪੀਸੋ', 'ਪੀਸੋ', 'ਫ਼ਿਲਪੀਨੀ ਪੇਸੋ'];ਫ਼ਿਲਪੀਨਜ਼ ਦੀ ਮੁਦਰਾ
region;['ਤ੍ਰਿਨੀਦਾਦ ਅਤੇ ਤੋਬਾਗੋ ਡਾਲਰ'];ਤ੍ਰਿਨੀਦਾਦ ਅਤੇ ਤੋਬਾਗੋ ਦੀ ਅਧਿਕਾਰਕ ਮੁਦਰਾ
region;['ਵੈਨੇਜ਼ੁਏਲਾਈ ਬੋਲੀਵਾਰ'];ਵੈਨੇਜ਼ੁਏਲਾ ਦੀ ਮੁਦਰਾ
region;['ਵੀਅਤਨਾਮੀ ਦੋਙ', 'ਵਿਅਤਨਾਮੀ ਡੌਂਗ', '₫'];ਵੀਅਤਨਾਮ ਦੀ ਮੁਦਰਾ
situation;['ਮੇਸੋਥੇਲੀਓਮਾ'];ਐਸਬੈਸਟੋਜ਼ ਨਾਲ ਸੰਬੰਧਿਤ ਕੈਂਸਰ
situation;['ਕਾਲਾ ਮੋਤੀਆ', 'ਕਾਲ਼ਾ ਮੋਤੀਆ'];ਅੱਖਾਂ ਦੀ ਬਿਮਾਰੀ
situation;['ਸਿਰਦਰਦ', 'ਸਿਰ ਪੀੜ'];ਸਿਰ ਜਾਂ ਗਰਦਨ ਵਿੱਚ ਦਰਦ
situation;['ਮੈਡਲ ਆਫ਼ ਆਨਰ'];ਸੰਯੁਕਤ ਰਾਜ ਦੁਆਰਾ ਸਨਮਾਨਿਤ ਸਭ ਤੋਂ ਵੱਧ ਸੈਨਿਕ ਸਜਾਵਟ
situation;['ਗਰੀਬੀ'];ਆਰਥਿਕ, ਸਮਾਜਿਕ ਤੇ ਹੋਰ ਨਿੱਜੀ ਜਰੂਰਤਾਂ ਦੀ ਘਾਟ
socially-constructed-person;['ਜੇ. ਐਮ ਬੈਰੀ'];ਸਕੌਟਿਸ਼ ਲੇਖ਼ਕ
socially-constructed-person;['ਮਹਾਤਮਾ ਗਾਂਧੀ', 'ਮੋਹਨਦਾਸ ਕਰਮਚੰਦ ਗਾਂਧੀ', 'ਗਾਂਧੀ'];ਸੇਕੰਡਰੀ ਹਾਈ ਸਕੂਲ , ਰਾਜਕੋਟ , ਇਨਰ ਟੇਮਪਲ, ਯੁਨੀਵਰਸਿਟੀ ਕਾਲਜ ਲੰਦਨ
socially-constructed-person;['ਜਵਾਹਰ ਲਾਲ ਨਹਿਰੂ', 'ਜਵਾਹਰਲਾਲ ਨਹਿਰੂ', 'ਜਵਾਹਰਲਾਲ ਨੇਹਰੂ', 'ਜਵਾਹਿਰ ਲਾਲ ਨਹਿਰੂ', 'ਜਵਾਹਿਰਲਾਲ ਨਹਿਰੂ', 'ਪੰਡਤ ਜਵਾਹਰਲਾਲ ਨਹਿਰੂ'];ਭਾਰਤ ਦੇ ਪਹਿਲੇ ਪ੍ਰਧਾਨ ਮੰਤਰੀ
socially-constructed-person;['ਇੰਦਰਾ ਗਾਂਧੀ', 'indira gandhi', 'ਇੰਦਿਰਾ ਗਾਂਧੀ'];ਭਾਰਤ ਦੀ ਪਹਿਲੀ ਮਹਿਲਾ ਪ੍ਰਧਾਨ ਮੰਤਰੀ
socially-constructed-person;['ਕਿਊਪਿਡ'];ਲੋਚਾ, ਖਿੱਚ ਅਤੇ ਮੋਹ ਦਾ ਦੇਵਤਾ
socially-constructed-person;['ਮਰਕਰੀ'];ਪੁਰਾਤਨ ਰੋਮਨ ਦੇਵਤਾ
socially-constructed-person;['ਵਿਲੀਅਮ ਸ਼ੇਕਸਪੀਅਰ', 'ਵਿਲੀਅਮ ਸ਼ੈਕਸਪੀਅਰ', 'ਵਿਲਿਅਮ ਸ਼ੇਕਸਪੀਅਰ', 'ਵਿਲਿਅਮ ਸ਼ੈਕਸਪੀਅਰ', 'ਸ਼ੇਕਸਪੀਅਰ'];ਅੰਗਰੇਜ਼ੀ ਨਾਟਕਕਾਰ ਅਤੇ ਕਵੀ
socially-constructed-person;['ਲੁਡਵਿਗ ਵਿਟਗਨਸਟਾਈਨ', 'ludwig wittgenstein'];ਆਸਟਰੀਆਈ-ਬਰਤਾਨਵੀ ਦਾਰਸ਼ਨਿਕ
socially-constructed-person;['ਜਾਰਜ ਵਾਸ਼ਿੰਗਟਨ', 'george washington'];ਸੰਯੁਕਤ ਰਾਜ ਦਾ ਪਹਿਲਾ ਰਾਸ਼ਟਰਪਤੀ
socially-constructed-person;['ਹਾਂਸ ਕ੍ਰਿਸਚਨ ਆਂਡਰਸਨ', 'ਹਾਂਸ ਕ੍ਰਿਸਚੀਅਨ ਐਂਡਰਸਨ', 'hans christian andersen', 'ਹੈਂਸ ਕਰਿਸ਼ਚੀਅਨ ਐਂਡਰਸਨ', 'ਹੈਂਸ ਕਿਰਿਸ਼ਚੀਅਨ ਐਂਡਰਸਨ', 'ਹੈਂਸ ਕ੍ਰਿਸਚਨ ਏਂਡਰਸਨ', 'ਹੈਂਸ ਕ੍ਰਿਸਚਨ ਐਂਡਰਸਨ', 'ਹੈਂਸ ਕ੍ਰਿਸਚੀਅਨ ਆਂਡਰਸਨ', 'ਹੈਂਸ ਕ੍ਰਿਸਚੀਅਨ ਐਂਡਰਸਨ', 'ਹੈਂਸ ਕ੍ਰਿਸ਼ਚੀਅਨ ਐਂਡਰਸਨ', 'ਹੈਂਸ ਕ੍ਰੈੱਸਡੀਅਨ ਆਨਾਸਨ', 'ਹੈਸ ਕ੍ਰਿਸਚਿਅਨ ਐਂਡਰਸਨ'];ਡੈਨਿਸ਼ ਲੇਖਕ ਅਤੇ ਕਵੀ
socially-constructed-person;['ਵਿਦਿਆਰਥੀ'];ਸਿੱਖਣ ਵਾਲਾ ਵਿਅਕਤੀ
socially-constructed-person;['ਅਧਿਆਪਕ', 'ਗੁਰੂ, ਉਸਤਾਦ'];ਸਿਖਾਉਣ ਵਾਲਾ ਜੋ ਪੜ੍ਹਣਾ, ਗਿਆਨ,ਮੁੱਲ ਸਿਖਾਉਂਦਾ ਹੇ
socially-constructed-person;['ਸਿਸਰੋ'];ਰੋਮਨ ਦਾਰਸ਼ਨਿਕ
socially-constructed-person;['ਕਾਰਲ ਮਾਰਕਸ', 'ਮਾਰਕਸ', 'ਕਾਰਲ ਹੈਨਰਿਕ ਮਾਰਕਸ'];ਜਰਮਨ ਦਾਰਸ਼ਨਿਕ, ਅਰਥਸ਼ਾਸਤਰੀ, ਸਮਾਜ ਸ਼ਾਸਤਰੀ, ਪੱਤਰਕਾਰ ਅਤੇ ਇਨਕਲਾਬੀ ਸਮਾਜਵਾਦੀ
socially-constructed-person;['ਐਂਤਨ ਚੈਖਵ', 'ਐਂਤੋਨ ਚੈਖੋਵ'];ਰੂਸੀ ਕਹਾਣੀਕਾਰ ਅਤੇ ਨਾਟਕਕਾਰ
socially-constructed-person;['ਹੀਰੋਡਾਟਸ', 'ਹੀਰੋਡੋਟਸ', 'ਹੇਰੋਡਾਟਸ', 'ਹੇਰੋਡੋਟਸ'];ਪੁਰਾਤਨ ਯੂਨਾਨੀ ਇਤਿਹਾਸਕਾਰ
socially-constructed-person;['ਗੋਲਕੀਪਰ'];ਗੋਲਚੀ ਖਿਡਾਰੀ
socially-constructed-person;['ਫਰੈਡਰਿਕ ਏਂਗਲਜ਼', 'ਫ਼ਰੀਡਰਿਸ਼ ਐਂਗਲਸ', 'friedrich engels', 'ਏਂਗਲਜ਼', 'ਫਰੈਡਰਿਕ ਏਂਗਲਜ', 'ਫ਼ਰੀਡਰੀਸ਼ ਏਂਗਲਜ਼', 'ਫ੍ਰੇਡਰਿਕ ਏਂਗਲਜ਼'];ਜਰਮਨ ਸਮਾਜਸ਼ਾਸਤਰੀ. ਦਾਰਸ਼ਨਕ ਅਤੇ ਲੇਖਕ
space-region;['ਪੁਲਾੜ', 'ਅੰਤਰਿਕਸ਼', 'ਅੰਤ੍ਰਿਕਸ਼'];ਖਗੋਲੀ ਪਿੰਡਾਂ ਵਿਚਕਾਰ ਪੈਂਦੀ ਸੁੰਨ ਥਾਂ
spatial-feature;['ਐਲਪ', 'ਐਲਪਸ'];ਯੂਰਪ ਦੀ ਮਹਾਨ ਪਰਬਤ ਲੜੀ
spatial-feature;['ਕੇ ਟੂ', 'ਕੇ੨', 'ਕੇ2'];ਦੁਨੀਆਂ ਦਾ ਦੂਜਾ ਸਭ ਤੋਂ ਉੱਚਾ ਪਹਾੜ
spatial-feature;['ਕਰਾਕੁਰਮ', 'ਕਾਰਾਕੋਰਮ'];ਏਸ਼ੀਆ ਵਿਚ ਇੱਕ ਪਰਬਤ ਲੜੀ
spatial-feature;['ਰੌਕੀ ਪਹਾੜ'];ਉੱਤਰੀ ਅਮਰੀਕਾ ਵਿਚਲੀ ਪਰਬਤ-ਲੜੀ
status;['ਕੌਮੀਅਤ', 'ਰਾਸ਼ਟਰੀਅਤਾ'];ਨਾਗਰਿਕਤਾ
subject;['ਦਰਸ਼ਨ ਸ਼ਾਸਤਰ', 'ਦਰਸ਼ਨ', 'ਫ਼ਲਸਫ਼ਾ', 'ਫਿਲਾਸਫੀ'];ਵਾਸਤਵਿਕਤਾ, ਹੋਂਦ, ਗਿਆਨ, ਕੀਮਤਾਂ, ਕਾਰਣਾਂ, ਮਨ, ਅਤੇ ਭਾਸ਼ਾ ਦੀ ਸਰਵ ਸਧਾਰਨ ਅਤੇ ਬੁਨਿਆਦੀ ਫਿਤਰਤ ਦਾ ਅਧਿਐਨ
subject;['ਰਾਜਨੀਤੀ ਵਿਗਿਆਨ'];ਰਾਜਨੀਤੀ ਅਤੇ ਰਾਜਨੀਤਿਕ ਪ੍ਰਣਾਲੀਆਂ ਦੇ ਅਧਿਐਨ ਨਾਲ ਸਬੰਧਤ ਸਮਾਜਿਕ ਵਿਗਿਆਨ
subject;['ਧੁਨੀ ਵਿਉਂਤ'];ਭਾਸ਼ਾ ਵਿਗਿਆਨ ਦੀ ਸ਼ਾਖ਼ਾ
system-as-description;['ਨਾਜ਼ੀਵਾਦ'];ਨਾਜ਼ੀ ਪਾਰਟੀ ਅਤੇ ਨਾਜ਼ੀ ਜਰਮਨੀ ਦੀ ਵਿਚਾਰਧਾਰਾ
taxonomic-collection;['ਅਕਰਮਕ ਕਿਰਿਆ', 'ਅਕਰਮਕ ਕ੍ਰਿਆ'];ਅਜਿਹੀ ਕਿਰਿਆ ਜਿਸ ਨੂੰ ਵਿਆਕਰਨਿਕ ਕਰਮਾਂ ਦੀ ਲੋੜ ਨਾ ਹੋਵੇ
taxonomic-collection;['ਸਕਰਮਕ ਕਿਰਿਆ'];ਜਿਸ ਕਿਰਿਆ ਨੂੰ ਇੱਕ ਜਾਂ ਵਧੇਰੇ ਕਰਮਾਂ ਦੀ ਜ਼ਰੂਰਤ ਹੋਵੇ
taxonomic-collection;['ਸੰਬੋਧਨ ਕਾਰਕ', 'ਸੰਬੋਧਨ'];ਵਿਆਕਰਨਿਕ ਕਾਰਕ
taxonomic-collection;['ਅਪਾਦਾਨ ਕਾਰਕ', 'ਅਪਾਦਾਨ'];ਵਿਆਕਰਨਿਕ ਕਾਰਕ
taxonomic-collection;['ਅਧਿਕਰਨ ਕਾਰਕ', 'ਅਧਿਕਰਣ', 'ਅਧਿਕਰਨ'];ਵਿਆਕਰਨਿਕ ਕਾਰਕ
taxonomic-collection;['ਕਰਮ ਕਾਰਕ', 'ਕਰਮ'];ਵਿਆਕਰਨਿਕ ਕਾਰਕ
taxonomic-collection;['ਸਧਾਰਨ ਕਾਰਕ', 'ਕਰਤਾ', 'ਕਰਤਾ ਕਾਰਕ', 'ਸਾਧਾਰਨ ਕਾਰਕ'];ਵਿਆਕਰਨਿਕ ਕਾਰਕ
taxonomic-collection;['ਸੰਪਰਦਾਨ ਕਾਰਕ', 'ਸੰਪਰਦਾਨ'];ਵਿਆਕਰਨਿਕ ਕਾਰਕ
taxonomic-collective;['ਕ੍ਰਮ', 'ਸ਼੍ਰੇਣੀ'];ਤਰਤੀਬ
taxonomic-collective;['ਅਮਰਵੇਲ', 'cuscuta'];ਪਰਜੀਵੀ ਜੜੀ ਬੂਟੀ ਦੀ ਪ੍ਰਜਾਤੀ
temporal-region;['ਮਾਰਚ'];ਜੁਲੀਅਨ ਅਤੇ ਗ੍ਰੇਗਰੀ ਕਲੰਡਰ ਵਿੱਚ ਤੀਜਾ ਮਹੀਨਾ
temporal-region;['ਰਮਦਾਨ', 'ramadãn'];ਇਸਲਾਮੀ ਕਲੰਡਰ ਦਾ ਨੌਵਾਂ ਮਹੀਨਾ
temporal-region;['ਸੋਮਵਾਰ'];ਹਫ਼ਤੇ ਦਾ ਦਿਨ
theory;['ਗੇ-ਲੂਸਾਕ ਕਾਨੂੰਨ'];ਥਰਮਲ ਵਿਸਥਾਰ, ਤਾਪਮਾਨ, ਆਇਤਨ, ਅਤੇ ਦਬਾਅ ਦੇ ਵਿਚਕਾਰ ਸਬੰਧ
