activity;['–¥–∑—é-–¥–æ'];–î–∑—é –¥–æ - —è–ø.
activity;['–ª–æ–≤'];–õ–æ–≤ ‚Äî –≤—è—Ä–¥–µ–Ω—å–±—Ä–∞–π—Ö–Ω–µ–Ω—å —Ñ–æ—Ä–º–æ—Å–Ω–∞, –∫–æ–Ω–∞—Å—å –∞—â–∏ —ë–º–ª–∞ —ç–µ–Ω—å –∫–µ–≤—ç–π —ç–∑–¥–∞.
activity;['–∞–Ω–∏–º–∞—Ü–∏–µ—Å—å'];–ê–Ω–∏–º–∞—Ü–∏–µ—Å—å - –∞—Ä—Ö—Ç–æ–º–∞ —Ñ–∏–ª—å–ø–Ω–µ–Ω—å —Ç–∏–µ–º–∞ —Å–æ–¥–∞–º–∞—Å—å.
agentive-figure;['–ø–∞—Å–æ', '–ø–∞—Å–ø'];–ü—è–ª–µ–≤–µ–Ω—å –ê—Ç–ª–∞–Ω—Ç–∏–∫–æ–Ω—å –°–æ—Ç–∫—Å–æ–Ω—å –û—Ä–≥–∞–Ω–∏–∑–∞—Ü–∏–µ (–ü–ê–°–û) (–∞–Ω–≥–ª–∞–∫—Å North Atlantic Treaty Organization, NATO. –∫—Ä–∞–Ω—Ü–æ–∫—Å Organisation du trait√© de l'Atlantique Nord, OTAN) - –∫–æ—à–∞—Ä–¥–æ–º–≤–∏–π—Ö–Ω–µ–Ω—å —ë—Ç–∫–æ–Ω—å —Ç—é—Ä–µ–º–∞–Ω—å –∫—è–¥–µ–Ω—å–≥–∏—Ä–¥–µ–º–∞—Å—å —É—à–µ—Ç—Ñ–æ–ª—å –ü—è–ª–µ–≤–µ–Ω—å –ê—Ç–ª–∞–Ω—Ç–∏–∫–æ–Ω—å –ö–æ—Ä—Ö—Ç–∞—Ñ—Ç–æ–º–∞—Ç—å –∫–æ—Ä—è—Å 4-—Ü–µ –∞–ø—Ä–µ–ª—å–∫–æ–≤–æ–Ω—å 1949 –∫–∏–∑–æ–Ω—è.
agentive-figure;['—è–≤—Ä–æ–ø–æ–Ω—å —Å–æ—Ç–∫—Å', 'üá™üá∫', '–µ–≤—Ä–æ–ø–µ—è–Ω—å —Å–æ—Ç–∫—Å', '—è–≤—Ä–æ–ø–æ–Ω—å —Å–æ—Ç–∫—Å—Å—å'];–Ø–≤—Ä–æ–ø–æ–Ω—å —Å–æ—Ç–∫—Å - 27 —è–≤—Ä–æ–ø–æ–Ω—å –º–∞—Å—Ç–æ—Ä—Ö–Ω–µ–Ω—å —ç–∫–æ–Ω–æ–º–∏–∫–∞–Ω—å –¥—ã –ø–æ–ª–∏—Ç–∏–∫–∞–Ω—å —Å–æ—Ç–∫—Å—Å–Ω–∞.
agentive-figure;['—Å–æ–≤–µ—Ç–æ–Ω—å —Å–æ—Ç–∫—Å', '—Å–æ–≤–µ—Ç–æ–Ω—å —Å–æ—Ü–∏–∞–ª–∏–∑–º–∞–Ω—å —Ä–µ—Å–ø—É–±–ª–∏–∫–Ω–µ–Ω—å —Å–æ—Ç–∫—Å'];–°–æ–≤–µ—Ç–æ–Ω—å –°–æ—Ç–∫—Å, –°–æ–≤–µ—Ç–æ–Ω—å –°–æ—Ü–∏–∞–ª–∏–∑–º–∞–Ω—å –†–µ—Å–ø—É–±–ª–∏–∫–Ω–µ–Ω—å –°–æ—Ç–∫—Å (—Ä—É–∑–∫—Å –°–æ—é–∑ –°–æ–≤–µ—Ç—Å–∫–∏—Ö –°–æ—Ü–∏–∞–ª–∏—Å—Ç–∏—á–µ—Å–∫–∏—Ö –†–µ—Å–ø—É–±–ª–∏–∫) - –∏–Ω–≥–æ–ª—å–ø–∏–Ω–≥–æ–Ω—å –º–∞—Å—Ç–æ—Ä—Å—å –ê–∑–∏–µ—Å–∞ –¥–∏ –®–∏—Å—Ç—è–º–∞ –Ø–≤—Ä–æ–ø—Å–∞.
agentive-physical-object;['–ø–∏—á–µ', 'pinus'];–ü–∏—á–µ (–ª–∞—Ç–∏–Ω–æ–∫—Å Pinus) - –ø–∏—á–µ–Ω—å —Ç—ä–Ω–∞–ª—Å—Ç–∞ –∫–∞—Å—ã–∫—Å—Å—å (–ª–∞—Ç.
agentive-physical-object;['–∏–Ω–∑–∞–º–∞'];–ò–Ω–∑–∞–º–∞ - –º–æ–¥–∞–Ω—å –ª—è–ø–æ–ø—Ç–µ–º–∞–Ω—å —Ç—Ä–∞–¥–∏—Ü.
agentive-physical-object;['—Ç—É–º–∞', 'quercus'];–¢—É–º–∞ - –∫–æ—Ñ–∫—Å–Ω–µ–Ω—å —ç–¥–∏ —à—É—Ñ—Ç—Ç–Ω–µ–Ω—å —é—Ä–æ–º—Å–∞, –±—É–∫–æ–Ω—å —Ç—ä–Ω–∞–ª—Å—Ç–∞.
agentive-physical-object;['–∫—É—è—Ä', 'cucumis sativus'];–ö—É—è—Ä - —Ñ–∫—è–∫–∏–∑–æ–Ω—å —Ç–∏—à–µ–Ω—å –∫–∞—Å—ã–∫—Å—Å—å, —Ç–∏–∫–ª–∞–Ω–Ω–µ–Ω—å —Ç—ä–Ω–∞–ª–æ–Ω—å —ç–∑–¥–∞ —Ñ–∫—è—Å—å, –∫—É—è—Ä–æ–Ω—å —é—Ä–æ–º–æ–Ω–Ω–µ—Å—å.
agentive-physical-object;['–ø–∏–Ω–µ', 'canis lupus familiaris'];–ü–∏–Ω–µ - –í—å—Ä—å–≥–∞–∑–æ–Ω—å —Ç—ä–Ω–∞–ª—Å—Ç–æ–Ω—å —ç–∑–¥–∞ —Ñ–∫—è—Å—å.
agentive-physical-object;['–ø–∞–Ω–≥–∞', 'fungi'];–ü–∞–Ω–≥–∞
agentive-physical-object;['–ø–∏—à—Ç–µ–º–≥–∞–ª', 'perca fluviatilis'];–ü–∏—à—Ç–µ–º–≥–∞–ª' ‚Äî –∫–∞–ª, –ø–∏—à—Ç–µ–º–≥–∞–ª–æ–Ω—å —é—Ä–æ–º–æ–Ω–Ω–µ—Ç–Ω–µ–Ω—å, –ø–∏—à—Ç–µ–º–≥–∞–ª–æ–Ω—å —Ç–Ω–∞–ª–æ–Ω–Ω–µ—Ç–Ω–µ–Ω—å —ç–∑–¥–∞ —Ñ–∫—è—Å—å.
agentive-physical-object;['–∞—Ç—è–∫—à'];–ê—Ç—è–∫—à
agentive-physical-object;['—Ä–æ–∑—å –ø–∞–Ω—á—Ñ', 'centaurea cyanus'];–†–æ–∑—å –ø–∞–Ω—á—Ñ ‚Äî
agentive-physical-object;['–∫–µ–ª—É', 'betula'];–ö–µ–ª—É (–ª–∞—Ç–∏–Ω–æ–∫—Å Betula pendula) - Betulaceae —Ç—ä–Ω–∞–ª—Ç—å —ç–∑–¥–∞ —Ñ–∫—è—Å—å.
agentive-physical-object;['–∫—É–∑'];–ö—É–∑ ‚Äî Pinaceae —Ç—ä–Ω–∞–ª—Å—Ç–æ–Ω—å —ç–∑–¥–∞ —Ñ–∫—è—Å—å.
agentive-physical-object;['–ª–æ–º–∞–Ω—Ü—å', 'homo sapiens'];–õ–æ–º–∞–Ω—Ü—å - Homo —é—Ä–æ–º—Å—Ç–∞ —Å–∏–º–∞–Ω–∫—Å—Å—å.
agentive-physical-object;['—Å—è–≤–∞', 'capra aegagrus hircus'];–°—è–≤–∞ -
agentive-physical-object;['–∫–∞–ª—å', 'salix'];–ö–∞–ª—å (–ª–∞—Ç–∏–Ω–æ–∫—Å Salix) ‚Äì –ø—è–∫ —Å–æ–¥–∞—Ñ –Ω–∞—Ä–æ–¥—Å–∞ —à—É—Ñ—Ç–∞, –∫—É—Å—Ç–æ—Ä–∫—Å.
agentive-physical-object;['–∫—É–∫—É', 'cuculus canorus'];–ö—É–∫—É ‚Äî Cuculidae —Ç—ä–Ω–∞–ª—Å—Ç–æ–Ω—å —Ñ–∫—è—Å—å.
agentive-physical-object;['–∞—Ä–µ–ª–¥–∏–µ', '–∫—É–∫—É–º–µ—Ä–∏–µ', '–ø–ª–µ–≤—Ä–æ—Ç–∞–ª–ª–∏—Å', 'areldia', 'colombiana', 'cucumeria', 'pleurothallis'];–ö—É–∫—É–º–µ—Ä–∏ ‚Äî –û—Ä—Ö–∏–¥–µ—è —Ç—ä–Ω–∞–ª—Å—Ç–∞ –ø–∞–Ω—á—Ñ –∫–∞—Å—ã–∫—Å—Å—å.
agentive-physical-object;['–∞—Ä–µ–ª–¥–∏–µ', '–∫—É–∫—É–º–µ—Ä–∏–µ', '–ø–ª–µ–≤—Ä–æ—Ç–∞–ª–ª–∏—Å', 'areldia', 'colombiana', 'cucumeria', 'pleurothallis'];–ê—Ä–µ–ª–¥–∏–µ ‚Äî –û—Ä—Ö–∏–¥–µ—è —Ç—ä–Ω–∞–ª—Å—Ç–∞ –ø–∞–Ω—á—Ñ –∫–∞—Å—ã–∫—Å—Å—å.
agentive-physical-object;['–∞—Ä–µ–ª–¥–∏–µ', '–∫—É–∫—É–º–µ—Ä–∏–µ', '–ø–ª–µ–≤—Ä–æ—Ç–∞–ª–ª–∏—Å', 'areldia', 'colombiana', 'cucumeria', 'pleurothallis'];–ü–ª–µ–≤—Ä–æ—Ç–∞–ª–ª–∏—Å (–ª–∞—Ç–∏–Ω–æ–∫—Å Pleurothallis) ‚Äî –û—Ä—Ö–∏–¥–µ—è —Ç—ä–Ω–∞–ª—Å—Ç–∞ –ø–∞–Ω—á—Ñ –∫–∞—Å—ã–∫—Å—Å—å.
agentive-physical-object;['—É—à—Ç–æ—Ä', 'acer'];–£—à—Ç–æ—Ä - —à—É—Ñ—Ç—Ç–Ω–µ–Ω—å —ç–¥–∏ –∫–æ—Ñ–∫—Å–Ω–µ–Ω—å Sapindaceae —Ç—ä–Ω–∞–ª–æ–Ω—å —é—Ä–æ–º—Å—å.
agentive-physical-object;['–∑–µ–±—Ä–∞', 'zebra', 'equus subgenus hippotigris', 'hippotigris'];–ó–µ–±—Ä–∞ - —Ä–∞–∫—à–∞—Å—å –∞—Ñ—Ñ–∏–Ω—Ü–ø–µ—Å—Ç—è–≤–Ω–µ–Ω—å —Ç—ä–Ω–∞–ª—Å—Ç–∞.
agentive-physical-object;['—á–∞–π —é—Ä—Å', '—á—è–π', 'camellia'];–ß—è–π (–ª–∞—Ç–∏–Ω–æ–∫—Å Camellia) —Å—É–≤—Å–∏—Ö—Ç—å 50-—à–∫–∞ —Å–æ—Ä—Ç —è–ª–∞–Ω—å–ø–∏–∂–µ –∫—É–º–æ–∫–∞–Ω—å —ç–¥–∏ –∫—É–º–æ–∫–∞–Ω—å –∞–ª–∞–Ω—å –∫–æ—Ñ–∫—Å—Ç, —Å—Ç–∞–Ω–µ –∏–Ω–∞ –∞—Ñ —Å–µ—Ä–∏ —à—É—Ñ—Ç—Ç, —Å–µ–º–±–æ–¥–∞ —Å–æ–¥–∞—Ñ —Å–∏–Ω—å —ç–∑–¥–∞ (–ö–∏—Ç–∞–µ–Ω—å —á—è–π –∫–æ—Ñ–∫—Å Camellia sinensis) –∫–∏—Ç–∞–µ–Ω—å —á–∞–π –∫–æ—Ñ–∫—Å—Å—å.
agentive-physical-object;['—Ç–µ—Ö–æ—Ä—å'];–¢–µ—Ö–æ—Ä—å ‚Äî –∞—Ñ –ø—è—à–∫—Å–µ–ø–µ–∏—è–≤ –ª–æ—Ñ—Ü–æ–Ω—å —Ç—Ä—è–π—Ö–Ω–µ–Ω—å —ç–∑–¥–∞ —Ñ–∫—è—Å—å –ª–∞—Ç–∏–Ω–æ–∫—Å Bradypodidae —Ç—ä–Ω–∞–ª—Å—Ç–∞.
agentive-physical-object;['–∫–∏—Ä—å—Ö–∫—Å'];–ö–∏—Ä—å—Ö–∫—Å - Passeridae —Ç—ä–Ω–∞–ª—Å—Ç–æ–Ω—å —ç–∑–¥–∞ —Ñ–∫—è—Å—å.
agentive-physical-object;['–∫–∞–ø—Å—Ç–∞', 'brassica oleracea'];–ö–∞–ø—Å—Ç–∞ - –∫–∞—Ñ—Ç–∞–∫–∏–∑–æ–Ω—å –∫–∞—Å—ã–∫—Å—Å—å, –≤–µ–ª–µ–Ω—å –∫—É–ª—å—Ç—É—Ä–∞—Å—å, –∫–∞–ø—Å—Ç–∞ —é—Ä–æ–º–æ–Ω–Ω–µ—Å—å.
agentive-physical-object;['–æ—Ä—Ö–∏—Å', 'aceras', 'orchis'];–û—Ä—Ö–∏—Å (–ª–∞—Ç–∏–Ω–æ–∫—Å Orchis) ‚Äî –û—Ä—Ö–∏–¥–µ—è —Ç—ä–Ω–∞–ª—Å—Ç–∞ –ø–∞–Ω—á—Ñ –∫–∞—Å—ã–∫—Å—Å—å.
agentive-physical-object;['–±–ª–µ—Ç–∏–µ', 'bletia'];–ë–ª–µ—Ç–∏–µ (–ª–∞—Ç–∏–Ω–æ–∫—Å Bletia) ‚Äî –û—Ä—Ö–∏–¥–µ—è —Ç—ä–Ω–∞–ª—Å—Ç–∞ –ø–∞–Ω—á—Ñ –∫–∞—Å—ã–∫—Å—Å—å.
agentive-physical-object;['–∫–∞–ª–∞–¥–µ–Ω–∏–µ', 'caladenia'];–ö–∞–ª–∞–¥–µ–Ω–∏–µ ‚Äî –û—Ä—Ö–∏–¥–µ—è —Ç—ä–Ω–∞–ª—Å—Ç–∞ –ø–∞–Ω—á—Ñ –∫–∞—Å—ã–∫—Å—Å—å.
agentive-physical-object;['—Ü–∏–º–±–∏–¥–∏—É–º', 'cymbidium'];–¶–∏–º–±–∏–¥–∏—É–º (–ª–∞—Ç–∏–Ω–æ–∫—Å Cymbidium) ‚Äî –û—Ä—Ö–∏–¥–µ—è —Ç—ä–Ω–∞–ª—Å—Ç–∞ –ø–∞–Ω—á—Ñ –∫–∞—Å—ã–∫—Å—Å—å.
agentive-physical-object;['–∫–∞–ª–∞–Ω—Ç–µ', 'calanthe'];–ö–∞–ª–∞–Ω—Ç–µ (–ª–∞—Ç–∏–Ω–æ–∫—Å Calanthe) ‚Äî –û—Ä—Ö–∏–¥–µ—è —Ç—ä–Ω–∞–ª—Å—Ç–∞ –ø–∞–Ω—á—Ñ –∫–∞—Å—ã–∫—Å—Å—å.
agentive-physical-object;['–¥—Ä–∞–∫–æ–Ω—Ç–∏–µ', '—ç–ª–æ–Ω–≥–∞—Ç–∏–µ', 'dracontia', 'elongatia'];–î—Ä–∞–∫–æ–Ω—Ç–∏–µ ‚Äî –û—Ä—Ö–∏–¥–µ—è —Ç—ä–Ω–∞–ª—Å—Ç–∞ –ø–∞–Ω—á—Ñ –∫–∞—Å—ã–∫—Å—Å—å.
agentive-physical-object;['–¥—Ä–∞–∫–æ–Ω—Ç–∏–µ', '—ç–ª–æ–Ω–≥–∞—Ç–∏–µ', 'dracontia', 'elongatia'];–≠–ª–æ–Ω–≥–∞—Ç–∏–µ (–ª–∞—Ç–∏–Ω–æ–∫—Å Elongatia) ‚Äî –û—Ä—Ö–∏–¥–µ—è —Ç—ä–Ω–∞–ª—Å—Ç–∞ –ø–∞–Ω—á—Ñ –∫–∞—Å—ã–∫—Å—Å—å.
agentive-physical-object;['–≤–∞—Ç—Ä–∞–∫—à'];–í–∞—Ç—Ä–∞–∫—à - —ë–º–ª–∞ –ø—É–ª–æ—Ñ—Ç–æ–º–∞—Å—å, —Å—è–¥–∞ –æ—Ü—é –≤–µ–¥—å—Å–∞-–∫–∞–ª–≥–æ–¥—å–∫—Å—Å–∞ —ç—Ä—è–π—Ö–Ω–µ–Ω—å –ø–æ–ª–≥–∞—Å—å.
agentive-physical-object;['–±—Ä–∞—Å—Å–∞–≤–æ–ª–∞', 'brassavola'];–ë—Ä–∞—Å—Å–∞–≤–æ–ª–∞ ( –ª–∞—Ç–∏–Ω–æ–∫—Å Brassavola) ‚Äî –û—Ä—Ö–∏–¥–µ—è —Ç—ä–Ω–∞–ª—Å—Ç–∞ –ø–∞–Ω—á—Ñ –∫–∞—Å—ã–∫—Å—Å—å.
agentive-physical-object;['—ç—Ä–∏–¥–µ—Å', 'aerides'];–≠—Ä–∏–¥–µ—Å (–ª–∞—Ç–∏–Ω–æ–∫—Å Aerides) ‚Äî –û—Ä—Ö–∏–¥–µ—è —Ç—ä–Ω–∞–ª—Å—Ç–∞ –ø–∞–Ω—á—Ñ –∫–∞—Å—ã–∫—Å—Å—å.
agentive-physical-object;['–∫–∞—Ç—Ç–ª–µ–µ', 'cattleya'];–ö–∞—Ç—Ç–ª–µ–µ ( –ª–∞—Ç–∏–Ω–æ–∫—Å Cattleya ) ‚Äî –û—Ä—Ö–∏–¥–µ—è —Ç—ä–Ω–∞–ª—Å—Ç–∞ –ø–∞–Ω—á—Ñ –∫–∞—Å—ã–∫—Å—Å—å.
agentive-physical-object;['–æ–Ω—Ü–∏–¥–∏—É–º', 'baptistonia', 'cyrtochilum', 'oncidium'];–û–Ω—Ü–∏–¥–∏—É–º (–ª–∞—Ç–∏–Ω–æ–∫—Å Oncidium) ‚Äî –û—Ä—Ö–∏–¥–µ—è —Ç—ä–Ω–∞–ª—Å—Ç–∞ –ø–∞–Ω—á—Ñ –∫–∞—Å—ã–∫—Å—Å—å.
agentive-physical-object;['–∫–æ–ª–æ—Ä–∞–¥–æ–Ω—å –±—É–∫–∞–Ω—è', 'leptinotarsa decemlineata', '–∫–æ–ª–æ—Ä–∞–¥–æ–Ω—å –±—É–∫–∞–Ω—è—Ç—å'];–ö–æ–ª–æ—Ä–∞–¥–æ–Ω—å –±—É–∫–∞–Ω—è - Leptinotarsa –±—É–∫–∞—Ç–Ω–µ–Ω—å —ç–∑–¥–∞ —Ñ–∫—è—Å—å.
agentive-physical-object;['—á–∞–≤–∫–∞', 'corvus monedula'];–ß–∞–≤–∫–∞ - –ª–∞—Ç.
agentive-physical-object;['–≤–µ–ª—å–≤–∏—á–∏—è', 'welwitschia mirabilis', '–¥–∏–≤–∞–Ω–¥–∞—Ñ—Ç—ã –≤–µ–ª—å–≤–∏—á–∏—è'];–î–∏–≤–∞–Ω–¥–∞—Ñ—Ç—ã –≤–µ–ª—å–≤–∏—á–∏—è (–ª–∞—Ç–∏–Ω–æ–∫—Å Welwitschia mirabilis) –ø—è–∫ –∫—É–Ω–∞—Ä–¥–æ–Ω—å –∫–∞—Å—ã–∫—Å, —Ç—è–Ω–∏–µ–Ω—å –ø–∏–Ω–≥—Å—Ç–∞ —Å–æ–Ω –∫–∞—Å—ã –∞–Ω—å—Ü–µ–∫ —Ñ–∫—è –∞–π–º–∞–∫—Å–∞, —à–∞–≤–º–æ–¥–∞—Å–∞ –ê—Ç–ª–∞–Ω—Ç–∏–∫–æ–Ω—å –æ—Ü—é–≤–µ–¥—å–∂–∏—Ä–µ—Å–∞, –ù–∞–º–∏–±–∏–µ—Å–∞ –¥–∏ –ê–Ω–≥–æ–ª–∞–Ω—å –ª—è–º–±–µ—à–∏—Ä–µ—Å–∞.
agentive-physical-object;['—á–∏–≤–≥–µ', 'viburnum opulus', '—á–∏–≤–≥–æ–∫—Å'];–ß–∏–≤–≥–µ –ú–æ–¥–∞—Ç—å –ª–∞–Ω–≥—Å–∞ –≤–∞—Å—å—Ñ–Ω–µ–≤–∏ 100-125 —á–∏–≤–≥–æ–Ω—å –≤–∏—Ç—Ç–∞.
agentive-physical-object;['—Ç—Ä–∞–∫—Å', 'bos primigenius taurus'];–¢—Ä–∞–∫—Å ‚Äî —Ä—è–º—à–∞–π—Ö–Ω–µ–Ω—å —Ä–∞–∫—à–∞—Ç–Ω–µ —Ñ–∏–Ω—Ü–ø–µ—Å—Ç—è—Ñ–Ω–µ–Ω—å —Ç—ä–Ω–∞–ª—Å—Ç–∞.
agentive-physical-object;['–¥–∂–∞–∫—Ñ—Ä—É—Ç', 'artocarpus heterophyllus'];–î–∂–∞–∫—Ñ—Ä—É—Ç
agentive-physical-object;['—É—Å—Ç—Ä–∏—Ü–µ–Ω—å –≤–µ—à–µ–Ω–∫–∞', 'pleurotus ostreatus', '–∫–∞—Å—Ñ—Ç—Ç–∞–º–∞ —É—Å—Ç—Ä–∏—Ü–æ–Ω—å –≤–µ—à–µ–Ω–∫–∞'];–£—Å—Ç—Ä–∏—Ü–µ–Ω—å –≤–µ—à–µ–Ω–∫–∞ - —à—É—Ñ—Ç–æ–Ω—å –ø–∞–∫–Ω–µ–Ω—å —ç–∑–¥–∞ —Ñ–∫—è—Å—å
agentive-physical-object;['–º–µ–Ω—Ç—é–∫'];–ú–µ–Ω—Ç—é–∫ ‚Äî –∫–∞–ª, –º–µ–Ω—Ç—é–∫–æ–Ω—å —Ç–Ω–∞–ª–æ–Ω–Ω–µ—Ç–Ω–µ–Ω—å —ç–∑–¥–∞ —Ñ–∫—è—Å—å.
agentive-physical-object;['–∏–Ω–¥–∏–µ–Ω—å –±—É–∫', 'milletia pinnata', 'pongamia pinnata'];–ò–Ω–¥–∏–µ–Ω—å –±—É–∫ –ª–æ–ø–∞–Ω—å –ø—Ä–∞—à–µ–Ω–¥—ã —à—É—Ñ—Ç—Ç–Ω–µ–Ω—å —ç–∑–¥–∞ —Ñ–∫—è—Å—å –∫—É—Ñ—Ç–æ–ª–æ—Ç—Ç–Ω–µ–Ω—å —Ç—ä–Ω–∞–ª—Å—Ç–∞, –∫–æ–Ω–∞—Ç–Ω–µ —Å–∞—à–µ–Ω–¥—ã—Ö—Ç—å –ò–Ω–¥–∏–µ—Å—Ç–∞, —Å–æ–Ω—å —Ç–∞–≥–∞ —Å–∏–¥–µ—Å—Ç–∞ –∫–∞—Å—Ñ–Ω–∏—Ö—Ç—å –ü–µ–ª–µ—à–∏–Ω—å-–®–∏—Å—Ç—è–º–∞ –ê–∑–∏–µ—Å–∞.
agentive-physical-object;['—Ç–∞–±–∞–∫–æ–Ω—å —à—É—Ñ—Ç–∞', 'nicotiana glauca'];–¢–∞–±–∞–∫–æ–Ω—å —à—É—Ñ—Ç–∞, –∏–ª—è–∫—Å –ü–∏–∂–µ–∑–µ —Ç–∞–±–∞–∫ ‚Äî –õ—è–º–±–µ—à–∏—Ä–µ–Ω—å –ê–º–µ—Ä–∏–∫–æ–Ω—å –ø—É—Ä—å–≥–æ–∫—Å–æ–Ω—å —Ç—ä–Ω–∞–ª—Å—Ç–∞ –∫–∞—Å—ã–∫—Å—Å—å.
agentive-physical-object;['–∫–∞—Ç–∞', 'felis silvestris catus'];–ö–∞—Ç–∞ - –∫—É–¥–æ–Ω—å –∫–∞—Ç–∞, –∏–ª—è Felidae-–¥–∞ –±–∞—à–∫–∞, —ë–º–ª–∞ –ø–æ–Ω–∞–≤ –≤–∞—Å—É –º–æ–ª—å—Ñ –ø–∞–ª–æ–Ω—å—è—Ä—Ö—Ü–∞–π –ª–æ—Ñ—Ü–∞–Ω—å —Ç—Ä—è–π—Å—å, –∫–æ–Ω–∞—Å—å –ø—è–∫ –ª–æ–º–∞–Ω—å—Ü–∞ –ø—è–∫ –∫–µ–ª—å–∫—Ñ —Å–æ–Ω—å —è–ª–≥–∞–∫—Å—à–∏–Ω–∫—Å–∞ –¥–∏ –∫—É–¥–æ–Ω—å —ë–º–ª–∞ –∫–æ–ª–∞–π —Ä–∞–∫—à–∞–¥–∞ –∞—Ä–∞–ª–∞–º–∞–Ω–∫—Å–∞.
agentive-physical-object;['—Ç—Ä–∞–∫—Å', 'bos primigenius taurus'];–¢—Ä–∞–∫—Å ‚Äî —Ä—è–º—à–∞–π—Ö–Ω–µ–Ω—å —Ä–∞–∫—à–∞—Ç–Ω–µ —Ñ–∏–Ω—Ü–ø–µ—Å—Ç—è—Ñ–Ω–µ–Ω—å —Ç—ä–Ω–∞–ª—Å—Ç–∞.
agentive-physical-object;['—Ç—É—Ç–∫–∞'];–¢—É—Ç–∫–∞ ‚Äî –∫–∞–ª, —Å–∞–∑–∞–Ω–æ–Ω—å —Ç–Ω–∞–ª–æ–Ω–Ω–µ—Ç–Ω–µ–Ω—å —ç–∑–¥–∞ —Ñ–∫—è—Å—å.
agentive-physical-object;['—Å–∏–≥–∞–ª'];–°–∏–≥–∞–ª ‚Äî –æ—Ü—é –ª–æ—á—Ñ—Ç–æ–º–∞ –∫–∞–ª, —Å–∏–≥–∞–ª–æ–Ω—å —Ç–Ω–∞–ª–æ–Ω–Ω–µ—Ç–Ω–µ–Ω—å —ç–∑–¥–∞ —Ñ–∫—è—Å—å.
agentive-physical-object;['–±–∞–±—Ä–∏', 'panthera tigris'];–ë–∞–±—Ä–∏ - –æ—Ü—é —Ä—è–≤—Å—å –∫–∞—Ç–∞–Ω—å —Ç–Ω–∞–ª—Å—Ç–∞.
agentive-physical-object;['–æ—Ä–∫—Å–æ—Ñ—Ç–∞', 'panthera leo'];–û—Ä–∫—Å–æ—Ñ—Ç–∞ (–ª–∞—Ç–∏–Ω–æ–∫—Å Panthera leo) - —Ä—è–≤—Å—å Felidae —é—Ä—Å—Ç–∞, —Ñ–∫—è –Ω–∏–ª–µ "–æ—Ü—é –∫–∞—Ç–∞—Å—Ç–∞" Panthera —Å–∏–º–∞–Ω–∫—Å—Å–∞.
agentive-physical-object;['–∫–∞–º–±—Ä–∞–∑–≥–∞–ª', 'cyprinus carpio'];–ö–∞–º–±—Ä–∞–∑–≥–∞–ª ‚Äî –∫–∞–ª, –∫–∞–º–±—Ä–∞–∑–≥–∞–ª–æ–Ω—å —Ç–Ω–∞–ª–æ–Ω–Ω–µ—Ç–Ω–µ–Ω—å —ç–∑–¥–∞ —Ñ–∫—è—Å—å.
agentive-physical-object;['–∞–∫—à–∞ –∫–∞–ª—å', 'salix alba'];–ê–∫—à–∞ –∫–∞–ª—å (–ª–∞—Ç–∏–Ω–æ–∫—Å Salix alba . —Ä—É–∑–∫—Å –±–µ–ª–∞—è –∏–≤–∞) ‚Äì –æ—Ü—é —à—É—Ñ—Ç–∞, –∫–∞—Å—ã –ª—è–π—Ö–Ω–µ–Ω—å —Ç—Ä–≤–∞–≤–∞, –ª–æ—Ç–∫–æ–≤–∞, –ª–∞—à–º–æ–≤–∞.
agentive-physical-object;['—Å–∏–Ω–¥–µ–≤–∏ –∫–∞–ª—å', 'salix fragilis'];–°–∏–Ω–¥–µ–≤–∏ –∫–∞–ª—å - —à—É—Ñ—Ç–∞ —Å–µ—Ä–µ—Å 15-20 –º–µ—Ç—Ä–∞, –∏ —ç—á–∫—Å 1 –º.
agentive-physical-object;['–æ—Ñ—Ç–∞'];–û—Ñ—Ç–∞ - Ursidae —Ç—ä–Ω–∞–ª—Å—Ç–∞ —Ä—è—Ñ—Å—å.
agentive-physical-object;['–∞–Ω–≥—É–ª–æ–∞', 'anguloa'];–ê–Ω–≥—É–ª–æ–∞ (–ª–∞—Ç–∏–Ω–æ–∫—Å Anguloa) ‚Äî –û—Ä—Ö–∏–¥–µ—è —Ç—ä–Ω–∞–ª—Å—Ç–∞ –ø–∞–Ω—á—Ñ –∫–∞—Å—ã–∫—Å—Å—å.
agentive-physical-object;['—Ç—Ä–∞–Ω–∑–∏'];–¢—Ä–∞–Ω–∑–∏ ‚Äî —ç—Ä—å –∫–æ–¥–∞–º–∞ –Ω–∞—Ä–º–æ–Ω—å —Ç—Ä–∞–Ω–∑–∏–µ–Ω—å —Ç—ä–Ω–∞–ª—Å—Ç–∞, –∫–æ–∑–∞ —Å—É–≤—Å–∏—Ö—Ç—å 60 –Ω–∞—Ä–º–æ–Ω–µ–Ω—å –∫–∞–ª–æ–ø—Ç.
agentive-physical-object;['–∏–Ω–¥–∏–µ–Ω—å –ª–æ—Ç–æ—Å', 'nelumbo nucifera'];–ò–Ω–¥–∏–µ–Ω—å –ª–æ—Ç–æ—Å –∏–ª—è–∫—Å –ª–æ—Ç–æ—Å–æ–Ω—å –ø–∞–Ω—á—Ñ - –ò–Ω–¥–∏–µ—Å—Ç–∞ –ª–æ—Ç–æ—Å—Å—å, –º—è–ª—å—Å—Ç—É—à–µ–Ω–¥—ã –º–∏—Å—Ç–∏–∫–æ–Ω—å –≤–µ–¥–µ–Ω—å –∫–∞—Å—ã–∫—Å—Å—å —É–ª–µ–∑–∞-–ø–∏–∂–µ –∞–ø–∞–∫ –Ω–∞—á—Ñ—Ç—Ç –ª–æ–ø–∞–Ω—å —ç–¥–∏ —Ä–æ–∑–∞–Ω—å –ø–∞–Ω—á—Ñ–æ–Ω—å –º–∞—Ä—Ö—Ç–∞.
agentive-physical-object;['–∫—à–∏–Ω—å —à—É—Ñ—Ç–∞', 'artocarpus altilis'];–ö—à–∏–Ω—å —à—É—Ñ—Ç–∞
agentive-physical-object;['–≤–µ–Ω—å–¥—Ä—è–≤', 'chiroptera'];–í–µ–Ω—å–¥—Ä—è–≤ - –∫–µ–¥—å–º–µ–ª–∞—Ñ–Ω–µ–Ω—å —ç–∑–¥–∞ —Ñ–∫—è—Å—å.
agentive-physical-object;['–ø–æ—é'];–ü–æ—é -
agentive-physical-object;['–≥—Ä—É—à–∞–∫—Å', '–≥—Ä—É—à–∞', '–¥—É–ª—è–∫—Å', 'pyrus', '–¥—É–ª—è'];–ì—Ä—É—à–∞–∫—Å - —Ä–æ–∑–∞–Ω—å —Ç—ä–Ω–∞–ª—Å—Ç–æ–Ω—å —à—É—Ñ—Ç—Ç–Ω–µ–Ω—å —ç–¥–∏ –ø—è–ª–µ –∫–æ—Ñ–∫—Å–Ω–µ–Ω—å —ç–∑–¥–∞ —Ñ–∫—è—Å—å.
agentive-physical-object;['–º–∞—Ä–∞–Ω–≥', 'artocarpus odoratissimus', '—Ç–∞—Ä–∞–ø'];–ú–∞—Ä–∞–Ω–≥ —ç–ª–∏ —Ç–∞—Ä–∞–ø (–ª–∞—Ç–∏–Ω–æ–∫—Å Artocarpus odoratissimus), –∫–æ–Ω–∞—Å—å —Å–∞—Å—å –ë–æ—Ä–Ω–µ–æ —Ü—ë–Ω–≥–∞—Å—Ç–∞ (–ò–Ω–¥–æ–Ω–µ–∑–∏–µ), –∏–Ω—Ç–∞–π —Å–æ–Ω—å –∫–∞—Å—Ñ—Ç—Å–∞–∑—å —Å—Ç–∞–Ω–µ –∏–Ω–∞ —à–∞–±—Ä–∞ –º–∞—Å—Ç–æ—Ä–≥–∞ (–ú–∞–ª–∞–π–∑–∏–µ—Å–∞, –¢–∞–∏–ª–∞–Ω–¥—Å–∞, –§–∏–ª–µ–ø–∏—Ç—Ç–Ω–µ—å —ç—Å–∞).
agentive-physical-object;['–∫–∞–ª–∏–ø—Å–æ', 'calypso'];–ö–∞–ª–∏–ø—Å–æ ‚Äî –û—Ä—Ö–∏–¥–µ—è —Ç—ä–Ω–∞–ª—Å—Ç–∞ –ø–∞–Ω—á—Ñ –∫–∞—Å—ã–∫—Å—Å—å.
agentive-physical-object;['–º–∞–∫—Å–∞–∫–∞', 'cricetinae'];–ú–∞–∫—Å–∞–∫–∞ –∫–∞–ª–≥–∞–π—Ö–Ω–µ–Ω—å —ç–∑–¥–∞ —Ñ–∫—è—Å—å, Cricetinae —Ç—ä–Ω–∞–ª–∞–ª—Å—Ç–∞.
agentive-physical-object;['–ª–∞–π–º–µ', 'prunus avium', 'prunus padus'];–õ–∞–π–º–µ - –∞—Ñ —Å–µ—Ä–∏ —à—É—Ñ—Ç—Ç–Ω–µ–Ω—å —ç–∑–¥–∞ —Ñ–∫—è—Å—å, —Ç–æ—Ä–ª–∞ —é—Ä–æ–º–æ–Ω–Ω–µ—Å—å, —Ä–æ–∑–∞–Ω—å —Ç—ä–Ω–∞–ª—Å—Ç–∞.
agentive-physical-object;['—ë—Ä'];–Å—Ä - –º–∞—Ä—Å—Ç–æ–Ω—å –ª–µ–º—Å—å –º—ä–∑—è—Ä–æ—à–∫–∞ –Ω–∞—Ä–º–æ–Ω–µ–Ω—å –∫–∞–ª–æ–ø–Ω–µ–Ω–¥–∏.
agentive-physical-object;['—à—É–≤–∞—Ä–±–µ–∫', 'gobio gobio'];–®—É–≤–∞—Ä–±–µ–∫ ‚Äî –∫–∞–ª, —Å–∞–∑–∞–Ω–æ–Ω—å —Ç–Ω–∞–ª–æ–Ω–Ω–µ—Ç–Ω–µ–Ω—å —ç–∑–¥–∞ —Ñ–∫—è—Å—å.
agentive-physical-object;['—è–∫—Å—è—Ä–≥–∞'];–Ø–∫—Å—è—Ä–≥–∞ -
agentive-physical-object;['–∫–æ–π–æ—Ç', 'canis latrans'];–ö–æ–π–æ—Ç ‚Äî –ª–æ—Ñ—Ü–∞–Ω—å —Ç—Ä—è–π —Ä—è—Ñ—Å—å –ø–∏–Ω–µ—Ç–∏ –º–∞–ª–∞–¥—ã—Ö–Ω–µ–Ω—å —Ç—ä–Ω–∞–ª—Å—Ç–∞.
agentive-physical-object;['–ª–∏—à–º–µ', 'equus caballus', 'equus ferus caballus', '–∞–ª–∞—à–∞'];–õ–∏—à–º–µ - —Ä–∞–∫—à–∞—Å—å –∞—Ñ—Ñ–∏–Ω—Ü–ø–µ—Å—Ç—è–≤–Ω–µ–Ω—å —Ç—ä–Ω–∞–ª—Å—Ç–∞.
agentive-physical-object;['–Ω—É–º–æ–ª'];–ù—É–º–æ–ª - –Ω—É–º–æ–ª–æ–Ω—å —Ç—ä–Ω–∞–ª–æ–Ω—å —ç–∑–¥–∞ —Ñ–∫—è—Å—å.
agentive-physical-object;['–ª–µ–Ω–≥–∞—Ä—å', 'bufonidae'];–õ–µ–Ω–≥–∞—Ä—å - —ë–º–ª–∞ –ø—É–ª–æ—Ñ—Ç–æ–º–∞—Å—å, –≤–µ–¥—å—Å–∞-–∫–∞–ª–≥–æ–¥—å–∫—Å—Å–∞ —ç—Ä—è–π—Ö–Ω–µ–Ω—å –ø–æ–ª–≥–∞—Å—Ç–∞ —Ñ–∫—è—Å—å.
agentive-physical-object;['–∫–∞–∂–∑–µ–µ–ª—å'];–ö–∞–∂–∑–µ–µ–ª—å ‚Äî –∫–∞–ª–≥–∞–π—Ö–Ω–µ–Ω—å —ç–∑–¥–∞ —Ñ–∫—è—Å—å.
agentive-physical-object;['–∏–Ω–µ–∑–∏', 'rubus idaeus'];–ò–Ω–µ–∑–∏ - —Ä–æ–∑–∞–Ω—å —Ç—ä–Ω–∞–ª—Å—Ç–æ–Ω—å –ø—è–ª–µ –∫–æ—Ñ–∫—Å–Ω–µ–Ω—å —ç–∑–¥–∞ —Ñ–∫—è—Å—å.
agentive-physical-object;['–≤–µ–¥—å–≥–∞–∑'];–í–µ–¥—å–≥–∞–∑ ‚Äî –∫–∞–ª, –≤–µ–¥—å–≥–∞–∑–æ–Ω—å —Ç–Ω–∞–ª–æ–Ω–Ω–µ—Ç–Ω–µ–Ω—å —ç–∑–¥–∞ —Ñ–∫—è—Å—å.
agentive-physical-object;['–Ω–∞—Ä–º–æ–Ω—å', 'aves'];–ù–∞—Ä–º–æ–Ω—å (–ª–∞—Ç–∏–Ω–æ–∫—Å Aves) ‚Äî —Ç–æ–ª–≥–∞–≤, –ª—è–º–±–µ–≤–µ—Ä–æ–Ω—å, –∞–ª–æ–Ω—å –Ω–∞—Ä–≤–∞–π, –∫–∞—Ä—è–∑—É, –∫–∞—Ñ—Ç–∞ –ø–∏–ª—å–≥–æ–Ω—å —Ä–∞–∫—à–∞—Ç–Ω–µ–Ω—å —ç–∑–¥–∞ —Ñ–∫—è—Å—å, –∫–æ–Ω–∞–Ω—å –∏–Ω–≥–æ–ª—å–¥–µ–Ω—å –ø–∏–ª—å–≥–æ–Ω–∑–∞ –∞—â–∏—Ö—Ç—å –ø–∞—Ü—è—Ç.
agentive-physical-object;['–Ω–∏–ª–µ –ª–æ–ø–∞–Ω—å –º–∞—Ä—Å–∏–ª–∏—è', 'marsilea quadrifolia'];–ù–∏–ª–µ –ª–æ–ø–∞–Ω—å –º–∞—Ä—Å–∏–ª–∏—è - –Ω–∏–ª–µ –ø–∞—Ü—è –ª–æ–ø–∞–Ω—å –º–∞—Ä—Ö—Ç–∞ –∫–∞—Å—ã–∫—Å—Å—å –∫–∞—Ä—ë–ª–∫—Å–æ–Ω–Ω–µ—Ç–Ω–µ–Ω—å —Ç—ä–Ω–∞–ª—Å—Ç–∞.
agentive-physical-object;['—à–µ–µ—Ä–æ–Ω—å –∫–∞—Ä—å–∫—Å', 'convolvulus arvensis'];–®–µ–µ—Ä–æ–Ω—å –∫–∞—Ä—å–∫—Å –ø–∞–∫—Å—è–Ω—å ‚Äì Convolvulus arvensis ‚Äì –ª–∞–º–∞–∫–∏–∑–æ–Ω—å —Ç–∏—à–µ–Ω—å –∫–æ–Ω–¥—è–º –∫–∞—Å—ã, –ª—É–≤–æ–Ω–¥–æ–≤–∏ —à–µ–µ—Ä–æ–Ω—å –∫–∞—Ä—å–∫—Å–æ–Ω–Ω–µ—Ç–Ω–µ–¥–∏ ‚Äì Convolvulaceae.
agentive-physical-object;['–∫—É–Ω–µ'];–ö—É–Ω–µ —Ä—è–≤—Å—å —à–∏–Ω–µ–º–æ–Ω—å —Ç—ä–Ω–∞–ª—Å—Ç–∞.
agentive-physical-object;['—É—á–∞', 'ovis aries'];–£—á–∞ - –ª–∞—Ç.
agentive-physical-object;['–≤–∞–∑'];–í–∞–∑ -
agentive-physical-object;['–∫–∞–∂–∑–µ–µ–ª–µ–Ω—å –ø–∞–ª—å–º–∞', 'rhapidophyllum hystrix'];–ö–∞–∂–∑–µ–µ–ª–µ–Ω—å –ø–∞–ª—å–º–∞ - —Ñ–∫—è –∞–∂–∞ Rhapidophyllum —é—Ä—Å—Ç–∞ —Å–æ—Ä—Ç—Å—å, —Å–µ–º–±–æ–¥–∞ —è–∫—à–∞–º–∞ –∫–∏—Ä–¥–∏ –ø–∞–ª—å–º–∞—Ç–Ω–µ–Ω—å —ç–∑–¥–∞ —Ñ–∫—è—Å—å.
amount-of-matter;['–≤–µ–¥—å', 'h‚ÇÇo'];–í–µ–¥—å (–≤–µ–¥—å—à–∞—á—Ñ—Ç—ã–µ–Ω—å –æ–∫—Å–∏–¥–∏—Å—å ‚Äî –∫–∏–º–∏–µ–Ω—å –Ω–∞–π–±—è–ª—å—Å—å, —Ç–∞–Ω—å—Ñ—Ñ—Ç–æ–º–∞, —Ç—é—Å—Ñ—Ç–æ–º–∞, —à–∏–Ω–µ—Ñ—Ç–æ–º–∞ –≤–∞–ª–¥–∞ —à–æ–Ω–≥–∞—Ä–∫—Å—Å—å (—Å—Ç–∞–Ω–¥–∞—Ä—Ç–æ–Ω—å –∞—â–µ–º–∞—Å–∞).
amount-of-matter;['–º–∞–Ω–≥–∞–Ω–∏', 'mn'];–ú–∞–Ω–≥–∞–Ω–∏ - –±–æ–∫—Å—Ç–æ–Ω—å —Å—É–±–≥—Ä—É–ø–ø–∞—Å—Ç–æ–Ω—å, –Ω–∏–ª–µ—Ü–µ –ø–µ—Ä–∏–æ–¥–æ–Ω—å –∫–∏–º–∏–µ–Ω—å —ç–ª–µ–º–µ–Ω—Ç—Å—å,–∞—Ç–æ–º–æ–Ω—å –Ω–æ–º–µ—Ä–æ—Ü 25.
amount-of-matter;['–º–∞–≥–Ω–µ–∑—å', 'mg'];–ú–∞–≥–Ω–µ–∑—å ‚Äî –ø—Ä—è —Å—É–±–≥—Ä—É–ø–ø–∞—Å—Ç–æ–Ω—å, –æ–º–±–æ—Ü–µ –≥—Ä—É–ø–ø–∞—Å—Ç–æ–Ω—å, –∫–æ–ª–º–æ—Ü–µ –ø–µ—Ä–∏–æ–¥–æ–Ω—å –∫–∏–º–∏–µ–Ω—å —ç–ª–µ–º–µ–Ω—Ç—Å—å, –∞—Ç–æ–º–æ–Ω—å –Ω–æ–º–µ—Ä–æ—Ü 12.
amount-of-matter;['–∞–Ω—Ç–∏–º–æ–Ω–∞', 'sb'];–ê–Ω—Ç–∏–º–æ–Ω–∞ ‚Äî –ø—Ä—è —Å—É–±–≥—Ä—É–ø–ø–∞—Å—Ç–æ–Ω—å, –≤–µ—Ç–µ—Ü–µ –≥—Ä—É–ø–ø–∞—Å—Ç–æ–Ω—å, –≤–µ—Ç–µ—Ü–µ –ø–µ—Ä–∏–æ–¥–æ–Ω—å –∫–∏–º–∏–µ–Ω—å —ç–ª–µ–º–µ–Ω—Ç—Å—å, –∞—Ç–æ–º–æ–Ω—å –Ω–æ–º–µ—Ä–æ—Ü 51.
amount-of-matter;['–ø–∞–ª—ã–∫–∞–Ω–¥–æ—Ä', 'p'];–ü–∞–ª—ã–∫–∞–Ω–¥–æ—Ä ‚Äî —Å–µ–º–±–æ–¥–∞ —Å–∏–¥–µ—Å—Ç–∞ –ú–æ–¥–∞—Å–∞ –≤–∞—Å—å—Ñ–Ω–µ–≤–∏ –∫–∏–º–∏–µ–Ω—å —ç–ª–µ–º–µ–Ω—Ç—Ç–Ω–µ–Ω—å —ç–∑–¥–∞ —Ñ–∫—è—Å—å.
amount-of-matter;['—à–∞–ø–∞—Ñ–Ω–∏', '—à–∞–ø–∞–º', 'o'];–®–∞–ø–∞—Ñ–Ω–∏ ‚Äî –ø—Ä—è —Å—É–±–≥—Ä—É–ø–ø–∞—Å—Ç–æ–Ω—å, –∫–æ—Ç–æ–Ω—å –≥—Ä—É–ø–ø–∞—Å—Ç–æ–Ω—å, –æ–º–±–æ—Ü–µ –ø–µ—Ä–∏–æ–¥–æ–Ω—å –∫–∏–º–∏–µ–Ω—å —ç–ª–µ–º–µ–Ω—Ç—Å—å, –∞—Ç–æ–º–æ–Ω—å –Ω–æ–º–µ—Ä–æ—Ü 8.
amount-of-matter;['–≤–µ–¥—å—à–∞—á—Ñ—Ç—ã', 'h'];–í–µ–¥—å—à–∞—á—Ñ—Ç—ã ‚Äî –≤–∞—Å–µ–Ω—Ü–µ –∫–∏–º–∏–µ–Ω—å —ç–ª–µ–º–µ–Ω—Ç—Å—å –ø–µ—Ä–∏–æ–¥–æ–Ω—å —Å–∏—Å—Ç–µ–º—Å–∞.
amount-of-matter;['–≤–∞–ª–¥–∞–∫–∏–≤–∏', 'sn'];–í–∞–ª–¥–∞–∫–∏–≤–∏ ‚Äî –ø—Ä—è —Å—É–±–≥—Ä—É–ø–ø–∞–Ω—å –Ω–∏–ª–µ—Ü–µ –≥—Ä—É–ø–ø–∞–Ω—å, –≤–µ—Ç–µ—Ü–µ –ø–µ—Ä–∏–æ–¥–æ–Ω—å —ç–ª–µ–º–µ–Ω—Ç—Å—å, –∞—Ç–æ–º–æ–Ω—å –Ω–æ–º–µ—Ä–æ—Ü 50.
amount-of-matter;['–∫–∏–≤–∏', 'pb'];–ö–∏–≤–∏ - —Å—Ç–∞–∫–∞, –ª—è–ø–µ, —Å–µ–Ω–µ–º–∞–∑–∞ —É–ª–µ –∫—à–Ω–∏ –∞—Å—É –ª–∞–º–∞ —à—è–Ω—è—Ñ–∫—Å—Å–∞ –¥–∏ –±–∞—Ç–∞—Ä–µ—è—Å–∞.
amount-of-matter;['–∑–∏—Ä–Ω—è'];–ó–∏—Ä–Ω—è - –∫–∏–º–∏–µ–Ω—å —ç–ª–µ–º–µ–Ω—Ç—Å—å, –∞—Ç–æ–º–æ–Ω—å –Ω–æ–º–µ—Ä–æ—Ü 79.
amount-of-matter;['—Å—É–ª—è–º–∞', 'as'];–°—É–ª—è–º–∞ ‚Äî –∫–∏–º–∏–µ–Ω—å —ç–ª–µ–º–µ–Ω—Ç—Å—å, –∞—Ç–æ–º–æ–Ω—å –Ω–æ–º–µ—Ä–æ—Ü 33.
amount-of-matter;['–ª–æ—Ñ—Ü–∞'];–õ–æ—Ñ—Ü–∞ ‚Äî –∞–∫—à–∞ –≤–µ–¥—Å—å, –ª–æ—Ñ—Ü–∞–µ–Ω—å —Ç—Ä—è–µ–Ω—å –≤–∞—Å–µ–Ω—Ü–µ —è—Ä—Ö—Ü–∞–º–±—è–ª—å—Å—å, –∫–æ–Ω–∞—Å–∞ —Å–∏–Ω—å –∞–≤–∞–∫–∞—Ç–Ω–µ –∞–Ω–¥—Å–∞–∑—å.
amount-of-matter;['—Å–µ–¥–µ–ª—å', 'c'];–°–µ–¥–µ–ª—å ‚Äî –ø—Ä—è —Å—É–±–≥—Ä—É–ø–ø–∞—Å—Ç–æ–Ω—å, –Ω–∏–ª–µ—Ü–µ –≥—Ä—É–ø–ø–∞—Å—Ç–æ–Ω—å, –æ–º–±–æ—Ü–µ –ø–µ—Ä–∏–æ–¥–æ–Ω—å –∫–∏–º–∏–µ–Ω—å —ç–ª–µ–º–µ–Ω—Ç—Å—å, –ª—É–≤–æ–Ω—å –Ω–æ–º–µ—Ä–æ—Ü 6.
amount-of-matter;['–ª–æ—Ñ—Ü–∞'];–õ–æ—Ñ—Ü–∞ ‚Äî –∞–∫—à–∞ –≤–µ–¥—Å—å, –ª–æ—Ñ—Ü–∞–µ–Ω—å —Ç—Ä—è–µ–Ω—å –≤–∞—Å–µ–Ω—Ü–µ —è—Ä—Ö—Ü–∞–º–±—è–ª—å—Å—å, –∫–æ–Ω–∞—Å–∞ —Å–∏–Ω—å –∞–≤–∞–∫–∞—Ç–Ω–µ –∞–Ω–¥—Å–∞–∑—å.
biological-object;['–ª–æ–º–∞–Ω–µ–Ω—å —Ä–æ–Ω–≥–∞'];–õ–æ–º–∞–Ω–µ–Ω—å —Ä–æ–Ω–≥–∞ —Ç—è –º–∞—Ä–Ω–µ–∫ –ª–æ–º–∞–Ω–µ–Ω—å –æ—Ä–≥–∞–Ω–∏–∑–º–∞–Ω—å —Å—Ç—Ä—É–∫—Ç—É—Ä–∞—Å—å, –∫–æ–Ω–∞—Ü –∞—â–∏ –ø—Ä—è–Ω—å, –∫—ä—Ä–≥–∞–Ω—å, —à–æ—Ç–æ–Ω—å, –∫–∞—Ñ—Ç–∞ –∫—è–¥–µ–Ω—å —ç–¥–∏ –∫–∞—Ñ—Ç–∞ –ø–∏–ª—å–≥–æ–Ω—å —ç–∑–¥–∞.
biological-object;['–º–∞—Ä—å', '–º–∞—Ä'];–ú–∞—Ä—å ‚Äî –º–∞—Ä–ª—é–Ω—å —Å–∏–≤–æ–Ω—å –∏–º–æ–∂—Å—å, –∫–æ–Ω–∞—Å—å —Ç–∞–≥–∞ –º–æ–ª–∏ –ª–∞–º–∞ —è—Ä—Ö—Ü–∞–º–±—è–ª—å—Å.
classification-system;['–∫–æ–≤–≥—è—Ä—å–∫—Å—Å—å'];–ö–æ–≤–≥—è—Ä—å–∫—Å —Ç—è —à–∏—Ç–Ω–µ–Ω—å –∞—Ä–∞—Ñ–Ω–µ–º–∞—Å—å –ª–æ–º–∞–Ω–µ–Ω—å —Ç—ä–Ω–∞–ª–æ–Ω—å, –∫–æ–π–≥–æ–Ω—å, –∫–æ—à–∞—Ä–¥–æ–º–∞–Ω—å —ç–ª–∏ —Ç–µ–≤–æ–Ω—å —Ç—É—Ñ—Ç–∞–ª–æ–Ω–∫—Å–∞.
cognitive-modal-description;['—Ñ–∞—à–∏–∑–º–∞'];–§–∞—à–∏–∑–º–∞ (–∏—Ç–∞–ª–∏–µ–Ω—å ‚Äò—Ñ–∞—à–∏‚Äô –≤–∞–ª—Å—Ç–∞ ‚Äì ‚Äò–ø—É—Å–º–∞‚Äô) –ø–æ–ª–∏—Ç–∏–∫–∞–Ω—å —ë–Ω –Ø–≤—Ä–æ–ø–∞—Å–∞ 1930 –∫–∏–∑–æ—Å–∞, –∫–æ—Å–∞ –∏–Ω–µ—Ä—è–≤–∏–∫—Å–æ–∫—Å –ª—É–≤–æ–≤—Å—å –ø–∞—Ä—Ç–∏—è, –ø—É—Ä–æ–º–∫—Å, –∞–Ω—å—Ü–µ–∫ –∞—Ñ —Ç–∏—Ñ—Ç–µ–Ω—å –ª–æ–º–∞—Ç–Ω–µ.
functional-matter;['–ø–æ—á—Ñ'];–ü–æ—á—Ñ - —Ç–æ–∑–µ—Ä–æ–Ω—å —ç–ª–∏ –∏–ª—è –≤–∏–¥—å–º–æ–Ω—å, —é—Ä–æ–Ω—å —à–æ–≤–∞—Ñ–∫—Å—Å—å.
functional-matter;['–º–µ–¥—å'];–ú–µ–¥—Å—å ‚Äì –º–æ–∫—à—ç—Ä–∑—è—Ç–Ω–µ–Ω—å –∫—É–Ω–∞—Ä–¥–æ–Ω—å –ø–∏–Ω–≥–æ–Ω—å —Ç–æ–Ω–∞—Ç—ã —è—Ä—Ö—Ü–∞–º–±—è–ª—å—Å–Ω–∞.
functional-matter;['–∑–∞—Ö–∞—Ä'];–ó–∞—Ö–∞—Ä ‚Äî –ª–∞–º–±–∞–º–∞ —Ç–∞–Ω—å—Ñ —Å–∏–≤–æ–Ω—å –∫–µ–≤–µ–π—à–∫–∞ —Å–µ–¥–µ–ª—å–≤–µ—Ç—Ç–Ω–µ, –∞—â–∏—Ö—Ç—å —Å—É–∫—Ä–æ–∑–∞–¥–∞, –ª–∞–∫—Ç–æ–∑–∞–¥–∞ –¥–∏ —Ñ—Ä—É–∫—Ç–æ–∑–∞–¥–∞.
functional-matter;['–ª–æ—Ñ—Ü–∞'];–õ–æ—Ñ—Ü–∞ ‚Äî –∞–∫—à–∞ –≤–µ–¥—Å—å, –ª–æ—Ñ—Ü–∞–µ–Ω—å —Ç—Ä—è–µ–Ω—å –≤–∞—Å–µ–Ω—Ü–µ —è—Ä—Ö—Ü–∞–º–±—è–ª—å—Å—å, –∫–æ–Ω–∞—Å–∞ —Å–∏–Ω—å –∞–≤–∞–∫–∞—Ç–Ω–µ –∞–Ω–¥—Å–∞–∑—å.
functional-matter;['–º–æ–¥–∞–º–∞—Ä—å', 'solanum tuberosum'];–ú–æ–¥–∞–º–∞—Ä—å ‚Äî –ª–∞–º–∞–∫–∏–∑–æ–Ω—å –∫–∞—Å—ã–∫—Å—Å—å –ø—É—Ä—å–≥–æ–∫—Å–æ–Ω–Ω–µ–Ω—Ç–Ω–µ–Ω—å —é—Ä–æ–º—Å—Ç–∞, —Å–æ–Ω—å –º–æ–¥–∞–Ω—å –º–∞—Ä–µ–Ω–∑–∞ –ø—è–∫ —ç—Ä—è–≤–∏–∫—Å —è—Ä—Ö—Ü–∞–º–±—è–ª—å.
functional-matter;['—ç–π'];–≠–π ‚Äî –≤–µ–¥—Å—å –∫–∞–ª–≥–æ–¥–∞ –∞–≥—Ä–µ–≥–∞—Ç–æ–Ω—å –∞—â–µ–º–∞—Å–∞, –º–∏–Ω–µ—Ä–∞–ª—Å—å.
functional-matter;['–ø—É—à—Ç—Ñ –∞–ª—Ö—Ç'];–ü—É—à—Ç—Ñ –∞–ª—Ö—Ç ‚Äî –º–æ–∫—à–µ–Ω—å —ç–¥–∏ —è–≤—Ä–æ–ø–∞–Ω—å —è—Ä—Ö—Ü–∞–º–±—è–ª—Å—å, –∫–æ–Ω–∞—Å—å —Ç–∏–µ–≤–∏ –∞–ª—Å—Ç–∞ –ø–∞—á–∫–∞–ª–≥–∞—Å–∞.
functional-matter;['–ø–æ—á—Ñ'];–ü–æ—á—Ñ - —Ç–æ–∑–µ—Ä–æ–Ω—å —ç–ª–∏ –∏–ª—è –≤–∏–¥—å–º–æ–Ω—å, —é—Ä–æ–Ω—å —à–æ–≤–∞—Ñ–∫—Å—Å—å.
functional-matter;['–∫—à–∏'];–ö—à–∏ - —è—Ä—Ö—Ü–∞–º–±—è–ª—Å—å –∫–æ–Ω–∞—Å—å —Ç–∏–µ–≤–∏ –ø–æ—á—Ñ—Å—Ç–∞ —ç–¥–∏ –≤–µ–¥—å—Å—Ç–∞.
functional-matter;['—ç–π–Ω—è'];–≠–π–Ω—è - —ç–π–Ω–¥–∞—Ñ –ª–∞–º–±–∞–º–∞ —è—Ä—Ö—Ü–∞–º–±—è–ª—å—Å—å –ª–æ—Ñ—Ü—Å—Ç–∞ –¥–∏ –ª–∞–Ω–≥—Å—Ç–∞, —Å–∏–¥–µ—Å—Ç–∞ –∏–º–æ–∂, –∑–∞—Ö–∞—Ä, —Ç–∞–Ω—Ü—Ç–∏ –ø–µ—Ç—å–∫—Å –º–∞—Ä—Ö—Ç–∞.
functional-matter;['–º–∞—Ä—å', '–º–∞—Ä'];–ú–∞—Ä—å ‚Äî –º–∞—Ä–ª—é–Ω—å —Å–∏–≤–æ–Ω—å –∏–º–æ–∂—Å—å, –∫–æ–Ω–∞—Å—å —Ç–∞–≥–∞ –º–æ–ª–∏ –ª–∞–º–∞ —è—Ä—Ö—Ü–∞–º–±—è–ª—å—Å.
functional-matter;['–ª–∞–º–±–∞—Ñ—Ç–æ–º–∞'];–õ–∞–º–±–∞—Ñ—Ç–æ–º–∞ - –ª–∞–º–±–∞–º–∞ –ø–æ—á—Ñ—Å—å, —è–∂–∞—Ñ—Ç–æ–≤–∏ —Ä–æ–∑—å—Å—Ç–∞, —à—É–∂—Å—Ç–∞.
functional-matter;['–ª–æ—Ñ—Ü–∞'];–õ–æ—Ñ—Ü–∞ ‚Äî –∞–∫—à–∞ –≤–µ–¥—Å—å, –ª–æ—Ñ—Ü–∞–µ–Ω—å —Ç—Ä—è–µ–Ω—å –≤–∞—Å–µ–Ω—Ü–µ —è—Ä—Ö—Ü–∞–º–±—è–ª—å—Å—å, –∫–æ–Ω–∞—Å–∞ —Å–∏–Ω—å –∞–≤–∞–∫–∞—Ç–Ω–µ –∞–Ω–¥—Å–∞–∑—å.
functional-matter;['–∞–ª'];–ê–ª—Ö—Ç - –Ω–∞—Ä–º–æ–Ω–µ–Ω—å, —ë–∑–º–æ–ª–¥—ã—Ö–Ω–µ–Ω—å, –∫–∞–ª–æ–Ω—å —ç–¥–∏ –≤–µ–¥—å—Å–∞-–º–æ–¥–∞—Å–∞ —ç—Ä—è–π—Ö–Ω–µ–Ω—å –∫—É–Ω–∞—Ä–¥–æ–Ω—å –ø–∏–Ω–≥—Å—Ç–∞ —Å—É–≤—Å–∏—Ö—Ç—å –ª–æ–º–∞–Ω–µ–Ω—å —è—Ä—Ö—Ü–∞–º–±—è–ª—å—Å.
functional-matter;['–ø–∞—á–∞—Ç'];–ü–∞—á–∞—Ç - —è—Ä—Ö—Ü–∞–º–±—è–ª—å—Å—å –∫–æ–Ω–∞—Å—å —Ç–∏–µ–≤–∏ —à–æ–Ω–≥–∞—Ä–∞ —à–∞–ø–∞—Ñ–∫—Å—Å—Ç–∞.
functional-matter;['–∫–æ—Å—å–∫–µ —ç–π'];–ö–æ—Å—å–∫–µ —ç–π ‚Äî –∫–∞–ª–≥–æ–¥–∞ —Å–µ–¥–µ–ª—å–æ–∫—Å–∏–¥–∏—Å—å, –∫–æ–Ω–∞—Å—å —Å—Ç–∞–Ω–¥–∞—Ä—Ç–æ–Ω—å –∞—â–µ–º–∞—Å–∞ –∞—Ä–∞–π —à–∏–Ω—å—Ñ–∫—Å.
functional-matter;['—ç–π'];–≠–π ‚Äî –≤–µ–¥—Å—å –∫–∞–ª–≥–æ–¥–∞ –∞–≥—Ä–µ–≥–∞—Ç–æ–Ω—å –∞—â–µ–º–∞—Å–∞, –º–∏–Ω–µ—Ä–∞–ª—Å—å.
functional-matter;['—Å–∞–ª'];–°–∞–ª - –∏–ª—è–∫—Å –∫–µ–≤–æ–Ω—å —Å–∞–ª, –º–∏–Ω–µ—Ä–∞–ª—Å—å –∫–æ–Ω–∞—Å—å –∞—â–∏ –∫–ª–æ—Ä–∏–¥–æ–Ω—å –Ω–∞—Ç—Ä–∏–¥–∞, –ø—è–∫ —ç—Ä—è–≤–∏–∫—Å –∫—ä—Ä–∂–∞ –≤–∏—Ä—å—Å–∞ —à—É–º–±—Ä–∞ —ç—Ä—è—Ñ–æ–Ω–¥–∏ –¥–∏ –ø–µ–ª—å–∫—Å –æ—Ü—é –≤–∏—Ä—å—Å–∞.
geographical-object;['–¥–æ–Ω', 'don'];–î–æ–Ω - –ª—è–π—Å—å –†—É–∑–º–∞—Å—Ç–æ—Ä—Å–∞.
geographical-object;['—Ñ–∏–æ—Ä–¥'];–§–∏–æ—Ä–¥ (–Ω–æ—Ä–≤–µ–≥–æ–∫—Å fjord) ‚Äî –∏–Ω–µ–≤–µ–¥—å —ç–∑–¥–∞ –º–æ–ª–∏ –≤–µ–¥—å–∑—é—Ä–æ—Å—å, –∫–æ–Ω–∞—Å—å —Ç–∞—Ä–≥–∞–≤–∏ –ø—è–∫ –æ—Ü—é –∫—É–≤–∞–ª–º–æ—Å.
geographical-object;['—Ä–∞–≤–∞'];–†–∞–≤–∞ - –ª—è–π—Å—å –†—É–∑–º–∞—Å—Ç–æ—Ä—Å–∞, –Ø–≤—Ä–æ–ø–æ–Ω—å –ø—è–ª—å–∫—Å—Å–æ–Ω–∑–∞.
geographical-object;['–∞–º–µ—Ä–∏–∫–∞'];–ê–º–µ—Ä–∏–∫–∞, english - America
geographical-object;['–∞—Ç–ª–∞–Ω—Ç–∏–∫–∞–Ω—å –æ—Ü—é–≤–µ–¥—å'];–ê—Ç–ª–∞–Ω—Ç–∏–∫–∞–Ω—å –æ—Ü—é–≤–µ–¥—å - –Ø–≤—Ä–æ–ø–æ–Ω—å –¥–∏ –ö–µ–ª—å–º–µ—à–∏—Ä–µ–Ω—å –ê–º–µ—Ä–∏–∫–æ–Ω—å –æ—Ü—é–≤–µ–¥—å.
information-object;['—à–∏–Ω—å–∑—é–ª–º–∞', 'Âçê'];–®–∏–Ω—å–∑—é–ª–º–∞‚Äì –∫—É–Ω–∞—Ä–¥–æ–Ω—å —Ç—è—à—Ç—Å—å, —Å—ë—Ä–º–∞—Å—å –ª—É–≤–æ–Ω–¥–æ–≤–∏ –®–∏–Ω—å, —à–∞—á–µ–º–∞–Ω—å, —Ç–æ—Ä–æ–Ω—å —Å–æ–¥–∞—Ñ–∫—Å–æ–∫—Å, —ç—Ä—è—Ñ–æ–Ω—å —à–∞—Ä—ã–∫—Å.
information-realization;['–∞–≤–µ—Å—Ç–∞', 'avestƒÅ'];–ê–≤–µ—Å—Ç–∞ ‚Äî –ó–æ—Ä–æ–∞—Å—Ç—Ä–∏–∑–º–∞–Ω—å –∏–Ω—è—Ä—É —Å—ë—Ä–º–∞—Ç–∫—Å—Å—å —Ç—è—à—Ç—å—Ñ–æ–ª—å –ò—Ä–∞–Ω—Ü–∞.
language;['–∫–∞—Ä—å—è–ª–∞–Ω—å –∫—è–ª—å'];–ö–∞—Ä—å—è–ª–∞–Ω—å –∫—è–ª—å (–∫–∞—Ä—å—è–ª–∞–∫—Å karjalan kieli)) - —Å—É–æ–º–∏-—É–≥—Ä–æ–Ω—å –∫—è–ª—å—Ö–Ω–µ–Ω—å —ç–∑–¥–∞ —Ñ–∫—è—Å—å.
language;['–∞–ª–∞ —Å–∞–∫—Å–æ–Ω—å –∫—è–ª—å', '–∞–ª–∞ —Å–∞–∫—Å–æ–Ω—å'];–ê–ª–∞ –°–∞–∫—Å–æ–Ω—å - —à–∏–≤–∞–ª–≥–æ–º –≥–µ—Ä–º–∞–Ω–æ–Ω—å –∫—è–ª—å—Ö–Ω–µ–Ω—å –∫–æ—Ä—Ö—Ç–∞—Ñ–∫—Å—Å—å —ç–ª–∏ –∫–æ—Ä—Ö—Ç–∞—Ñ–∫—Å–Ω–µ.
language;['–≥—Ä—É–∑–∏–Ω–æ–Ω—å –∫—è–ª—å'];–ì—Ä—É–∑–∏–Ω–æ–Ω—å –∫—è–ª—å (–≥—Ä—É–∑–∏–Ω–æ–∫—Å: ·É•·Éê·É†·Éó·É£·Éö·Éò ·Éî·Éú·Éê, –∫–∞—Ä—Ç—É–ª–∏ —ç–Ω–∞) ‚Äî –∫–∞—Ä—Ç–≤–µ–ª–µ—å –ø–æ–ª–≥–∞—Å—Ç–∞ –∫—è–ª—å—Ö–Ω–µ–Ω—å —ç–∑–¥–∞ —Ñ–∫—è—Å—å, –ì—Ä—É–∑–∏—è –º–∞—Å—Ç–æ—Ä–æ–Ω—å –∫—è–ª—å—Å—å.
language;['–Ω–æ—Ä–≤–µ–≥–æ–Ω—å –∫—è–ª—å', '–Ω–æ—Ä–≤–µ–≥–∏—è–Ω—å –∫—è–ª—å'];–ù–æ—Ä–≤–µ–≥–æ–Ω—å –∫—è–ª—å (norsk) –ø—è–ª–µ–≤–µ–Ω—å –≥–µ—Ä–º–∞–Ω–∏—è–Ω—å –∫—è–ª—å—Ö–Ω–µ–Ω—å —ç–∑–¥–∞ —Ñ–∫—è—Å—å.
language;['–¥–∞–Ω–æ–Ω—å –∫—è–ª—å', 'da', 'dan'];–î–∞–Ω–æ–Ω—å –∫—è–ª—å (–¥–∞–Ω–æ–∫—Å dansk) - –ø—è–ª–µ–≤–µ–Ω—å –≥–µ—Ä–º–∞–Ω–æ–Ω—å –∫—è–ª—å—Ö–Ω–µ–Ω—å —ç–∑–¥–∞ —Ñ–∫—è—Å—å.
language;['—à–≤–µ–¥–æ–Ω—å –∫—è–ª—å'];–®–≤–µ–¥–æ–Ω—å –∫—è–ª—å (—à–≤–µ–¥–æ–∫—Å svenska) –ø—è–ª–µ–≤–µ–Ω—å –≥–µ—Ä–º–∞–Ω–æ–Ω—å –∫—è–ª—å—Ö–Ω–µ–Ω—å —ç–∑–¥–∞ —Ñ–∫—è—Å—å.
language;['—Ç—É—Ä–∫–∞–Ω—å –∫—è–ª—å'];–¢—É—Ä–∫–∞–Ω—å –∫—è–ª—å (—Ç—É—Ä–∫–∞–∫—Å: T√ºrk√ße) - —Ç—É—Ä–∫–∞–Ω—å –∫—è–ª—å—Ö–Ω–µ–Ω—å —ç–∑–¥–∞ —Ñ–∫—è—Å—å.
language;['—ç—Å–ø–µ—Ä–∞–Ω—Ç–æ –∫—è–ª—å'];–≠—Å–ø–µ—Ä–∞–Ω—Ç–æ - —Å–µ–º–±–æ–¥–∞ —Å–∏–¥–µ—Å—Ç–∞ –≤–∞—Å—å—Ñ–Ω–µ–≤–∏ —Ç–∏—Ñ –∫—è–ª—å—Å—å.
language;['–∞–Ω–≥–ª–∞–Ω—å –∫—è–ª—å'];–ê–Ω–≥–ª–∞–Ω—å –∫—è–ª—å - –≥–µ—Ä–º–∞–Ω–æ–Ω—å –∫—è–ª—å—Ö–Ω–µ–Ω—å —ç–∑–¥–∞ —Ñ–∫—è—Å—å.
language;['–ª–∞—Ç–∏–Ω–æ–Ω—å –∫—è–ª—å'];–õ–∞—Ç–∏–Ω–æ–Ω—å –∫—è–ª—å, –∏–ª—è–∫—Å –ª–∞—Ç–∏–Ω ‚Äî –∏–Ω–¥–æ-—è–≤—Ä–æ–ø–æ–Ω—å –∫—É–Ω–¥—å—è—Å—Ç–∞ –∫—è–ª—å—Å—å, –∏—Ç–∞–ª–∏–µ–Ω—å –∫—è–ª—å—Å—Ç–∞, –ª–∞—Ç–∏–Ω–æ–Ω—å-—Ñ–∞–ª–∏—Å–∫–æ–Ω—å –ø–æ–ª–≥–∞—Å—Ç–∞ —ç–∑–¥–∞ —Ñ–∫—è—Å—å.
language;['–Ω–æ—Ä–≤–µ–≥–æ–Ω—å –∫—è–ª—å', '–Ω—é–Ω–æ—Ä—Å–∫'];–ù–æ—Ä–≤–µ–≥–æ–Ω—å –∫—è–ª—å (–Ω—é–Ω–æ—Ä—Å–∫) (–Ω—é–Ω–æ—Ä—Å–∫ –Ω–æ—Ä–≤–µ–≥–æ–∫—Å nynorsk) - –∏–ª—è–∫—Å "–û–¥ –ù–æ—Ä–≤–µ–≥–æ–Ω—å" –∫—è–ª—å—Å—å, –ø—è–ª–µ–≤–µ–Ω—å –≥–µ—Ä–º–∞–Ω–∏—è–Ω—å –∫—è–ª—å—Å—å.
language;['–µ–≤—Ä–µ–µ–Ω—å –∫—è–ª—å', 'hebrew language'];–ï–≤—Ä–µ–µ–Ω—å –∫—è–ª—å (–µ–≤—Ä–µ–µ–Ω—å: ◊¢÷¥◊ë÷∞◊®÷¥◊ô◊™‚Äé - –ò–≤—Ä–∏—Ç) - —Å–µ–º–∏—Ç–æ–Ω—å –∫—è–ª—å—Ö–Ω–µ–Ω—å —ç–∑–¥–∞ —Ñ–∫—è—Å—å.
language;['—ç—Å–∫–∏–º–æ-–∞–ª–µ—É—Ç–æ–Ω—å –∫—è–ª—å—Ö–Ω–µ'];–≠—Å–∫–∏–º–æ-–ê–ª–µ—É—Ç–æ–Ω—å –∫—è–ª—å—Ö–Ω–µ - –Ω—è –ê–ª—è—Å–∫–∞—Å—Ç–æ–Ω—å, –ü—è–ª–µ–≤–µ–Ω—å –ö–∞–Ω–∞–¥–∞—Å—Ç–æ–Ω—å, –ì—Ä—ë–Ω–ª–∞–Ω–¥—Å—Ç–æ–Ω—å —ç–¥–∏ –ß—É–∫—á–∏–Ω—å –Ω—è—Ä—å–º–∞—Å—Ç–æ—Ä—Å—Ç–æ–Ω—å –∫—è–ª—å—Ö–Ω–µ–Ω—å —Ç—ä–Ω–∞–ª—Å—å.
language;['–≥—Ä–µ–∫–æ–Ω—å –∫—è–ª—å', '–≥—Ä–µ–∫–æ–∫—Å'];–ì—Ä–µ–∫–æ–Ω—å –∫—è–ª—å (–≥—Ä–µ–∫–æ–∫—Å: ŒµŒªŒªŒ∑ŒΩŒπŒ∫Œ¨) - —Å–∏—Ä–µ –ò–Ω–¥–æ-–Ø–≤—Ä–æ–ø–æ–Ω—å –∫—è–ª—å—Ö–Ω–µ–Ω—å —ç–∑–¥–∞ —Ñ–∫—è—Å—å.
language;['–∞—Ä–º—è–Ω–æ–Ω—å –∫—è–ª—å'];–ê—Ä–º—è–Ω–æ–Ω—å –∫—è–ª—å (’∞’°’µ’•÷Ä’•’∂ ’¨’•’¶’∏÷Ç) ‚Äî –ò–Ω–¥–æ-–Ø–≤—Ä–æ–ø–æ–Ω—å –∫—è–ª—å—Ö–Ω–µ–Ω—å —ç–∑–¥–∞ —Ñ–∫—è—Å—å.
language;['–æ–∫—Å–∏—Ç–∞–Ω–æ–Ω—å –∫—è–ª—å'];–û–∫—Å–∏—Ç–∞–Ω–æ–Ω—å –∫—è–ª—å (occitan, lenga d'√≤c) —à–∞—á—Å—å –ª–∞—Ç–∏–Ω–æ–Ω—å –∫—è–ª—å—Å—Ç–∞, –∫–æ–Ω–∞–Ω—å —ç—Å–∞ –∫–æ—Ä—Ö–Ω–µ—Å—Ç—å –†–∏–º–æ–Ω—å –æ—Ü—è–∑–æ—Ä–≥–∏—Ä–¥–µ–º–∞—Å–∞.
language;['—ç—Å—Ç–∏–Ω—å –∫—è–ª—å', '—ç—Å—Ç–æ–Ω–æ–Ω—å –∫—è–ª—å'];–≠—Å—Ç–∏–Ω—å –∫—è–ª—å (—ç—Å—Ç–∏–µ–∫—Å eesti keel) ‚Äî —Ç—è –∫—è–ª—å—Å—å –∫–æ–Ω–∞–Ω—å —ç—Å–∞ –∫–æ—Ä—Ö–Ω–∏—Ö—Ç—å —ç—Å—Ç–∏—Ç.
language;['—Å—É–æ–º–∏–Ω—å –∫—è–ª—å', '—Å—É–æ–º–∏–µ–Ω—å'];–°—É–æ–º–∏–Ω—å –∫—è–ª—å (—Å—É–æ–º–∏–∫—Å suomen kieli) - –∫—è–ª—å—Å—å –∫–æ–Ω–∞–Ω—å —ç—Å–∞ –∫–æ—Ä—Ö–Ω–∏—Ö—Ç—å —Å–µ–º–±–æ–¥–∞ –ª–∞–º–∞ –°—É–æ–º–∏ –º–∞—Å—Ç–æ—Ä—Å–∞ —ç—Ä—è–π—Ö—Ç—å (92% 2006 –∫.
language;['–≤–µ–Ω–≥–µ—Ä–æ–Ω—å –∫—è–ª—å'];–í–µ–Ω–≥–µ—Ä–æ–Ω—å –∫—è–ª—å –∏–ª—è–∫—Å –º–∞–¥—å—è—Ä–æ–Ω—å –∫—è–ª—å (–≤–µ–Ω–≥–µ—Ä–æ–∫—Å magyar nyelv) —É—Ä–∞–ª–µ–Ω—å –∫—É–Ω–¥—å—è—Å—Ç–∞ —É–≥—Ä–æ–Ω—å –∫—è–ª—å—Ö–Ω–µ–Ω—å —ç–∑–¥–∞ —Ñ–∫—è—Å—å.
language;['–ª–∞—Ç–≤–∏–µ–Ω—å –∫—è–ª—å', '–ª–∞—Ç–≤–∏—è–Ω—å –∫—è–ª—å'];–õ–∞—Ç–≤–∏–µ–Ω—å –∫—è–ª—å –∏–ª—è–∫—Å –ª–∞—Ç—ã–∂–µ–Ω—å –∫—è–ª—å - –ë–∞–ª—Ç–æ–Ω—å –∫—è–ª—å—Ö–Ω–µ–Ω—å —ç–∑–¥–∞ —Ñ–∫—è—Å—å, –º–∞—Å—Ç–æ—Ä–æ–Ω—å –∫—è–ª—å—Å—å –õ–∞—Ç–≤–∏–µ—Å–∞.
language;['–∏—Å–ø–∞–Ω–∏–µ–Ω—å –∫—è–ª—å', '–∏—Å–ø–∞–Ω–æ–Ω—å –∫—è–ª—å'];–ò—Å–ø–∞–Ω–∏–µ–Ω—å –∫—è–ª—å –∏–ª—è–∫—Å –ö–∞—Å—Ç–∏–ª–∏–µ–Ω—å –∫—è–ª—å - —Ä–æ–º–∞–Ω–æ–Ω—å –∫—è–ª—å—Ö–Ω–µ–Ω—å, –∏–±–µ—Ä–æ-—Ä–æ–º–∞–Ω–æ–Ω—å –ø–æ–ª–≥–∞–Ω—å —ç–∑–¥–∞ —Ñ–∫—è—Å—å.
language;['–∞—Ä–∞–±–æ–Ω—å –∫—è–ª—å'];–ê—Ä–∞–±–æ–Ω—å –∫—è–ª—å (–∞—Ä–∞–±–æ–Ω—å: ÿßŸÑŸíÿπŸéÿ±Ÿéÿ®ŸäŸëÿ©‚Äé - –∞–ª—å-–∞—Ä–∞–±–∏–π—è) - —ç—Ä–µ–∫ —Å–µ–º–∏—Ç–æ–Ω—å –∫—è–ª—å—Ö–Ω–µ–Ω—å —ç–∑–¥–∞ —Å–µ–º–±–æ–¥–∞ –æ—Ü—é—Å—å.
language;['–º–∞–∫–µ–¥–æ–Ω–∏–µ–Ω—å –∫—è–ª—å'];–ú–∞–∫–µ–¥–æ–Ω–∏–µ–Ω—å –∫—è–ª—å - –ø—è–ª–µ—à–∏–Ω—å —Å–ª–∞–≤—è–Ω–æ–Ω—å –∫—è–ª—å—Ö–Ω–µ–Ω—å —ç–∑–¥–∞ —Ñ–∫—è—Å—å.
language;['–ø–æ–ª–µ–Ω—å –∫—è–ª—å'];–ü–æ–ª–µ–Ω—å –∫—è–ª—å (–ø–æ–ª–µ–∫—Å jƒôzyk polski) - –ü–æ–ª—å—à–∞–Ω—å –º–∞—Å—Ç–æ—Ä–æ–Ω—å –∫—è–ª—å—Å—å.
language;['—á–µ—Ö–æ–Ω—å –∫—è–ª—å'];–ß–µ—Ö–æ–Ω—å –∫—è–ª—å (—á–µ—Ö–æ–∫—Å ƒçe≈°tina) - —à–∏–≤–∞–ª–≥–æ–º —Å–ª–∞–≤—è–Ω–æ–Ω—å –∫—è–ª—å—Ö–Ω–µ–Ω—å —ç–∑–¥–∞ —Ñ–∫—è—Å—å.
language;['—Å–ª–æ–≤–∞–∫–æ–Ω—å –∫—è–ª—å'];–°–ª–æ–≤–∞–∫–æ–Ω—å –∫—è–ª—å - —à–∏–≤–∞–ª–≥–æ–º —Å–ª–∞–≤—è–Ω–æ–Ω—å –∫—è–ª—å—Ö–Ω–µ–Ω—å —ç–∑–¥–∞ —Ñ–∫—è—Å—å.
language;['—É–∫—Ä–∞–∏–Ω–æ–Ω—å –∫—è–ª—å', '—É–∫—Ä–∞–∏–Ω–∞–Ω—å'];–£–∫—Ä–∞–∏–Ω–æ–Ω—å –∫—è–ª—å (—É–∫—Ä–∞–∏–Ω–æ–∫—Å —É–∫—Ä–∞—óÃÅ–Ω—Å—å–∫–∞ –º–æÃÅ–≤–∞) - –®–∏—Å—Ç—è–º–∞—à–∏—Ä–µ–Ω—å —Å–ª–∞–≤—è–Ω–æ–Ω—å –∫—è–ª—å—Ö–Ω–µ–Ω—å —ç–∑–¥–∞ —Ñ–∫—è—Å—å.
language;['—Ä—É–∑–æ–Ω—å –∫—è–ª—å'];–†—É–∑–æ–Ω—å –∫—è–ª—å ‚Äî –∏–Ω–¥–æ—è–≤—Ä–æ–ø–∞–Ω—å –∫—É–Ω–¥—å—è—Å—Ç–∞ –∫—è–ª—å—Å—å, —à–∏—Å—Ç—è–º–∞—à–∏—Ä–µ–Ω—å —Å–ª–∞–≤—è–Ω–æ–Ω—å –∫—è–ª—å–¥–∞ —Ñ–∫—è—Å—å, –∫–æ–Ω–∞–Ω—å —ç—Å–∞ –∫–æ—Ä—Ö–Ω–∏—Ö—Ç—å —Ä—É—Å—Ç, –º–∞—Å—Ç–æ—Ä–æ–Ω—å –∫—è–ª—å—Å—å –†—É–∑–º–∞—Å—Ç–æ—Ä–æ–Ω—å –§–µ–¥–µ—Ä–∞—Ü–∏–µ—Å–∞.
language;['–≥–µ—Ä–º–∞–Ω–æ–Ω—å –∫—è–ª—å'];–ì–µ—Ä–º–∞–Ω–æ–Ω—å –∫—è–ª—å (–≥–µ—Ä–º–∞–Ω–æ–∫—Å Deutsch - —à–∏–≤–∞–ª–≥–æ–º –≥–µ—Ä–º–∞–Ω–æ–Ω—å –∫—è–ª—å—Ö–Ω–µ–Ω—å —ç–∑–¥–∞ —Ñ–∫—è—Å—å.
language;['–≥–æ–ª–∞–Ω–¥–æ–Ω—å –∫—è–ª—å'];–ì–æ–ª–∞–Ω–¥–æ–Ω—å –∫—è–ª—å - —à–∏–≤–∞–ª–≥–æ–º –≥–µ—Ä–º–∞–Ω–æ–Ω—å –∫—è–ª—å—Ö–Ω–µ–Ω—å —ç–∑–¥–∞ —Ñ–∫—è—Å—å.
locative-role;['–∫–∞—É–Ω–∞—Å', 'kaunas'];–ö–∞—É–Ω–∞—Å - - –õ–∏—Ç–≤–∞–Ω—å –æ—à—Å—å.
locative-role;['—Ö–æ—à–∏–º–∏–Ω'];–•–æ—à–∏–º–∏–Ω (–≤–∏–µ—Ç–æ–∫—Å Th√†nh ph·ªë H·ªì Ch√≠ Minh) - –∏–Ω–µ –æ—Ü—é –º–∞—Å—Ç–æ—Ä–æ–Ω—å –æ—à—Å—å –í–∏–µ—Ç–Ω–∞–º—Å–∞.
locative-role;['–º–æ–Ω–∞–∫–æ'];–ú–æ–Ω–∞–∫–æ - –Ø–≤—Ä–æ–ø–æ–Ω—å –º–∞—Å—Ç–æ—Ä—Ö–Ω–µ–Ω—å —ç–∑–¥–∞ —Ñ–∫—è—Å—å.
locative-role;['—Å–µ—Ä–±–∏–µ', '—Å—Ä–±–∏—ò–∞'];–°–µ—Ä–±–∏–µ - –Ø–≤—Ä–æ–ø–æ–Ω—å –º–∞—Å—Ç–æ—Ä—Ö–Ω–µ–Ω—å —ç–∑–¥–∞ —Ñ–∫—è—Å—å
locative-role;['—Å–∏–ª–µ–∑–∏–µ', '—Å–∏–ª–µ–∑–∏—è'];–°–∏–ª–µ–∑–∏–µ (—Å–∏–ª–µ–∑–∏–µ–∫—Å ≈öl≈Ønsk. –ø–æ–ª–µ–∫—Å ≈ölƒÖsk. —á–µ—Ö–æ–∫—Å Slezsko. –ª–∞—Ç–∏–Ω–æ–∫—Å Silesia) - —ç—Ä—è–º–æ–ø–∏–Ω–≥–æ–Ω—å –º–∞—Å—Ç–æ—Ä—Å—å –ö—É—á–∫–∞ –Ø–≤—Ä–æ–ø—Å–∞ —Ç—è–Ω–∏ —è–≤—Ñ –ü–æ–ª–µ–Ω—å –º–∞—Å—Ç–æ—Ä, –ß–µ—Ö–º–∞—Å—Ç–æ—Ä –¥–∏ –ì–µ—Ä–º–∞–Ω–∏–µ —ë—Ç–∫—Å–∞.
locative-role;['–ª–∏—Ç–≤–∞'];–õ–∏—Ç–≤–∞ –∏–ª–∞–Ω—å –∫–æ—Ä—è—Å –õ–∏—Ç–≤–∞–Ω—å —Ä–µ—Å–ø—É–±–ª–∏–∫—Å—å (–ª–∏—Ç–≤–∞–∫—Å Lietuvos Respublika) - –º–∞—Å—Ç–æ—Ä—Å—å –ü—è–ª–µ–≤–µ–Ω—å –Ø–≤—Ä–æ–ø—Å–∞.
locative-role;['–∞–ª–∞ –æ—à'];–ê–ª–∞ –æ—à - english - Nizhniy Novgorod
non-agentive-physical-object;['–≤–∞—Ç—Ä–∞–∫—à'];–í–∞—Ç—Ä–∞–∫—à - —ë–º–ª–∞ –ø—É–ª–æ—Ñ—Ç–æ–º–∞—Å—å, —Å—è–¥–∞ –æ—Ü—é –≤–µ–¥—å—Å–∞-–∫–∞–ª–≥–æ–¥—å–∫—Å—Å–∞ —ç—Ä—è–π—Ö–Ω–µ–Ω—å –ø–æ–ª–≥–∞—Å—å.
non-agentive-physical-object;['—ç–π–±–æ—Ç–º–∞—Ä'];–≠–π–±–æ—Ç–º–∞—Ä - –∫–µ–ª—å–º–æ—Ñ—Ç–µ–º–∞ –∞–ø–∞—Ä–∞—Ç—Å—å, –∫–æ–Ω–∞—Å—å –∞—â–∏ —Ç–µ–º–ø–µ—Ä–∞—Ç—É—Ä–∞–¥–∞ –ø–µ—Ä—è—Ñ –ø–æ—Ç–º–∞—Ä—Å—Ç–∞.
non-physical-collection;['–∑–æ—Ä–æ–∞—Å—Ç—Ä–∏–∑–º–∞'];–ó–æ—Ä–æ–∞—Å—Ç—Ä–∏–∑–º–∞ –≤–∞—Å–µ–Ω–¥–∞ –º–∞–∑–¥–µ–∏–∑–º–∞
phenomenon;['–ª–æ–≤'];–õ–æ–≤ ‚Äî –≤—è—Ä–¥–µ–Ω—å–±—Ä–∞–π—Ö–Ω–µ–Ω—å —Ñ–æ—Ä–º–æ—Å–Ω–∞, –∫–æ–Ω–∞—Å—å –∞—â–∏ —ë–º–ª–∞ —ç–µ–Ω—å –∫–µ–≤—ç–π —ç–∑–¥–∞.
phenomenon;['—Ç–æ–ª'];–¢–æ–ª ‚Äî –≥–∞—Å—Ç —ç–¥–∏ –ø–ª–∞–∑–º–∞, –∫–æ–Ω–∞—Ç–Ω–µ —ç–≤–æ–Ω–¥–∞–π—Ö—Ç—å –∫—å—Ä—å–≤—è—Å—Ç–µ–º–∞—Å—Ç–∞.
physical-body;['–∫–æ–≤'];–ö–æ–≤ ‚Äî —Ñ–∫—è –∞–∂–∞ –∞—Ñ–∫—É–∫—Å –ú–æ–¥–∞—Ç—å –≤–∏—à–µ–Ω–¥–∏–µ—Ü.
physical-body;['–º–æ–¥–∞'];–ú–æ–¥–∞ - –∫–æ–ª–º–æ—Ü–µ —à–∞—Ä—ã —Ç—è—à—Ç—Å—å –®–∏—Ç—å —ç–∑–¥–∞.
physical-body;['–º–∞—Ä—Å', '‚ôÇ'];–ú–∞—Ä—Å - –Ω–∏–ª–µ—Ü–µ —à–∞—Ä—ã —Ç—è—à—Ç—Å—å –®–∏—Ç—å —ç–∑–¥–∞.
physical-body;['–≤–µ–¥–µ–Ω—å –∫–∞–Ω–¥–æ–º–∞ —Ç—è—à—Ç–µ', 'rigel'];–í–µ–¥–µ–Ω—å –∫–∞–Ω–¥–æ–º–∞ —Ç—è—à—Ç–µ ‚Äì —Ç—è—à—Ç–µ–Ω–∞–ª—Å—å –ø—è–ª–µ–≤–µ–Ω—å –º–æ–¥–∞–Ω—å –ø—è–ª–µ—à–∞—Ä—Å–∞.
physical-body;['–º–µ—Ä–∫—É—Ä–∏'];–ú–µ—Ä–∫—É—Ä–∏ - –≤–∞—Å–µ–Ω—Ü–µ—Å—å, –∏–Ω–µ —ë–º–ª–∞ –¥–∏ —Å—è–¥–∞ –º–∞–ª–∞ –®–∏—Ç–∏ —à–∞—Ä—ã —Ç—è—à—Ç—Å—å.
physical-object;['–∫—è—Ä—è–¥'];–ö—è—Ä—è–¥ ‚Äî —Å–æ–∫–∞–º–±—è–ª—å.
physical-object;['—ç–π–±–æ—Ç–º–∞—Ä'];–≠–π–±–æ—Ç–º–∞—Ä - –∫–µ–ª—å–º–æ—Ñ—Ç–µ–º–∞ –∞–ø–∞—Ä–∞—Ç—Å—å, –∫–æ–Ω–∞—Å—å –∞—â–∏ —Ç–µ–º–ø–µ—Ä–∞—Ç—É—Ä–∞–¥–∞ –ø–µ—Ä—è—Ñ –ø–æ—Ç–º–∞—Ä—Å—Ç–∞.
physical-object;['—É–ª–∞–≤', '–∫–∏–≥–µ–ª—å', '—É–ª–∞–≤–∫—Å'];–ö–∏–≥–µ–ª—å - —Ç—è–Ω–∏–µ–Ω—å –ø–∏–Ω–≥—Ç—å —à–∞—Ä—å—Ö–∫–æ–¥–µ–≤–∏ –∫–æ–¥–∞: –∫–æ—á–∫–∞—Ñ —ç–¥–∏ —Å—é–ª–º–∞—Ñ –∫—à–Ω–∏–∫–∏ –ª–∞–Ω–≥–æ–Ω—å –∫–∏–∫—Ä–∞–Ω–¥–∞–∑–æ–Ω—å –∫—è—Ä—å–∫—Å, —Ñ–∫—è —ç–ª–∏ –º—ä–∑—è—Ä–æ—à–∫–∞ —Å—è–¥–∞ –ª–∞–º–∞ —è–∫–∞–π —ç–ª–µ–∫—Ç—Ä–æ—É–ª–∞–≤ —ç–ª–∏ —Ç–∞—Ä–≥–∞–π –∫–∏–∫—Ä–∞–Ω–¥–∞–∑ –º–∞—Ä—Ö—Ç–∞, –∫–æ–Ω–∞—Ç–Ω–µ —ç—Ä—è–≤–∏—Ö—Ç—å —Å–æ–Ω—å —Ç–∞—Ä–∫—Å–µ–º–æ–Ω–∑–∞.
physical-object;['—Ö–æ—Ä–¥–æ—Ñ–æ–Ω–∞—Ç'];–¢—è—Ñ—Ç–∞–º–∞ –∏–Ω—Å—Ç—Ä—É–º–µ–Ω—Ç—Å–∞ –º–æ—Ä–∞–º—Å—Ç–∞ –∑–≤—É–∫—Å—å –º–æ–ª–∏ —É—Å–∫—Ñ —Å—Ç—Ä—É–Ω–∞—Ç–Ω–µ–Ω—å —ç–∑–¥–∞.
physical-object;['–º–µ–º–±—Ä–∞–Ω–æ—Ñ–æ–Ω–∞—Ç'];–ú–µ–º–±—Ä–∞–Ω–æ—Ñ–æ–Ω–∞—Ç–Ω–µ ‚Äì –Ω—è—Ç —Å—Ç–∞–º–∞ –∏–Ω—Å—Ç—Ä—É–º–µ–Ω—Ç, –∫–æ—Å–∞ –∫–∞–π–≥–æ–º–∞—Å—å –º–æ–ª–∏ —Ç–∞—Ä–≥–∞—Ñ –∫–µ–¥—Ç—å –∏–ª–∏ –∫–∞–≥–æ–¥—Ç—å —ç–∑–¥–∞.
physical-object;['–∫–∞–ª—å—Ö—Ü–∏—è–º–∞—Ç', '–∫—Å–∏–ª–æ—Ñ–æ–Ω'];–ö–∞–ª—å—Ö—Ü–∏—è–º–∞—Ç –∏–ª—è–∫—Å –∫—Å–∏–ª–æ—Ñ–æ–Ω - –∫—É–Ω–∞—Ä–¥–æ–Ω—å –∏–¥–∏–æ—Ñ–æ–Ω–∞–Ω—å —Å–µ–¥—è–º–∞ –∫—è–¥—å—ë–Ω–∫—Å–Ω–µ–Ω—å —ç–∑–¥–∞ —Ñ–∫—è—Å—å.
physical-object;['—Ö–æ—Ä–¥–æ—Ñ–æ–Ω–∞—Ç'];–¢—è—Ñ—Ç–∞–º–∞ –∏–Ω—Å—Ç—Ä—É–º–µ–Ω—Ç—Å–∞ –º–æ—Ä–∞–º—Å—Ç–∞ –∑–≤—É–∫—Å—å –º–æ–ª–∏ —É—Å–∫—Ñ —Å—Ç—Ä—É–Ω–∞—Ç–Ω–µ–Ω—å —ç–∑–¥–∞.
physical-object;['–Ω—É—Ä–¥–∞'];–¢—è–ª–æ–Ω–¥–∞ —Å—è–¥–∞ —Å–∏–¥–µ—Å—Ç–∞ –∞—Ä–Ω–µ—Å—Ç—å –Ω—É—Ä–¥—Å–∞.
physical-object;['–ø–∞–π–≥–æ–Ω—è'];–ü–∞–π–≥–æ–Ω—è, –ø–∞–π–≥–æ–Ω—è—Ç - –º–æ–∫—à–µ–Ω—å –∫–∞–ª–∫–æ–Ω—å —Å–µ–¥—è–º–∞–Ω—å –∫—è–¥—å—ë–Ω–∫—Å–æ–Ω—å —ç–∑–¥–∞ —Ñ–∫—è—Å—å.
physical-object;['–∫—Ä–∞–Ω–¥–∞–∑'];–°–æ–¥–∞—Ñ–æ–ª—å –º–∏–Ω—å —à–∏—Ä–µ—Å–æ–Ω–∫ —Ç—è—Ñ—Ç–∞–º–∞ –ª–µ–º–Ω–µ–≤–∏ —ç–∫–∏–ø–∞–∂–Ω–∞–π –ø—Ä–æ–º—ã—Å–ª–∞—Å—å - –∫—Ä–∞–Ω–¥–∞–∑–æ–Ω—å, –Ω—É—Ä–¥–æ–Ω—å, –ª–∏—è–Ω—å-–º–µ–∑–µ–Ω—å —Ç–∏–µ–Ω–¥–µ–º–∞—Å—å.
physical-object;['–∫—Ä–∞–Ω–¥–∞–∑'];–°–æ–¥–∞—Ñ–æ–ª—å –º–∏–Ω—å —à–∏—Ä–µ—Å–æ–Ω–∫ —Ç—è—Ñ—Ç–∞–º–∞ –ª–µ–º–Ω–µ–≤–∏ —ç–∫–∏–ø–∞–∂–Ω–∞–π –ø—Ä–æ–º—ã—Å–ª–∞—Å—å - –∫—Ä–∞–Ω–¥–∞–∑–æ–Ω—å, –Ω—É—Ä–¥–æ–Ω—å, –ª–∏—è–Ω—å-–º–µ–∑–µ–Ω—å —Ç–∏–µ–Ω–¥–µ–º–∞—Å—å.
physical-object;['–≤—è—Ç–∏—É–ª–∞—Ñ–∫—Å', '—ç–ª–µ–∫—Ç—Ä–æ—É–ª–∞–≤'];–≠–ª–µ–∫—Ç—Ä–æ—É–ª–∞–≤ –∏–ª—è–∫—Å –õ–æ–∫–æ–º–æ—Ç–∏–≤ - —Ç—è–Ω–∏–µ–Ω—å –ø–∏–Ω–≥—Å—Ç–∞ —Ç—è –º–æ—Ç–æ—Ä–æ–Ω—å —É—Å–∫–æ–º–±—è–ª—å—Å—å –∞—Ñ —ç—Å—å —è–∫–∞–π –∫—à–Ω–∏–∫–∏–Ω—å –∫–∏–≥–µ–ª—å –∫—Ä–∞–Ω–¥–∞–∑–æ–Ω—å —É—Å–∫–æ–º–∞–Ω–¥–∏.
physical-object;['—Å–∞—Ä–¥–æ–Ω—è'];–°–∞—Ä–¥–æ–Ω—è‚Äî —à—è–≤–Ω—è—Å—å –∫—å—Ä—å–≤—è–∑–µ–≤–∏ –º–∞—Ç–µ—Ä–∏–∞–ª—Å—Ç–∞, –∫—å—Ä—å–≤—è–∑–µ–≤–∏ –ø—Ä—è–Ω—è –º–∞—Ä—Ö—Ç–∞, —ç—Ä—è–≤–∏ —Ç–æ–ª –∫—å—Ä—å–≤—è—Å–Ω–µ–º–∞–Ω–¥–∏.
political-geographic-object;['—Ä—É–º—ã–Ω–∏–µ', '—Ä—É–º—ã–Ω–∏—è'];–†—É–º—ã–Ω–∏–µ - –Ø–≤—Ä–æ–ø–æ–Ω—å –º–∞—Å—Ç–æ—Ä—Ö–Ω–µ–Ω—å —ç–∑–¥–∞ —Ñ–∫—è—Å—å.
political-geographic-object;['–∫–∞—É–Ω–∞—Å', 'kaunas'];–ö–∞—É–Ω–∞—Å - - –õ–∏—Ç–≤–∞–Ω—å –æ—à—Å—å.
political-geographic-object;['—Ö–æ—à–∏–º–∏–Ω'];–•–æ—à–∏–º–∏–Ω (–≤–∏–µ—Ç–æ–∫—Å Th√†nh ph·ªë H·ªì Ch√≠ Minh) - –∏–Ω–µ –æ—Ü—é –º–∞—Å—Ç–æ—Ä–æ–Ω—å –æ—à—Å—å –í–∏–µ—Ç–Ω–∞–º—Å–∞.
political-geographic-object;['–Ω–æ—Ä–≤–µ–≥–∏–µ', 'noreg', 'norge', '–Ω–æ—Ä–≤–µ–≥–∏—è', '–Ω–æ—Ä–≤–µ–≥–æ–Ω—å –º–∞—Å—Ç–æ—Ä'];–ù–æ—Ä–≤–µ–≥–∏–µ (–Ω–æ—Ä–≤–µ–≥–æ–∫—Å Norge (–±—É–∫–º–æ–ª) —ç–ª–∏ –Ω—é–Ω–æ—Ä—Å–∫ –Ω–æ—Ä–≤–µ–≥–æ–∫—Å Noreg), –∏–ª–∞–Ω—å –∫–æ—Ä—è—Å –ù–æ—Ä–≤–µ–≥–∏–µ –û—Ü—è–∑–æ—Ä–∫—Å—à–∏—Å—å - –∫–æ—Å—Ç–∏—Ç—É—Ü–∏–µ–Ω—å –æ—Ü—è–∑–æ—Ä–∫—Å—à–∏—Å—å –ü—è–ª–µ–≤–µ–Ω—å –Ø–≤—Ä–æ–ø—Å–∞, –°–∫–∞–Ω–¥–∏–Ω–∞–≤–∏—è –Ω—è—Ä—å–º–∞—Å—Ç–æ—Ä—Å–∞.
political-geographic-object;['–Ω–µ–¥–µ—Ä–ª–∞–Ω—Ç—Ç', '–Ω–µ–¥–µ—Ä–ª–∞—Ç—Ç', '–Ω–∏–¥–µ—Ä–ª–∞–Ω—Ç—Ç'];–ù–µ–¥–µ—Ä–ª–∞–Ω—Ç—Ç, –∏–ª–∞–Ω—å –ª–µ–º–æ—Ü –û—Ü—è–∑–æ—Ä–∫—Å—à–∏ –ù–µ–¥–µ—Ä–ª–∞–Ω—Ç—Ç (–≥–æ–ª–∞–Ω–¥–æ–∫—Å: Koninkrijk der Nederlanden) - –ø–∞—Ä–ª–∞–º–µ–Ω—Ç–æ–Ω—å –¥–µ–º–æ–∫—Ä–∞—Ç–∏–µ–Ω—å –∫–æ–Ω—Å—Ç–∏—Ç—É—Ü–∏–µ–Ω—å –æ—Ü—è–∑–æ—Ä–∫—Å—à–∏—Å—å –∫–µ–ª—å–º–µ-—à–∏–≤–∞–ª–≥–æ–º—à–∏—Ä–µ–Ω—å –Ø–≤—Ä–æ–ø—Å–∞.
political-geographic-object;['—è–ø–æ–Ω–º–∞—Å—Ç–æ—Ä', '—è–ø—É–Ω–º–∞—Å—Ç–æ—Ä'];–Ø–ø–æ–Ω–º–∞—Å—Ç–æ—Ä ‚Äî —Ü—ë–Ω–≥–∞–º–∞—Å—Ç–æ—Ä—Å—å –®–∏—Å—Ç—è–º–∞ –ê–∑–∏–µ—Å–∞, –°–µ—Ç—å–º–µ –æ–∫–µ–∞–Ω—Ü–∞, —à–∏–≤–∞–ª–≥–æ–º —à–∏—Ä–µ—Å–∞ –∞—â–∏ –Ø–ø–æ–Ω–æ–Ω—å –∏–Ω–µ–≤–µ–¥—å.
political-geographic-object;['–º–æ–Ω–∞–∫–æ'];–ú–æ–Ω–∞–∫–æ - –Ø–≤—Ä–æ–ø–æ–Ω—å –º–∞—Å—Ç–æ—Ä—Ö–Ω–µ–Ω—å —ç–∑–¥–∞ —Ñ–∫—è—Å—å.
political-geographic-object;['—Å–µ–Ω—Ç-–ª—é—Å–∏–µ'];–°–µ–Ω—Ç-–õ—é—Å–∏–µ - Saint Lucia [Àåse…™nt ÀàluÀê É…™…ô]
political-geographic-object;['—à–≤–∞–π—Ü–∞—Ä–∏–µ', 'ch', '—à–≤–∞–π—Ü–∞—Ä–∏–µ–Ω—å –∫–æ–Ω—Ñ–µ–¥–µ—Ä–∞—Ü–∏–µ—Å—å', '—à–≤–µ–π—Ü–∞—Ä–∏—è'];–®–≤–∞–π—Ü–∞—Ä–∏–µ (–≥–µ—Ä–º–∞–Ω–æ–∫—Å Schweiz, –∫—Ä–∞–Ω—Ü–æ–∫—Å Suisse, –∏—Ç–∞–ª–∏–µ–∫—Å Svizzera, —Ä–µ—Ç–æ—Ä–æ–º–∞–Ω–æ–∫—Å Svizra), –∏–ª–∞–Ω—å –ª–µ–º–æ—Ü –®–≤–∞–π—Ü–∞—Ä–∏–µ–Ω—å –∫–æ–Ω—Ñ–µ–¥–µ—Ä–∞—Ü–∏–µ—Å—å - –º–∞—Å—Ç–æ—Ä—Å—å –®–∏–≤–∞–ª–≥–æ–º —à–∏—Ä–µ–Ω—å –Ø–≤—Ä–æ–ø—Å–∞, –®–≤–∞–π—Ü–∞—Ä–∏–µ–Ω—å –ê–ª—å–ø—Å–∞, —ç—Ä—è–π–¥–∞ 7.6 –º–∏–ª—å–æ–Ω –ª–æ–º–∞—Ç—Ç—å.
political-geographic-object;['—Å–æ–≤–µ—Ç–æ–Ω—å —Å–æ—Ç–∫—Å', '—Å–æ–≤–µ—Ç–æ–Ω—å —Å–æ—Ü–∏–∞–ª–∏–∑–º–∞–Ω—å —Ä–µ—Å–ø—É–±–ª–∏–∫–Ω–µ–Ω—å —Å–æ—Ç–∫—Å'];–°–æ–≤–µ—Ç–æ–Ω—å –°–æ—Ç–∫—Å, –°–æ–≤–µ—Ç–æ–Ω—å –°–æ—Ü–∏–∞–ª–∏–∑–º–∞–Ω—å –†–µ—Å–ø—É–±–ª–∏–∫–Ω–µ–Ω—å –°–æ—Ç–∫—Å (—Ä—É–∑–∫—Å –°–æ—é–∑ –°–æ–≤–µ—Ç—Å–∫–∏—Ö –°–æ—Ü–∏–∞–ª–∏—Å—Ç–∏—á–µ—Å–∫–∏—Ö –†–µ—Å–ø—É–±–ª–∏–∫) - –∏–Ω–≥–æ–ª—å–ø–∏–Ω–≥–æ–Ω—å –º–∞—Å—Ç–æ—Ä—Å—å –ê–∑–∏–µ—Å–∞ –¥–∏ –®–∏—Å—Ç—è–º–∞ –Ø–≤—Ä–æ–ø—Å–∞.
political-geographic-object;['–ª—é–∫—Å–µ–º–±—É—Ä'];–õ—é–∫—Å–µ–º–±—É—Ä (–≥–µ—Ä–º–∞–Ω–æ–∫—Å Groussherzogtum L√´tzebuerg) - –Ø–≤—Ä–æ–ø–æ–Ω—å –º–∞—Å—Ç–æ—Ä—Ö–Ω–µ–Ω—å —ç–∑–¥–∞ —Ñ–∫—è—Å—å.
political-geographic-object;['–∏—Å–ø–∞–Ω–∏—è'];–ò—Å–ø–∞–Ω–∏—è -
political-geographic-object;['—Ç–∞–¥–∂–∏–∫–∏—Å—Ç–∞–Ω'];–¢–∞–¥–∂–∏–∫–∏—Å—Ç–∞–Ω - –ö—É—á–∫–∞ –∞–∑–∏–µ–Ω—å –º–∞—Å—Ç–æ—Ä—Ö–Ω–µ–Ω—å —ç–∑–¥–∞ —Ñ–∫—è—Å—å.
political-geographic-object;['–±–µ–ª–∞—Ä—É–∑–º–∞—Å—Ç–æ—Ä'];–ë–µ–ª–∞—Ä—É–∑–º–∞—Å—Ç–æ—Ä, –∏–ª—è–∫—Å –ë–µ–ª–∞—Ä—É–∑–º–∞—Å—Ç–æ—Ä–æ–Ω—å —Ä–µ—Å–ø—É–±–ª–∏–∫–∞.
political-geographic-object;['–∞–∑–µ—Ä–±–∞–π–¥–∂–∞–Ω'];–ê–∑–µ—Ä–±–∞–π–¥–∂–∞–Ω ‚Äî –õ—è–º–±–µ—à–∏—Ä–µ–Ω—å –ö–∞–≤–∫–∞–∑–æ–Ω—å –º–∞—Å—Ç–æ—Ä—Å—å.
political-geographic-object;['–∫–∏—Ä–≥–∏–∑ –º–∞—Å—Ç–æ—Ä'];–ö–∏—Ä–≥–∏–∑ –º–∞—Å—Ç–æ—Ä
political-geographic-object;['—É–∑–±–µ–∫–∏—Å—Ç–∞–Ω'];–£–∑–±–µ–∫–∏—Å—Ç–∞–Ω - - –ö—É—á–∫–∞ –ê–∑–∏–µ–Ω—å –º–∞—Å—Ç–æ—Ä—Ö–Ω–µ–Ω—å —ç–∑–¥–∞ —Ñ–∫—è—Å—å.
political-geographic-object;['–∫–∞–∑–∞—Ö—Å—Ç–∞–Ω'];–ö–∞–∑–∞—Ö—Å—Ç–∞–Ω –∏–ª—è–∫—Å –ö–∞–∑–∞—Ö—Å—Ç–∞–Ω–æ–Ω—å –†–µ—Å–ø—É–±–ª–∏–∫—Å—å - –º–∞—Å—Ç–æ—Ä—Å—å –ö—É—á–∫–∞ –ê–∑–∏–µ—Å–∞ –¥–∏ –®–∏—Å—Ç—è–º–∞ –Ø–≤—Ä–æ–ø—Å–∞.
political-geographic-object;['–º–æ–Ω–≥–æ–ª–∏–µ', '–º–æ–Ω–≥–æ–ª–∏—è'];–ú–æ–Ω–≥–æ–ª–∏—è - –º–∞—Å—Ç–æ—Ä—Å—å –®–∏—Å—Ç—è–º–∞ –¥–∏ –ö—É—á–∫–∞ –ê–∑–∏–µ—Å–∞.
political-geographic-object;['–±–µ–ª—å–≥–∏–µ', '–±–µ–ª—å–≥–∏—è'];–ë–µ–ª—å–≥–∏–µ, –∏–ª–∞–Ω—å –ª–µ–º–æ—Ü –ë–µ–ª—å–≥–∏–µ –û—Ü—è–∑–æ—Ä–∫—Å—à–∏—Å—å - –º–∞—Å—Ç–æ—Ä—Å—å –∫–µ–ª—å–º–µ-—à–∏–≤–∞–ª–≥–æ–º—à–∏—Ä–µ–Ω—å –Ø–≤—Ä–æ–ø—Å–∞.
political-geographic-object;['–ø–∞–∫–∏—Å—Ç–∞–Ω'];–ü–∞–∫–∏—Å—Ç–∞–Ω –∏–ª—è–∫—Å –ò—Å–ª–∞–º–æ–Ω—å –†–µ—Å–ø—É–±–ª–∏–∫ –ü–∞–∫–∏—Å—Ç–∞–Ω - –º–∞—Å—Ç–æ—Ä—Å—å –ü—è–ª–µ—à–∏–Ω—å –ê–∑–∏–µ—Å–∞.
political-geographic-object;['–∞—Ñ–≥–∞–Ω–∏—Å—Ç–∞–Ω'];–ê—Ñ–≥–∞–Ω–∏—Å—Ç–∞–Ω –∏–ª—è–∫—Å –ò—Å–ª–∞–º–æ–Ω—å –†–µ—Å–ø—É–±–ª–∏–∫ –ê—Ñ–≥–∞–Ω–∏—Å—Ç–∞–Ω - –º–∞—Å—Ç–æ—Ä—Å—å –ö—É—á–∫–∞ –ê–∑–∏–µ—Å–∞.
political-geographic-object;['–∞–≤—Å—Ç—Ä–∏–µ', '–∞–≤—Å—Ç—Ä–∏–µ–Ω—å –º–∞—Å—Ç–æ—Ä', '–∞–≤—Å—Ç—Ä–∏—è'];–ê–≤—Å—Ç—Ä–∏–µ (–≥–µ—Ä–º–∞–Ω–æ–∫—Å √ñsterreich) –∏–ª–∞–Ω—å –∫–æ—Ä—è—Å –ê–≤—Å—Ç—Ä–∏–µ–Ω—å —Ä–µ—Å–ø—É–±–ª–∏–∫ (–≥–µ—Ä–º–∞–Ω–æ–∫—Å Republik √ñsterreich) - –º–∞—Å—Ç–æ—Ä—Å—å –ö—É—á–∫–∞ –Ø–≤—Ä–æ–ø—Å–∞.
political-geographic-object;['–ª–∞–æ—Å'];–õ–∞–æ—Å -
political-geographic-object;['–∫–∞–º–±–æ–¥–∂–∞'];–ö–∞–º–±–æ–¥–∂–∞ - - –ü—è–ª–µ–≤–µ–Ω—å –®–∏—Å—Ç—è–º–∞—à–∏—Ä–µ–Ω—å –º–∞—Å—Ç–æ—Ä—Ö–Ω–µ–Ω—å —ç–∑–¥–∞ —Ñ–∫—è—Å—å.
political-geographic-object;['–∞–≤—Å—Ç—Ä–∞–ª–∏–µ', '–∞–≤—Å—Ç—Ä–∞–ª–∏—è'];–ê–≤—Å—Ç—Ä–∞–ª–∏–µ - –∏–Ω—å —ë–º–ª–∞ –º–∞—Å—Ç–æ—Ä–±—è–ª—å–∫—Å—Å—å –ª—è–º–±–µ—à–∏—Ä–µ –ø—è–ª–µ—à–∞—Ä—Å–∞, –°–µ—Ç—å–º–µ –¥–∏ –ò–Ω–¥–∏—è–Ω—å –æ–∫–µ–∞—Ç—Ç–Ω–µ–Ω—å —ë—Ç–∫—Å–∞.
political-geographic-object;['–≥—Ä—É–∑–∏–µ'];–ì—Ä—É–∑–∏–µ - - –õ—è–º–±–µ—à–∏—Ä–µ–Ω—å –ö–∞–≤–∫–∞–∑–æ–Ω—å –º–∞—Å—Ç–æ—Ä—Å—å.
political-geographic-object;['–≤–µ–Ω–≥–µ—Ä–æ–Ω—å –º–∞—Å—Ç–æ—Ä'];–í–µ–Ω–≥–µ—Ä–æ–Ω—å –º–∞—Å—Ç–æ—Ä –∏–ª—è–∫—Å –ú–∞–¥—å—è—Ä–æ–Ω—å –º–∞—Å—Ç–æ—Ä (–≤–µ–Ω–≥–µ—Ä–æ–∫—Å Magyarorsz√°g) –∏–ª–∞–Ω—å –∫–æ—Ä—è—Å –í–µ–Ω–≥–µ—Ä–æ–Ω—å —Ä–µ—Å–ø—É–±–ª–∏–∫ (–≤–µ–Ω–≥–µ—Ä–æ–∫—Å Magyar K√∂zt√°rsas√°g) - –∫—É—á–∫–∞ –Ø–≤—Ä–æ–ø–æ–Ω—å –º–∞—Å—Ç–æ—Ä—Å—å –∫–æ–Ω–∞–Ω—å —É–ª–∏—Ö—Ç—å –º–∞—Å—Ç–æ—Ä–∫–∏—Ç—å–∫—Å—Å–Ω–∞ –ê–≤—Å—Ç—Ä–∏–µ, –°–ª–æ–≤–∞–∫–∏–µ, –£–∫—Ä–∞–∏–Ω, –†—É–º—ã–Ω–∏–µ, –°–µ—Ä–±–∏–µ, –•–æ—Ä–≤–∞—Ç–∏–µ –¥–∏ –°–ª–æ–≤–µ–Ω–∏–µ –º–∞—Ä—Ö—Ç–∞.
political-geographic-object;['–ø–æ–ª–µ–Ω—å –º–∞—Å—Ç–æ—Ä'];–ü–æ–ª–µ–Ω—å –º–∞—Å—Ç–æ—Ä –∏–ª—è–∫—Å –ü–æ–ª—å—à–∞ (–ø–æ–ª–µ–∫—Å Polska), –∏–ª–∞–Ω—å –ª–µ–º–æ—Ü –ü–æ–ª–µ–Ω—å –º–∞—Å—Ç–æ—Ä–æ–Ω—å —Ä–µ—Å–ø—É–±–ª–∏–∫—Å—å (–ø–æ–ª–µ–∫—Å Rzeczpospolita Polska), –º–∞—Å—Ç–æ—Ä—Å—å –ö—É—á–∫–∞ –Ø–≤—Ä–æ–ø—Å–∞.
political-geographic-object;['–≤–∏–µ—Ç–Ω–∞–º'];–í–∏–µ—Ç–Ω–∞–º –∏–ª—è–∫—Å "–í–∏–µ—Ç–Ω–∞–º–æ–Ω—å –°–æ—Ü–∏–∞–ª–∏–∑–º–∞–Ω—å –†–µ—Å–ø—É–±–ª–∏–∫" (–≤–∏–µ—Ç–æ–∫—Å Vi·ªát Nam) - –º–∞—Å—Ç–æ—Ä—Å—å –®–∏—Å—Ç—è–º–∞ –ê–∑–∏–µ—Å–∞.
political-geographic-object;['–ª–∏–≤–∏–µ'];–õ–∏–≤–∏–µ (–∞—Ä–∞–±–æ–Ω—å: ‚ÄèŸÑŸäÿ®Ÿäÿß‚Äé ‚Äé ‚Äî –õ–∏–±–∏—è) ‚Äî –ø—è–ª–µ–≤–µ–Ω—å –ê—Ñ—Ä–∏–∫–æ–Ω—å –º–∞—Å—Ç–æ—Ä—Å—å.
political-geographic-object;['–≥–µ—Ä–º–∞–Ω–∏–µ –º–∞—Å—Ç–æ—Ä', '–≥–µ—Ä–º–∞–Ω–∏—è –º–∞—Å—Ç–æ—Ä', '–π–µ—Ä–º–∞–Ω–∏–µ–Ω—å –º–∞—Å—Ç–æ—Ä'];–ì–µ—Ä–º–∞–Ω–∏–µ –º–∞—Å—Ç–æ—Ä, –∏–ª–∞–Ω—å –ª–µ–º–æ—Ü –§–µ–¥–µ—Ä–∞—Ü–∏–µ–Ω—å –ì–µ—Ä–º–∞–Ω–∏–µ –†–µ—Å–ø—É–±–ª–∏–∫—Å—å - –º–∞—Å—Ç–æ—Ä—Å—å –∫—É—á–∫–∞ –Ø–≤—Ä–æ–ø—Å–∞.
political-geographic-object;['–µ–≥–∏–ø–µ—Ç'];–ï–≥–∏–ø–µ—Ç ‚Äî –ø—è–ª–µ–≤–µ–Ω—å –ê—Ñ—Ä–∏–∫–æ–Ω—å –º–∞—Å—Ç–æ—Ä—Å—å.
political-geographic-object;['–≥–∞–π–∞–Ω–∞'];–ì–∞–π–∞–Ω–∞ - - –º–∞—Å—Ç–æ—Ä—Å—å –õ—è–º–±–µ—à–∏—Ä–µ–Ω—å –ê–º–µ—Ä–∏–∫—Å–∞.
political-geographic-object;['—Å—É—Ä–∏–Ω–∞–º'];'–°—É—Ä–∏–Ω–∞–º - - –õ—è–º–±–µ—à–∏—Ä–µ–Ω—å –ê–º–µ—Ä–∏–∫–æ–Ω—å –º–∞—Å—Ç–æ—Ä—Å—å.
political-geographic-object;['–≤–µ–Ω–µ–∑—É–µ–ª–∞'];–í–µ–Ω–µ–∑—É–µ–ª–∞ (–∏—Å–ø–∞–Ω–∏–µ–∫—Å Venezuela
political-geographic-object;['–∞–ª–∂–∏—Ä'];–ê–ª–∂–∏—Ä (–∞—Ä–∞–±–æ–Ω—å: ‚Äé‚Äé ÿßŸÑÿ¨ÿ≤ÿßÿ¶ÿ±‚Äé ‚Äî –∞–ª—å-–î–∂–∞–∑–∞ÃÅ–∏—Ä) ‚Äî –ø—è–ª–µ–≤–µ–Ω—å –ê—Ñ—Ä–∏–∫–æ–Ω—å –º–∞—Å—Ç–æ—Ä—Å—å.
political-geographic-object;['–∏–Ω–¥–∏–µ', '–∏–Ω–¥–∏—è'];–ò–Ω–¥–∏–µ
political-geographic-object;['–∏—Ç–∞–ª–∏–µ'];–ò—Ç–∞–ª–∏–µ - –Ø–≤—Ä–æ–ø–æ–Ω—å –º–∞—Å—Ç–æ—Ä—Ö–Ω–µ–Ω—å —ç–∑–¥–∞ —Ñ–∫—è—Å—å.
political-geographic-object;['–≥—Ä–µ–∫–º–∞—Å—Ç–æ—Ä'];–ì—Ä–µ–∫–º–∞—Å—Ç–æ—Ä (–ì—Ä–µ–∫–æ–Ω—å —Ä–µ—Å–ø—É–±–ª–∏–∫—Å—å) (–≥—Ä–µ–∫–æ–∫—Å: ŒïŒªŒªŒ¨Œ¥Œ± ‚Äî –≠–ª–ª–∞–¥–∞) ‚Äî –õ—è–º–±–µ-—à–∏—Å—Ç—è–º–∞—à–∏—Ä–µ–Ω—å –Ø–≤—Ä–æ–ø–æ–Ω—å –º–∞—Å—Ç–æ—Ä—Å—å.
political-geographic-object;['—É–∫—Ä–∞–∏–Ω', '—É–∫—Ä–∞–∏–Ω–∞'];–£–∫—Ä–∞–∏–Ω (—É–∫—Ä–∞–∏–Ω–æ–∫—Å –£–∫—Ä–∞—ó–Ω–∞) ‚Äî –æ—Ü—é –º–∞—Å—Ç–æ—Ä—Å—å –®–∏—Å—Ç—è–º–∞—à–∏—Ä–µ–Ω—å –Ø–≤—Ä–æ–ø—Å–∞.
political-geographic-object;['–º–µ–∫—Å–∏–∫'];–ú–µ–∫—Å–∏–∫
political-geographic-object;['–∞—Ä–º–µ–Ω–∏–µ', '–∞—Ä–º–µ–Ω–∏—è', '–∞—Ä–º–µ–Ω–∏—è –º–∞—Å—Ç–æ—Ä'];–ê—Ä–º–µ–Ω–∏–µ (–ê—Ä–º–µ–Ω–∏–µ–Ω—å —Ä–µ—Å–ø—É–±–ª–∏–∫–∞—Å—å) (–∞—Ä–º—è–Ω–æ–Ω—å: ’Ä’°’µ’°’Ω’ø’°’∂’´ ’Ä’°’∂÷Ä’°’∫’•’ø’∏÷Ç’©’µ’∏÷Ç’∂ ‚Äî –ê–π–∞—Å—Ç–∞–Ω–∏ –ê–Ω—Ä–∞–ø–µ—Ç—É—Ç—é–Ω), –ê—Ä–º–µ–Ω–∏–µ (–∞—Ä–º—è–Ω–æ–Ω—å: ’Ä’°’µ’°’Ω’ø’°’∂ ‚Äî –ê–π–∞—Å—Ç–∞ÃÅ–Ω) ‚Äî –õ—è–º–±–µ—à–∏—Ä–µ–Ω—å –ö–∞–≤–∫–∞–∑–æ–Ω—å –º–∞—Å—Ç–æ—Ä—Å—å.
political-geographic-object;['–∏—Ä–∞–∫'];–ò—Ä–∞–∫ - - –º–∞—Å—Ç–æ—Ä—Å—å –ê–∑–∏–µ—Å–∞.
political-geographic-object;['–∫—Ä–∞–Ω—Ü–º–∞—Å—Ç–æ—Ä', '–∫—Ä–∞–Ω—Ü–æ–Ω—å –º–∞—Å—Ç–æ—Ä'];–ö—Ä–∞–Ω—Ü–º–∞—Å—Ç–æ—Ä –∏–ª—è–∫—Å –§—Ä–∞–Ω—Ü–∏—è, –∏–ª–∞–Ω—å –∫–æ—Ä—è—Å –ö—Ä–∞–Ω—Ü–º–∞—Å—Ç–æ—Ä–æ–Ω—å —Ä–µ—Å–ø—É–±–ª–∏–∫—Å—å (–∫—Ä–∞–Ω—Ü–æ–∫—Å R√©publique fran√ßaise) - –º–∞—Å—Ç–æ—Ä—Å—å —à–∏–≤–∞–ª–≥–æ–º –Ø–≤—Ä–æ–ø—Å–∞ –∏–Ω–µ–≤–µ–¥–µ–Ω—å –º–æ–¥–∞—Ç–Ω–µ–Ω—å –¥–∏ —Ü—ë–Ω–≥–∞—Ç–Ω–µ–Ω—å –º–∞—Ä—Ö—Ç–∞.
political-geographic-object;['—à–≤–µ–¥–º–∞—Å—Ç–æ—Ä', '—à–≤–µ—Ü–∏—è –º–∞—Å—Ç–æ—Ä'];–®–≤–µ–¥–º–∞—Å—Ç–æ—Ä –∏–ª–∞–Ω—å –∫–æ—Ä—è—Å –®–≤–µ–¥–º–∞—Å—Ç–æ—Ä –û—Ü—è–∑–æ—Ä–∫—Å—à–∏—Å—å (—à–≤–µ–¥–æ–∫—Å Konungariket Sverige).
political-geographic-object;['–ª–∏—Ö—Ç–µ–Ω—à—Ç–∞–π–Ω'];–õ–∏—Ö—Ç–µ–Ω—à—Ç–∞–π–Ω, –∏–ª–∞–Ω—å –∫–æ—Ä—è—Å –®–∏—Ä—è–∑–æ–Ω—å –º–æ–¥–∞ –õ–∏—Ö—Ç–µ–Ω—à—Ç–∞–π–Ω (–≥–µ—Ä–º–∞–Ω–æ–∫—Å F√ºrstentum Liechtenstein) - –∞—Ñ –æ—Ü—é –º–∞—Å—Ç–æ—Ä—Å—å –®–∏–≤–∞–ª–≥–æ–º –Ø–≤—Ä–æ–ø—Å–∞, –ø—è–∫—Å—Ç–∞—Ñ –∫–∞—Ñ—Ç–∞ —à–∞–±—Ä–∞ –º–∞—Å—Ç–æ—Ä—Ö–Ω–µ–Ω—å —ë—Ç–∫—Å–∞: –®–≤–∞–π—Ü–∞—Ä–∏–µ (—à–∏–≤–∞–ª–≥–æ–º —à–∏—Ä–µ—Å–∞) –¥–∏ –ê–≤—Å—Ç—Ä–∏–µ (—à–∏—Å—Ç—è–º–∞ —à–∏—Ä–µ—Å–∞).
political-geographic-object;['–∞–Ω–¥–æ—Ä–∞'];–ê–Ω–¥–æ—Ä–∞
political-geographic-object;['–∞–ª—è—Å–∫–∞', 'alaska'];–ê–ª—è—Å–∫–∞ - Alaska […ôÀàl√¶sk…ô]
political-geographic-object;['–∞–ª–∂–∏—Ä'];–ê–ª–∂–∏—Ä ‚Äî –ê–ª–∂–∏—Ä–æ–Ω—å –ø—Ä—è–æ—à–µ—Ü –¥–∏ –∏–Ω–µ –æ—Ü—é –æ—à—Å—å –º–∞—Å—Ç–æ—Ä—Å–∞.
political-geographic-object;['–∏–æ—Ä–¥–∞–Ω–∏–µ'];Coat of arms of Mexico.svg –ò–æ—Ä–¥–∞–Ω–∏–µ - ÿßŸÑŸÖŸÖŸÑŸÉÿ© ÿßŸÑÿ£ÿ±ÿØŸÜŸäÿ© ÿßŸÑŸáÿßÿ¥ŸÖŸäÿ©‚Äé‚Äé, –∞–ª—å-–ú–∞–º–ª—èÃÅ–∫–∞ –∞–ª—å-–£—Ä–¥—É–Ω–∏ÃÅ—è –∞–ª—å-–•–∞—à–∏–º–∏ÃÅ—è
political-geographic-object;['–ª–∏–≤–∞–Ω'];–õ–∏–≤–∞–Ω (–õ–∏–≤–∞–Ω–æ–Ω—å —Ä–µ—Å–ø—É–±–ª–∏–∫—Å—å) (ŸÑÿ®ŸÜÿßŸÜ ‚Äî –õ—É–±–Ω–∞–Ω) ‚Äî –ú–∞–ª–∞—Å—Ç–æ–Ω—å –®–∏—Å—Ç—è–º–∞—à–∏—Ä–µ–Ω—å –º–∞—Å—Ç–æ—Ä—Å—å, –∞—â–∏ —à–∏–≤–∞–ª–≥–æ–º –ú–æ–¥–∞–∫—É—á–∫–∞—Å—Ç–æ–Ω—å –∏–Ω–µ–≤–µ–¥—å–∂–∏—Ä–µ—Å–∞.
political-geographic-object;['–∞–º—Å—Ç–µ—Ä–¥–∞–º', 'amsterdam'];–ê–º—Å—Ç–µ—Ä–¥–∞–º - –ù–µ–¥–µ—Ä–ª–∞–Ω–¥–æ–Ω—å –ø—Ä—è–æ—à—Å—å.
political-geographic-object;['–∞–ª–∞ –æ—à'];–ê–ª–∞ –æ—à - english - Nizhniy Novgorod
political-geographic-object;['–∏—Å–ª–∞–Ω–¥–∏—è', '–∏—Å–ª–∞–Ω–¥–∞'];–ò—Å–ª–∞–Ω–¥–∞ - –ø—è–ª–µ—à–∏–Ω—å –Ø–≤—Ä–æ–ø–∞–Ω—å –º–∞—Å—Ç–æ—Ä—Ö–Ω–µ–Ω—å —ç–∑–¥–∞ —Ñ–∫—è—Å—å.
political-geographic-object;['–≥—Ä–µ–Ω–∞–¥–∞', 'grenada'];Coat of arms of Mexico.svg
political-geographic-object;['–ø—Ä–∞–≥–∞'];–ü—Ä–∞–≥–∞ - - –ß–µ—Ö–º–∞—Å—Ç–æ—Ä–æ–Ω—å –ø—Ä—è–æ—à—Å—å.
political-geographic-object;['–±—É–¥–∞–ø–µ—à—Ç', 'budapest'];–ë—É–¥–∞–ø–µ—à—Ç - –í–µ–Ω–≥–µ—Ä–æ–Ω—å –º–∞—Å—Ç–æ—Ä –∏–ª—è–∫—Å –ú–∞–¥—å—è—Ä–æ–Ω—å –º–∞—Å—Ç–æ—Ä –ø—Ä—è–æ—à–µ—Ü.
political-geographic-object;['—Ä–∏–º'];–†–∏–º - –ò—Ç–∞–ª–∏–µ–Ω—å –ø—Ä—è–æ—à—Å—å.
political-geographic-object;['–±–µ–π—Ä—É—Ç –æ—à—Å—å'];–ë–µ–π—Ä—É—Ç - –õ–∏–≤–∞–Ω–æ–Ω—å –ø—Ä—è–æ—à—Å—å.
political-geographic-object;['–µ—Ä—É—Å–∞–ª–∏–º'];–ï—Ä—É—Å–∞–ª–∏–º (–µ–≤—Ä–µ–µ–Ω—å: ◊ô◊®◊ï◊©◊ú◊ô◊ù‚Äé –ô–µ—Ä—É—à–∞–ª–∞ÃÅ–∏–º, –∞—Ä–∞–±–æ–Ω—å: ÿßŸÑŸÇÿØÿ≥‚Äé –∞–ª—å-–öÃ£—É–¥—Å) ‚Äî –∫—É–Ω–∞—Ä–¥–æ–Ω—å –º–∞–ª–∞—Å—Ç–æ–Ω—å —à–∏—Å—Ç—è–º–∞—à–∏—Ä–µ–Ω—å –æ—à—Å—å.
political-geographic-object;['–∫–∏–µ–≤', '–∫–∏—ó–≤', '—à—É–º–±—Ä–∞—Ç'];–ö–∏ÃÅ–µ–≤ ‚Äî –£–∫—Ä–∞–∏–Ω–æ–Ω—å –ø—Ä—è–æ—à–µ—Ü –¥–∏ —Å—è–¥–∞ –æ—Ü—é –æ—à—Å—å –º–∞—Å—Ç–æ—Ä—Å–∞.
political-geographic-object;['–µ—Ä–µ–≤–∞–Ω –æ—à—Å—å'];–ï—Ä–µ–≤–∞–Ω - –ê—Ä–º–µ–Ω–∏–µ–Ω—å –ø—Ä—è–æ—à—Å—å.
political-geographic-object;['–º–æ—Å–∫—É', '–º–æ—Å–∫–≤–∞'];–ú–æ—Å–∫—É –û—à - –†—É–∑–º–∞—Å—Ç–æ—Ä–æ–Ω—å —Ñ–µ–¥–µ—Ä–∞—Ü–∏–µ—Ç—å –ø—Ä—è–æ—à–µ—Ü –¥–∏ –∏–Ω–µ –æ—Ü—é –º–∞—Å—Ç–æ—Ä–æ–Ω—å –æ—à—Å—å.
political-geographic-object;['–∏–∑—Ä–∞–∏–ª—å', '–∏–∑—Ä–∞–∏–ª—å –º–∞—Å—Ç–æ—Ä—Å—å'];–ò–∑—Ä–∞–∏–ª—å (–ò–∑—Ä–∞–∏–ª—å –º–∞—Å—Ç–æ—Ä—Å—å) (–µ–≤—Ä–µ–µ–Ω—å: ◊ô÷¥◊©÷∞◊®÷∏◊ê÷µ◊ú‚Äé ‚Äî –ô–∏—Å—Ä–∞—ç–ª) - –º–∞—Å—Ç–æ—Ä—Å—å –õ—è–º–±–µ-—à–∏—Å—Ç—è–º–∞—à–∏—Ä–µ–Ω—å –ê–∑–∏–µ—Å–∞, —à–∏—Å—Ç—è–º–∞—à–∏—Ä–µ–Ω—å –ú–æ–¥–∞–∫—É—á–∫–∞—Å—Ç–æ–Ω—å –∏–Ω–µ–≤–µ–¥—å–∂–∏—Ä–µ—Å–∞.
political-geographic-object;['—Å—É–æ–º–∏ –º–∞—Å—Ç–æ—Ä'];–°—É–æ–º–∏ –º–∞—Å—Ç–æ—Ä –∫–æ–π—Ö–Ω–µ–Ω—å –∫–æ—Ä—è—Å –°—É–æ–º–∏ –†–µ—Å–ø—É–±–ª–∏–∫ - —Å–∫–∞–Ω–¥–∏–Ω–∞–≤–∏–µ–Ω—å –º–∞—Å—Ç–æ—Ä—Ö–Ω–µ–Ω—å —ç–∑–¥–∞ —Ñ–∫—è—Å—å.
political-geographic-object;['–∫–∞–±—É–ª', 'kabul'];–ö–∞–±—É–ª - –ê—Ñ–≥–∞–Ω–∏—Å—Ç–∞–Ω–æ–Ω—å –ø—Ä—è–æ—à—Å—å.
political-geographic-object;['–Ω–∏–∫–æ—Å–∏—è'];–ù–∏–∫–æ—Å–∏—è
political-geographic-object;['—Ç–∞–ª–ª–∏–Ω–Ω'];–¢–∞–ª–ª–∏–Ω–Ω - –≠—Å—Ç–æ–Ω–∏—è—Ç—å –ø—Ä—è–æ—à–µ—Ü.
political-geographic-object;['—Ö–µ–ª—å—Å–∏–Ω–∫–∏', 'helsinki'];–•–µ–ª—å—Å–∏–Ω–∫–∏ –°—É–æ–º–∏ –º–∞—Å—Ç–æ—Ä–æ–Ω—å –ø—Ä—è–æ—à—Å—å.
political-geographic-object;['–∞—Ñ–∏—Ç—Ç'];–ê—Ñ–∏—Ç—Ç - –ì—Ä–µ–∫–º–∞—Å—Ç–æ—Ä–æ–Ω—å –ø—Ä—è–æ—à—Å—å.
political-geographic-object;['—Ä–∏–≥–∞', 'rƒ´ga'];–†–∏–≥–∞ - –õ–∞—Ç–≤–∏–µ–Ω—å –ø—Ä—è–æ—à—Å—å.
political-geographic-object;['–≤–∏–ª—å–Ω—é—Å'];–í–∏–ª—å–Ω—é—Å - –õ–∏—Ç–≤–∞–Ω—å –ø—Ä—è–æ—à—Å—å.
political-geographic-object;['—Å—Ç–æ–∫–æ–ª—å–º–∞'];–°—Ç–æ–∫–æ–ª—å–º–∞ - –®–≤–µ–¥–º–∞—Å—Ç–æ—Ä–æ–Ω—å –ø—Ä—è–æ—à–µ—Ü.
political-geographic-object;['–±–∞–∫—É', 'bak√º'];–ë–∞–∫—É - –ê–∑–µ—Ä–±–∞–π–¥–∂–∞–Ω–æ–Ω—å –ø—Ä—è–æ—à—Å—å.
political-geographic-object;['–∫–∞–∏—Ä'];–ö–∞–∏—Ä - - –ï–≥–∏–ø–µ—Ç–æ–Ω—å –ø—Ä—è–æ—à—Å—å.
political-geographic-object;['–∞–Ω–∫–∞—Ä–∞', 'ankara'];–ê–Ω–∫–∞—Ä–∞ ‚Äî –¢—É—Ä–∫–∞–º–∞—Å—Ç–æ—Ä—Ç—å –ø—Ä—è–æ—à–µ—Ü.
political-geographic-object;['–±—Ä–∞–∑–∏–ª–∏–µ'];–ë—Ä–∞–∑–∏–ª–∏–µ - - –õ—è–º–±–µ—à–∏—Ä–µ–Ω—å –ê–º–µ—Ä–∏–∫–æ–Ω—å –º–∞—Å—Ç–æ—Ä—Ö–Ω–µ–Ω—å —ç–∑–¥–∞ —Ñ–∫—è—Å—å.
political-geographic-object;['–ø—Ä–µ—Ç–æ—Ä–∏—è', 'pret√≥ria'];–ü—Ä–µ—Ç–æ—Ä–∏—è - –õ—è–º–±–µ—à–∏—Ä–µ–Ω—å –ê—Ñ—Ä–∏–∫–æ–Ω—å –†–µ–ø—É–±–ª–∏–∫—Ç—å –ø—Ä—è–æ—à—Å—å.
quality;['—É–ª–µ'];–£–ª–µ ‚Äî —Ç—è —Ç—é—Å—Å—å.
quality;['—Ç—é—Å', '—Ç—é—Å—Å–∞'];–¢—é—Å–Ω–µ
quality;['—Ç–∞—Ä–∞–≤', '–∫–æ—Ä–∏—á–Ω–µ–≤–∞–π'];–¢–∞—Ä–∞–≤ ‚Äî —Ç—è —Ç—é—Å—Å—å.
quality;['–∑–æ—Ä–æ–∞—Å—Ç—Ä–∏–∑–º–∞'];–ó–æ—Ä–æ–∞—Å—Ç—Ä–∏–∑–º–∞ –≤–∞—Å–µ–Ω–¥–∞ –º–∞–∑–¥–µ–∏–∑–º–∞
quality;['—Å–µ–Ω–µ–º'];–°–µ–Ω–µ–º ‚Äî —Ç—è —Ç—é—Å—Å—å.
quality;['—Å—è–Ω–≥—è—Ä—è'];–°—è–Ω–≥—è—Ä—è ‚Äî —Ç—è —Ç—é—Å—Å—å.
quality;['–∞–∫—à–∞'];–ê–∫—à–∞ ‚Äî —Ç—è —Ç—é—Å—Å—å.
quality;['—Ä–∞–≤–∂–∞'];–†–∞–≤–∂–∞ ‚Äî —Ç—è —Ç—é—Å—Å—å.
quality;['—è–∫—Å—Ç–µ—Ä—å'];–Ø–∫—Å—Ç–µ—Ä—å ‚Äî —Ç—è —Ç—é—Å—Å—å.
quality;['—Ç—é–∂—è'];–¢—é–∂—è ‚Äî —Ç—è —Ç—é—Å—Å—å.
region;['—à–∏'];–®–∏ - 24 –æ–µ–Ω—å –ø–∏–Ω–≥–æ–Ω—å –π–æ—Ç–∫–∞.
simple-collection;['–æ—Ñ—Ç–æ–Ω—å –º–∞–¥—è'];–û—Ñ—Ç–æ–Ω—å –º–∞–¥—è ‚Äì —Ç—è—à—Ç–µ–Ω–∞–ª—Å—å –ø—è–ª–µ–≤–µ–Ω—å –º–æ–¥–∞–Ω—å –ø—è–ª–µ—à–∞—Ä—Å–∞.
simple-collection;['–∫–µ–ª—è–≥–∞'];–ö–µ–ª—è–≥–∞ –∏–ª—è–∫—Å –£—Å—å–∫–µ —Ç—è—à—Ç—Ç—å ‚Äì —Ç—è—à—Ç–µ–Ω–∞–ª—Å—å –ø—è–ª–µ–≤–µ–Ω—å –º–æ–¥–∞–Ω—å –ø—è–ª–µ—à–∞—Ä—Å–∞.
simple-collection;['–∞–π–Ω–µ–º–∞—Ç–Ω–µ'];–ê–π–Ω–µ–º–∞—Ç–Ω–µ - –∫—É–Ω–∞—Ä–¥–æ–Ω—å –∞–∑–æ–Ω–¥–æ–º–∞—Ç–Ω–µ, –∫–æ–Ω–∞—Ç –ª–µ–∑–Ω–∏—Ö—Ç—å –æ–¥ –∞—Å—É—Å—å –º—É—à–µ–Ω–¥–æ–º—Å —Ç—è–Ω–∏–µ–Ω—å –ø–∏–Ω–≥–æ–Ω—å —Ç–µ–≤—Å–∞.
situation;['—à—É–º–±—Ä–∞—à–∏—Å—å'];–®—É–º–±—Ä–∞—à–∏—Å—å - —Å–ø–æ—Ä—Ç—Å—å, –∫–æ–¥–∞–º–æ–≥–∞ —É—Ä–º–∞—Ç–Ω–µ–Ω—å —ç–∑–¥–∞ –≤–∞–Ω—Ñ—Ç–æ–º–∞—Å—å, –≤–∞–π–º–∞–º–∞ —Ç–µ—Ñ–Ω–µ.
situation;['—Ç–æ–±–ª–æ–∫'];–¢–æ–±–ª–æ–∫ —ç–ª–∏ —à–∞–≤–ª–∞–∫—Ç –∏–ª—è–∫—Å —ç–ø–∏–¥–µ–º–∏—è–Ω—å –ø–∞—Ä–æ—Ç–∏—Ç - –ª–æ–º–∞–Ω–µ–Ω—å –≤–∏—Ä—É—Å–æ–Ω—å —É—Ä–º–∞—Å—å.
situation;['–≤–∞–Ω–¥–∞–ª–∏–∑–º–∞', '—Ä—É—Å—Å–∫–æ-–º–∞—Ä–¥–æ–≤—Å–∫–∏–π —Å–ª–æ–≤–∞—Ä—å'];–í–∞–Ω–¥–∞–ª–∏–∑–º–∞ ‚Äî –∏–Ω–≥–æ–ª–µ –∞—Ä—å—Å–µ—Ñ —ç–¥–∏ –∞—Å—É—Ñ—Ç–æ–º–∞ –∫—É–ª—å—Ç—É—Ä–∞–Ω—å –¥–∏ –º–∞—Ç–µ—Ä–∏–∞–ª–µ–Ω—å –ø–∞—Ä—à–∏–¥–∞ –º–∞—à—Ñ—Ç–æ–º–∞—Å—å.
socially-constructed-person;['–ø—Ç–æ–ª–µ–º–µ–π', '–ø—Ç–æ–ª–µ–º–µ–π, –∫–ª–∞–≤–¥–∏', '–∫–ª–∞–≤–¥–∏ –ø—Ç–æ–ª–µ–º–µ–π'];–ü—Ç–æ–ª–µ–º–µ–π, –ö–ª–∞–≤–¥–∏ ‚Äî –≥—Ä–µ–∫–æ–Ω—å –ª—É–≤–æ–º–∞—Ç–∏ —Å–æ–¥–∞–π—Å—å, –º–∞—Å—Ç–æ—Ä–ª–∞–Ω–≥–æ–Ω—å —Å–æ–¥–∞–π—Å—å, —Ç—è—à—Ç–µ–Ω—å —Å–æ–¥–∞–π—Å—å.
socially-constructed-person;['–∏–Ω–µ —Å–∞–Ω–¥–æ—Ä'];–ò–Ω–µ –°–∞–Ω–¥–æ—Ä (–ú–∞–∫–µ–¥–æ–Ω–∏—è—Å—Ç–æ–Ω—å) (356‚Äì323 –∫–∫. –º. –ø.
socially-constructed-person;['–∑–æ—Ä–æ–∞—Å—Ç–æ—Ä'];–ó–æ—Ä–æ–∞—Å—Ç–æ—Ä –∏–ª—è–∫—Å –ó–∞—Ä–∞—Ç—É—à—Ç—Ä–∞ - —ë—Ç–º–µ–ª—è–Ω—å –ò—Ä–∞–Ω–æ–Ω—å —à–∫–∞–π–º–∞—Ä—è–π –¥–∏ –∫–æ–π–≥–æ–Ω—å –≤–∞–ª–º–æ—Ä–∞–π.
socially-constructed-person;['–ø–∞–Ω–≥–∞', 'fungi'];–ü–∞–Ω–≥–∞
socially-constructed-person;['—Ç–∞—Ç–∞—Ä—Ö—Ç'];–¢–∞—Ç–∞—Ä—Ö—Ç (—Ç–∞—Ç–∞—Ä–æ–∫—Å Tatarlar / –¢–∞—Ç–∞—Ä–ª–∞—Ä) - –¢—É—Ä–∫–∞–Ω—å –∫—è–ª–µ–Ω—å –ª–æ–º–∞—Ç—Ç—å.
socially-constructed-person;['–∞—Ö—É—Ä–∞ –º–∞–∑–¥–∞'];–ê—Ö—É—Ä–∞ –ú–∞–∑–¥–∞, –û—Ä–º–∞–∑–¥ —ç–ª–∏ –û—Ä–º—É–∑–¥, "–°–º—É–∑—é –®–∫–∞–π" ‚Äî –í—è—Ä–¥–µ–Ω—å –®–∫–∞–π—Å—å –ó–æ—Ä–æ–∞—Å—Ç—Ä–∏–∑–º–∞–Ω—å –∫–æ–π–≥—Å–∞.
socially-constructed-person;['–Ω—é—Ç–æ–Ω, –∏—Å–∞–∞–∫'];–°—ç—Ä –ò—Å–∞–∞–∫ –ù—é—Ç–æ–Ω - —Å–æ–¥–∞—Ñ –∞–Ω–≥–ª–∞–Ω—å —Ñ–∏–∑–∏–∫–æ–Ω—å, –º–∞—Ç–µ–º–∞—Ç–∏–∫–æ–Ω—å, –∞—Å—Ç—Ä–æ–Ω–æ–º–∏—è–Ω—å, –Ω–∞—Ç—É—Ä–∞–ª–µ–Ω—å —Å–º—É–∑—å—à–∏–Ω—å, –∞–ª–∫–∏–º–∏–µ–Ω—å –∏ —Ç–µ–æ–ª–æ–≥–∏—è–Ω—å —Å–æ–¥–∞–π—Å—å.
socially-constructed-person;['–¥–µ–º–æ–Ω'];–î–µ–º–æ–Ω ‚Äî (–≥—Ä–µ–∫–æ–∫—Å: —à–∫–∞–π, —à–∫–∞–π–Ω—è) –≥—Ä–µ–∫–∞–Ω—å –∞–π–Ω–µ–º–∞—Ç–Ω–µ–Ω—å –∫–æ—Ä—è—Å —Å—Ç–∞–º–∞ —à–∫–∞–π, –∫–æ–Ω–∞ –Ω–∞–π –ª–µ–∑–¥—ã —ç–ª–∏ –Ω–∞–π —à–æ—Ä—Å–∏ —Ç–µ–≤–æ–Ω—å —Ç–∏–µ–º—Å—Ç–∞.
socially-constructed-person;['—Å—Ç–∞–ª–∏–Ω, –∏–æ—Å–∏—Ñ –≤–∏—Å—Å–∞—Ä–∏–æ–Ω–æ–≤–∏—á'];–°—Ç–∞–ª–∏–Ω, –ò–æ—Å–∏—Ñ –í–∏—Å—Å–∞—Ä–∏–æ–Ω–æ–≤–∏—á ‚Äî –†–æ—Å—Å–∏—è—Ç—å —Ä–µ–≤–æ–ª—é—Ü–∏–æ–Ω–µ—Ä, —Å–æ–≤–µ—Ç—Å–∫–∞–π –ø–æ–ª–∏—Ç–∏–∫–∞–Ω—å, –æ—Ü—è–∑–æ—Ä—à–∏–Ω—å, –≤–æ–µ–Ω–Ω–∞–π –∏ –ø–∞—Ä—Ç–∏—è–Ω—å –ª–æ–º–∞–Ω—å.
socially-constructed-person;['–∞–Ω–≥–æ–ª—å'];–ê–Ω–≥–æ–ª—å ‚Äì —à–∫–∞–µ–Ω—å –∫—É—á—Ñ—Å—å, –∫–æ–Ω–∞—Å—å –≤–∞–Ω—Ñ—Ç—Å—ã –ª–æ–º–∞–Ω—Ç—å –∏ —Ç–∏–∏ —Ç–µ–µ–Ω–∑–∞ —Ü–µ–±—è—Ä—å.
socially-constructed-person;['—Ç—ã—Ç–∞–≥–∞–Ω', '—Ç—ã—Ç—ã–≥–∞–Ω'];–¢—ã—Ç–∞–≥–∞–Ω - –º–µ–Ω–µ–ª—å–≤–µ–Ω–µ–∂–µ–Ω—å –∏ –æ—Ü—é–≤–µ–Ω–µ–∂–µ–Ω—å –≤—è—Ç–∏—Å—å.
subject;['–≥–µ–æ–≥—Ä–∞—Ñ–∏–µ'];–ì–µ–æ–≥—Ä–∞—Ñ–∏–µ (–≥—Ä–µ–∫–æ–Ω—å –∫—è–ª—å—Å—Ç–∞ –≥—Ä–µ–∫–æ–∫—Å: Œ≥ŒµœâŒ≥œÅŒ±œÜŒØŒ±) –º–æ–¥–∞–Ω—å –¥–∏ –º–∞—Å—Ç–æ—Ä–æ–Ω—å —Ç–æ–Ω–∞—Ñ–Ω–µ–º–∞–∫—Å—Å—å.
subject;['–∫–∏–º–∏–µ—Å—å', 'wp/mdf–∫–∏–º–∏–µ—Å—å'];–ö–∏–º–∏–µ—Å—å
subject;['–∫—è–ª–µ–Ω—å —Å–æ–¥–∞–º–∞—Å—å'];–ö—è–ª–µ–Ω—å —Å–æ–¥–∞–º–∞—Å—å ‚Äî –∫—è–ª—å—Ö–Ω–µ–Ω—å –∫–æ–ª–≥–∞ —Ç–æ–Ω–∞—Ñ—Ç–æ–º–∞—Å—å.
taxonomic-collective;['–∞—Ä–∞—Ö–Ω–∏—Ç–µ—Å', 'ophrys', 'arachnites'];–ê—Ä–∞—Ö–Ω–∏—Ç–µ—Å ‚Äî –û—Ä—Ö–∏–¥–µ—è —Ç—ä–Ω–∞–ª—Å—Ç–∞ –ø–∞–Ω—á—Ñ –∫–∞—Å—ã–∫—Å—Å—å.
taxonomic-collective;['–∞–ø–ª–µ–∫—Ç—Ä—É–º', 'aplectrum'];–ê–ø–ª–µ–∫—Ç—Ä—É–º ‚Äî –û—Ä—Ö–∏–¥–µ—è —Ç—ä–Ω–∞–ª—Å—Ç–∞ –ø–∞–Ω—á—Ñ –∫–∞—Å—ã–∫—Å—Å—å.
taxonomic-collective;['—É—à—Ç–æ—Ä', 'acer'];–£—à—Ç–æ—Ä - —à—É—Ñ—Ç—Ç–Ω–µ–Ω—å —ç–¥–∏ –∫–æ—Ñ–∫—Å–Ω–µ–Ω—å Sapindaceae —Ç—ä–Ω–∞–ª–æ–Ω—å —é—Ä–æ–º—Å—å.
taxonomic-collective;['–º–∞—Ä–ª—é', 'malus'];–ú–∞—Ä–ª—é - –ª–æ–ø–∞ –ø—Ä–∞—à–µ–Ω–¥—ã —Ä–æ–∑–∞–Ω—å —é—Ä–æ–º—Å—Ç–∞ —à—É—Ñ—Ñ—Ç–Ω–µ–Ω—å —ç–¥–∏ –ø—è–ª–µ –∫–æ—Ñ–∫—Å–Ω–µ–Ω—å —ç–∑–¥–∞ —Ñ–∫—è—Å—å –æ—Ü—é –ø–æ–∫–∞—Ä—è–≤ –∏–º–æ–∂ –º–∞—Ä—Ö—Ç–∞.
taxonomic-collective;['–ø–∞–Ω–∑–∏', 'buteo'];–ü–∞–Ω–∑–∏, –õ–æ–º–∞—Ç—Ç–Ω–µ–Ω—å –∞—Ä—å—Å–µ–º–∞—Å–Ω–æ–Ω –∫–æ—Ä—è—Å ‚Äì –®–∫–∞–µ–Ω—å —Å—é–¥–æ—Ñ –Ω–∞—Ä–º–æ–Ω—å.
taxonomic-collective;['–¥—Ä–∞–∫—É–ª–∞', 'dracula'];–î—Ä–∞–∫—É–ª–∞ (–ª–∞—Ç–∏–Ω–æ–∫—Å Dracula) ‚Äî –û—Ä—Ö–∏–¥–µ—è —Ç—ä–Ω–∞–ª—Å—Ç–∞ –ø–∞–Ω—á—Ñ –∫–∞—Å—ã–∫—Å—Å—å.
taxonomic-collective;['–¥—Ä–∏–∞–¥–µ–ª–ª–∞', 'dryadella'];–î—Ä–∏–∞–¥–µ–ª–ª–∞ (–ª–∞—Ç–∏–Ω–æ–∫—Å Dryadella) ‚Äî –û—Ä—Ö–∏–¥–µ—è —Ç—ä–Ω–∞–ª—Å—Ç–∞ –ø–∞–Ω—á—Ñ –∫–∞—Å—ã–∫—Å—Å—å.
taxonomic-collective;['–ø—è—à–µ', 'tilia', '–ø–µ—à–µ'];–ü—è—à–µ - —Å–∏–¥–µ—Å—Ç–∞ –≤–∞—Å—å—Ñ–Ω–µ–≤–∏–≤–∏ –º–∞–∑—ã —à—É—Ñ—Ç—Å—å.
taxonomic-collective;['–∫—à–∏–Ω—å —à—É—Ñ—Ç–∞ —é—Ä—Å', 'artocarpus'];–ö—à–∏–Ω—å —à—É—Ñ—Ç–∞ —é—Ä—Å (–ª–∞—Ç–∏–Ω–æ–∫—Å Artocarpus) —Å—É–≤—Å–∏—Ö—Ç—å 60-—à–∫–∞ —è–ª–∞–ø–∏–∂–µ –∫—É–º–æ–∫–∞–Ω—å —à—É—Ñ—Ç—Ç–Ω–µ–Ω—å —Å–æ—Ä—Ç—Å–Ω–∞ —Ç—É—Ç–æ–Ω–Ω–µ—Ç–Ω–µ–Ω—å —Ç—ä–Ω–∞–ª—Å—Ç–∞ (Moraceae), –∫–æ–Ω–∞—Ç–Ω–µ —Å–∞—Å—Ç—å –ü—è–ª–µ—à–∏–Ω—å-–®–∏—è—Å—Ç—è–º–∞ –ê–∑–∏–µ—Å—Ç–∞ –¥–∏ –°–µ—Ç—å–º–µ –æ—Ü—é–≤–µ–¥–µ–Ω—å —Ü—ë–Ω–≥–∞—Å—Ç–∞.
taxonomic-collective;['—Ü–∏–ø—Ä–∏–ø–µ–¥–∏—É–º', 'cypripedium'];–¶–∏–ø—Ä–∏–ø–µ–¥–∏—É–º (–ª–∞—Ç–∏–Ω–æ–∫—Å Cypripedium) ‚Äî –û—Ä—Ö–∏–¥–µ—è —Ç—ä–Ω–∞–ª—Å—Ç–∞ –ø–∞–Ω—á—Ñ –∫–∞—Å—ã–∫—Å—Å—å.
taxonomic-collective;['–∞–Ω–µ–∫—Ç–æ—Ö–∏–ª', 'anoectochilus'];–ê–Ω–µ–∫—Ç–æ—Ö–∏–ª (–ª–∞—Ç–∏–Ω–æ–∫—Å Anoectochilus) ‚Äî –û—Ä—Ö–∏–¥–µ—è —Ç—ä–Ω–∞–ª—Å—Ç–∞ –ø–∞–Ω—á—Ñ –∫–∞—Å—ã–∫—Å—Å—å.
taxonomic-collective;['—Ü–∏–∫–Ω–æ—Ö–µ—Å', 'cycnoches'];–¶–∏–∫–Ω–æ—Ö–µ—Å (–ª–∞—Ç–∏–Ω–æ–∫—Å Cycnoches) ‚Äî –û—Ä—Ö–∏–¥–µ—è —Ç—ä–Ω–∞–ª—Å—Ç–∞ –ø–∞–Ω—á—Ñ –∫–∞—Å—ã–∫—Å—Å—å.
taxonomic-collective;['—ç–ø–∏–ø–∞–∫—Ç–∏—Å', 'epipactis'];–≠–ø–∏–ø–∞–∫—Ç–∏—Å (–ª–∞—Ç–∏–Ω–æ–∫—Å Epipactis) ‚Äî –û—Ä—Ö–∏–¥–µ—è —Ç—ä–Ω–∞–ª—Å—Ç–∞ –ø–∞–Ω—á—Ñ –∫–∞—Å—ã–∫—Å—Å—å.
taxonomic-collective;['–∫–æ—Ä–∞–ª–ª–æ—Ä–∏–∑–∞', 'corallorrhiza'];–ö–æ—Ä–∞–ª–ª–æ—Ä–∏–∑–∞ (–ª–∞—Ç–∏–Ω–æ–∫—Å Corallorhiza) ‚Äî –û—Ä—Ö–∏–¥–µ—è —Ç—ä–Ω–∞–ª—Å—Ç–∞ –ø–∞–Ω—á—Ñ –∫–∞—Å—ã–∫—Å—Å—å.
taxonomic-collective;['—Ñ–∞–ª—ç–Ω–æ–ø—Å–∏—Å', 'doritis', 'phalaenopsis'];–§–∞–ª—ç–Ω–æ–ø—Å–∏—Å (–ª–∞—Ç–∏–Ω–æ–∫—Å Phalaenopsis) ‚Äî –û—Ä—Ö–∏–¥–µ—è —Ç—ä–Ω–∞–ª—Å—Ç–∞ –ø–∞–Ω—á—Ñ –∫–∞—Å—ã–∫—Å—Å—å.
taxonomic-collective;['–∞—Ä—Ö–∏–Ω–µ–æ—Ç—Ç–∏–µ', 'archineottia'];–ê—Ä—Ö–∏–Ω–µ–æ—Ç—Ç–∏–µ ‚Äî –û—Ä—Ö–∏–¥–µ—è —Ç—ä–Ω–∞–ª—Å—Ç–∞ –ø–∞–Ω—á—Ñ –∫–∞—Å—ã–∫—Å—Å—å.
taxonomic-collective;['–¥–∞–∫—Ç–∏–ª–æ—Ä–∏–∑–∞', 'dactylorhiza'];–î–∞–∫—Ç–∏–ª–æ—Ä–∏–∑–∞ (–ª–∞—Ç–∏–Ω–æ–∫—Å Dactylorhiza) ‚Äî –û—Ä—Ö–∏–¥–µ—è —Ç—ä–Ω–∞–ª—Å—Ç–∞ –ø–∞–Ω—á—Ñ –∫–∞—Å—ã–∫—Å—Å—å.
taxonomic-collective;['–±—Ä–∞—Å—Å–∏–µ', '–±—Ä–∞—Ö—Ç–∏–µ', 'brachtia', 'brassia'];–ë—Ä–∞—Ö—Ç–∏–µ ‚Äî –û—Ä—Ö–∏–¥–µ—è —Ç—ä–Ω–∞–ª—Å—Ç–∞ –ø–∞–Ω—á—Ñ –∫–∞—Å—ã–∫—Å—Å—å.
taxonomic-collective;['–±—Ä–∞—Å—Å–∏–µ', '–±—Ä–∞—Ö—Ç–∏–µ', 'brachtia', 'brassia'];–ë—Ä–∞—Å—Å–∏–µ (–ª–∞—Ç–∏–Ω–æ–∫—Å Brassia) ‚Äî –û—Ä—Ö–∏–¥–µ—è —Ç—ä–Ω–∞–ª—Å—Ç–∞ –ø–∞–Ω—á—Ñ –∫–∞—Å—ã–∫—Å—Å—å.
taxonomic-collective;['–∫–∞—Ç–∞—Å–µ—Ç—É–º', 'catasetum'];–ö–∞—Ç–∞—Å–µ—Ç—É–º (–ª–∞—Ç–∏–Ω–æ–∫—Å Catasetum) ‚Äî –û—Ä—Ö–∏–¥–µ—è —Ç—ä–Ω–∞–ª—Å—Ç–∞ –ø–∞–Ω—á—Ñ –∫–∞—Å—ã–∫—Å—Å—å.
taxonomic-collective;['–∞–Ω–≥—Ä–µ–∫—É–º', 'angraecum', 'bonniera'];–ê–Ω–≥—Ä–µ–∫—É–º (–ª–∞—Ç–∏–Ω–æ–∫—Å Angraecum) ‚Äî –û—Ä—Ö–∏–¥–µ—è —Ç—ä–Ω–∞–ª—Å—Ç–∞ –ø–∞–Ω—á—Ñ –∫–∞—Å—ã–∫—Å—Å—å.
taxonomic-collective;['—ç–ø–∏–¥–µ–Ω–¥—Ä—É–º', 'anacheilium', 'diothonea', 'epidanthus', 'epidendrum'];–≠–ø–∏–¥–µ–Ω–¥—Ä—É–º ‚Äî –û—Ä—Ö–∏–¥–µ—è —Ç—ä–Ω–∞–ª—Å—Ç–∞ –ø–∞–Ω—á—Ñ –∫–∞—Å—ã–∫—Å—Å—å.
taxonomic-collective;['—Å–ø–∏—Ä–∞–Ω—Ç–µ—Å', 'spiranthes'];–°–ø–∏—Ä–∞–Ω—Ç–µ—Å (–ª–∞—Ç–∏–Ω–æ–∫—Å Spiranthes) ‚Äî –û—Ä—Ö–∏–¥–µ—è —Ç—ä–Ω–∞–ª—Å—Ç–∞ –ø–∞–Ω—á—Ñ –∫–∞—Å—ã–∫—Å—Å—å.
taxonomic-collective;['—ç–Ω—Ü–∏–∫–ª–∏–µ', 'amblostoma', 'encyclia'];–≠–Ω—Ü–∏–∫–ª–∏–µ ( –ª–∞—Ç–∏–Ω–æ–∫—Å Encyclia) ‚Äî –û—Ä—Ö–∏–¥–µ—è —Ç—ä–Ω–∞–ª—Å—Ç–∞ –ø–∞–Ω—á—Ñ –∫–∞—Å—ã–∫—Å—Å—å.
taxonomic-collective;['—à–µ–µ—Ä—Ö–Ω–µ', 'muridae', '—à–µ–µ—Ä'];–®–µ–µ—Ä—Ö–Ω–µ - —Å–µ–º–±–æ–¥–∞ –æ—Ü—é –ª–æ—Ñ—Ü–æ–Ω—å —Ç—Ä—è–π—Ö–Ω–µ–Ω—å —Ç—ä–Ω–∞–ª—Å—å.
taxonomic-collective;['—Ç—É–≤–æ—Ç', 'suidae'];–¢—É–≤–æ—Ç (–ª–∞—Ç–∏–Ω–æ–∫—Å Suidae) ‚Äî —Ä—è–º—à–∞–π—Ö–Ω–µ–Ω—å —Ä–∞–∫—à–∞—Ç–Ω–µ —Ñ–∏–Ω—Ü–ø–µ—Å—Ç—è—Ñ–Ω–µ–Ω—å —Ç—ä–Ω–∞–ª—Å—Ç–∞.
taxonomic-collective;['–≥–ª–æ—Å—Å–æ–¥–∏–µ', 'glossodia'];–ì–ª–æ—Å—Å–æ–¥–∏ (–ª–∞—Ç–∏–Ω–æ–∫—Å Glossodia) ‚Äî –û—Ä—Ö–∏–¥–µ—è —Ç—ä–Ω–∞–ª—Å—Ç–∞ –ø–∞–Ω—á—Ñ –∫–∞—Å—ã–∫—Å—Å—å.
taxonomic-collective;['–±–ª–µ—Ç–∏–ª–ª–∞', 'bletilla'];–ë–ª–µ—Ç–∏–ª–ª–∞ (–ª–∞—Ç–∏–Ω–æ–∫—Å Bletilla) ‚Äî –û—Ä—Ö–∏–¥–µ—è —Ç—ä–Ω–∞–ª—Å—Ç–∞ –ø–∞–Ω—á—Ñ –∫–∞—Å—ã–∫—Å—Å—å.
taxonomic-collective;['—Ü–µ—Ñ–∞–ª–∞–Ω—Ç–µ—Ä–∞', 'cephalanthera'];–¶–µ—Ñ–∞–ª–∞–Ω—Ç–µ—Ä–∞ (–ª–∞—Ç–∏–Ω–æ–∫—Å Cephalanthera) ‚Äî –û—Ä—Ö–∏–¥–µ—è —Ç—ä–Ω–∞–ª—Å—Ç–∞ –ø–∞–Ω—á—Ñ –∫–∞—Å—ã–∫—Å—Å—å.
taxonomic-collective;['–∫–æ–º–ø–µ—Ä–∏–µ', 'comperia'];–ö–æ–º–ø–µ—Ä–∏–µ (–ª–∞—Ç–∏–Ω–æ–∫—Å Comperia comperiana) ‚Äî –û—Ä—Ö–∏–¥–µ—è —Ç—ä–Ω–∞–ª—Å—Ç–∞ –ø–∞–Ω—á—Ñ –∫–∞—Å—ã–∫—Å—Å—å.
taxonomic-collective;['–∫–æ—Ä–∏–∞–Ω—Ç–µ—Å', 'coryanthes'];–ö–æ—Ä–∏–∞–Ω—Ç–µ—Å (–ª–∞—Ç–∏–Ω–æ–∫—Å Coryanthes) ‚Äî –û—Ä—Ö–∏–¥–µ—è —Ç—ä–Ω–∞–ª—Å—Ç–∞ –ø–∞–Ω—á—Ñ –∫–∞—Å—ã–∫—Å—Å—å.
taxonomic-collective;['–∫–æ–µ–ª–æ–≥–ª–æ—Å—Å—É–º', 'coeloglossum'];–ö–æ–µ–ª–æ–≥–ª–æ—Å—Å—É–º ‚Äî –û—Ä—Ö–∏–¥–µ—è —Ç—ä–Ω–∞–ª—Å—Ç–∞ –ø–∞–Ω—á—Ñ –∫–∞—Å—ã–∫—Å—Å—å.
taxonomic-collective;['–∫–∞–ª–æ–ø–æ–≥–æ–Ω', 'calopogon'];–ö–∞–ª–æ–ø–æ–≥–æ–Ω (–ª–∞—Ç–∏–Ω–æ–∫—Å Calopogon) ‚Äî –û—Ä—Ö–∏–¥–µ—è —Ç—ä–Ω–∞–ª—Å—Ç–∞ –ø–∞–Ω—á—Ñ –∫–∞—Å—ã–∫—Å—Å—å.
taxonomic-collective;['–∫–ª–µ–π—Å—Ç–µ—Å', 'cleistes'];–ö–ª–µ–π—Å—Ç–µ—Å (–ª–∞—Ç–∏–Ω–æ–∫—Å Cleistes) ‚Äî –û—Ä—Ö–∏–¥–µ—è —Ç—ä–Ω–∞–ª—Å—Ç–∞ –ø–∞–Ω—á—Ñ –∫–∞—Å—ã–∫—Å—Å—å.
taxonomic-collective;['–∫–∞—Ä–≥–∞', 'grus'];–ö–∞—Ä–≥–∞ ‚Äî –∫–∞—Ä–≥–∞—Ç —Ç—ä–Ω–∞–ª—Ç—å —ç–∑–¥–∞ —Ñ–∫—è—Å—å.
taxonomic-collective;['–∫–∞—Ä—É', 'musca'];–ö–∞—Ä—É - Muscidae —Ç—ä–Ω–∞–ª—Å—Ç–∞ —à–∞—à–Ω–∏—Ö–Ω–µ–Ω—å —é—Ä–æ–º—Å—å
taxonomic-collective;['–∫–µ–π', 'rubia'];–ö–µ–π ‚Äî Rubiaceae –ª–∞–º–æ–∫–∏–∑–æ–Ω—å —Ç–∏—à–µ—Ç–Ω–µ–Ω—å —ç–∑–¥–∞ —Ñ–∫—è—Å—å.
taxonomic-collective;['–ø—ä—Å—å–º–∞—Ä', 'sturnus'];–ü—ä—Å—å–º–∞—Ä ‚Äî –ü—ä—Å—å–º–∞—Ä–æ–Ω—å —Ç—ä–Ω–∞–ª—Å—Ç–æ–Ω—å —ç–∑–¥–∞ —Ñ–∫—è—Å—å.
taxonomic-collective;['–º–∞—Ü–∏', 'anser'];–ú–∞—Ü–∏ ‚Äî –Ø–∫—Å—è—Ä–≥–æ–Ω—å —Ç—ä–Ω–∞–ª—Å—Ç–æ–Ω—å —ç–∑–¥–∞ —Ñ–∫—è—Å—å.
taxonomic-collective;['–≤–∏—à–∫—è—Ä—å–≥–µ', 'heracleum'];–í–∏—à–∫—è—Ä—å–≥–µ ‚Äî –ø–∞–Ω–≥–∞—à–∫–∞–ø—Ä—è —é—Ä—Å—Ç–∞ –∫–∞—Å—ã–∫—Å—Å—å.
temporal-region;['–æ—á–∏–∂–∏'];–û—á–∏–∂–∏ ‚Äì (—ç—Ä–∑—è–Ω—å –ò–Ω–µ—á–∏) –æ—Ü—é –º–æ–∫—à–µ–Ω—å –∏–ª–∞—Å—å.
temporal-region;['—Ä–æ—à—Ç—É–≤–∞'];–†–æ—à—Ç—É–≤–∞ - –∏–Ω—å –æ—Ü—é –ö—Ä–∏—Å—Ç–æ–∑—à–∏–Ω—å –∏–ª–∞, –∫–æ–Ω–∞ —ë—Ç–∞—Ñ–Ω–µ–≤–∏ 7-—Ü–µ —è–Ω–≤–∞—Ä—å—Å—Ç–∞ –ò–∏—Å—É—Å –ö—Ä–∏—Å—Ç–æ–∑—Ç—å —à–∞—á–µ–º–∞–Ω—Ü –ª–µ–º—Å.
temporal-region;['—Ä—É—Å–∫–∞'];–†—É—Å–∫–∞ ‚Äî –≤–∞—Å–µ–Ω—å —Å—ë–∫—Å–µ –ø–∏–Ω–≥–µ, –º–∑—è—Ä–¥–∞ —É—à–µ—Å—å –ª—è–º–±–µ –¥–∏ –≤–∏—Ä—è–≤–∞–Ω—å —Å—é—Ä–µ—Ç–Ω–µ –ª–∏–π–∫—Å—Ç–∞–π—Ö—Ç—å.
temporal-region;['—Ç–∞—Ä–≥–æ—à–∏', '—Ç–∞—Ä–≥–∂–∏'];–¢–∞—Ä–≥–æ—à–∏ - —Ç–∞—Ä–≥–æ–Ω—å –≤–∞—Å–µ–Ω—Ü–µ —à–∏—Å—å, –∏–ª—è–∫—Å "–Ω–µ–¥–ª—è—à–∏".
temporal-region;['—Ç—Ä–æ–π—Ü—è'];–¢—Ä–æ–π—Ü—è - –∏–Ω—å –æ—Ü—é —Ç—É–Ω–¥–∞–Ω—å –º–æ–∫—à–µ–Ω—å –∏–ª–∞—Å—å, –º–µ–∫–æ–ª—å—Ü–µ—Å—å —Ç—É–Ω–¥–∞–Ω—å –∏–ª–∞—Ç–Ω–µ–Ω—å –π–æ—Ç–∫—Å–∞.
temporal-region;['–∫–µ–ª—å–º–µ–∫–æ–≤', '—è–Ω–≤–∞—Ä—å–≥–æ–≤', '–π–∞–Ω–≤–∞—Ä—å–≥–æ–≤', '–π–∞–Ω–¥–≤–∞—Ä—å'];–ö–µ–ª—å–º–µ–∫–æ–≤ –∏–ª—è–∫—Å –Ø–Ω–≤–∞—Ä—å–≥–æ–≤ - –∫–∏–∑–æ–Ω—å –≤–∞—Å–µ–Ω—Ü–µ –∫–æ–≤—Å—å.
temporal-region;['—à—É–≤–∞–ª–∞–Ω—è'];–®—É–≤–∞–ª–∞–Ω—è - –≤–µ—Ç–µ—Ü–µ —Ç–∞—Ä–≥–æ–Ω—å —à–∏—Å—å.
temporal-region;['–∫–µ–ª—å–º–µ–∫–æ–≤', '—è–Ω–≤–∞—Ä—å–≥–æ–≤', '–π–∞–Ω–≤–∞—Ä—å–≥–æ–≤', '–π–∞–Ω–¥–≤–∞—Ä—å'];–ö–µ–ª—å–º–µ–∫–æ–≤ –∏–ª—è–∫—Å –Ø–Ω–≤–∞—Ä—å–≥–æ–≤ - –∫–∏–∑–æ–Ω—å –≤–∞—Å–µ–Ω—Ü–µ –∫–æ–≤—Å—å.
temporal-region;['–∫–µ–ª—å–º–µ–∫–æ–≤', '—è–Ω–≤–∞—Ä—å–≥–æ–≤', '–π–∞–Ω–≤–∞—Ä—å–≥–æ–≤', '–π–∞–Ω–¥–≤–∞—Ä—å'];–ö–µ–ª—å–º–µ–∫–æ–≤ –∏–ª—è–∫—Å –Ø–Ω–≤–∞—Ä—å–≥–æ–≤ - –∫–∏–∑–æ–Ω—å –≤–∞—Å–µ–Ω—Ü–µ –∫–æ–≤—Å—å.
temporal-region;['–≤–µ—Ä–∂–∏'];–í–µ—Ä–∂–∏ - —Ç–∞—Ä–≥–æ–Ω—å –Ω–∏–ª–µ—Ü–µ —à–∏—Å—å.
temporal-region;['–¥–µ–∫–∞–±—Ä—å–∫–æ–≤', '–∫—É—á–∫–∞–∫–æ–≤'];–ö—É—á–∫–∞–∫–æ–≤ –∏–ª—è–∫—Å –î–µ–∫–∞–±—Ä—å–∫–æ–≤ - –º–µ–∫–æ–ª—å—Ü–µ, –∫–µ–º–≥–∞—Ñ—Ç—É–≤–æ—Ü–µ –∫–∏–∑–æ–Ω—å –∫–æ–≤—Å—å.
temporal-region;['–¥–µ–∫–∞–±—Ä—å–∫–æ–≤', '–∫—É—á–∫–∞–∫–æ–≤'];–ö—É—á–∫–∞–∫–æ–≤ –∏–ª—è–∫—Å –î–µ–∫–∞–±—Ä—å–∫–æ–≤ - –º–µ–∫–æ–ª—å—Ü–µ, –∫–µ–º–≥–∞—Ñ—Ç—É–≤–æ—Ü–µ –∫–∏–∑–æ–Ω—å –∫–æ–≤—Å—å.
temporal-region;['–ø–∞–Ω–∂–∏–∫–æ–≤', '–º–∞–π–≥–æ–≤'];–ü–∞–Ω–∂–∏–∫–æ–≤ –∏–ª—è–∫—Å –ú–∞–π–≥–æ–≤ - –∫–∏–∑–æ–Ω—å –≤–µ—Ç–µ—Ü–µ –∫–æ–≤—Å—å.
temporal-region;['—Ç—é–∂—è–≥–æ–≤', '—Å–µ–Ω—Ç—è–±—Ä—å–∫–æ–≤'];–¢—é–∂—è–≥–æ–≤ –∏–ª—è–∫—Å –°–µ–Ω—Ç—è–±—Ä—å–∫–æ–≤ - –≤–µ–π—Ö–∫—Å–æ—Ü–µ –∫–∏–∑–æ–Ω—å –∫–æ–≤—Å—å.
temporal-region;['–º–∞—Ä–∞–π–∫–æ–≤', '–º–∞—Ä–∫–æ–≤'];–ú–∞—Ä–∞–π–∫–æ–≤ –∏–ª—è–∫—Å –ú–∞—Ä–∫–æ–≤ - –∫–æ–ª–º–æ—Ü–µ –∫–∏–∑–æ–Ω—å –∫–æ–≤—Å—å.
temporal-region;['—É—Ñ–∞–π–∫–æ–≤', '—Ñ–µ–≤—Ä–∞–ª—å–∫–æ–≤'];–£—Ñ–∞–π–∫–æ–≤ –∏–ª—è–∫—Å –§–µ–≤—Ä–∞–ª—å–∫–æ–≤ ‚Äî –∫–∏–∑–æ–Ω—å –æ–º–±–æ—Ü–µ –∫–æ–≤—Å—å.
temporal-region;['—Å—ë—Ä–æ–Ω—å–∫–æ–≤', '–∞–≤–≥—É—Å—Ç–∫–æ–≤'];–°—ë—Ä–æ–Ω—å–∫–æ–≤ –∏–ª—è–∫—Å –ê–≤–≥—É—Å—Ç–∫–æ–≤ - –∫–∞—Ñ–∫—Å–æ—Ü–µ –∫–∏–∑–æ–Ω—å –∫–æ–≤—Å—å.
temporal-region;['–ø—Å–∏–∫–æ–≤', '–∏–π—É–ª—å–∫–æ–≤', '–∏—é–ª—å–∫–æ–≤'];–ü—Å–∏–∫–æ–≤ –∏–ª—è–∫—Å –ò—é–ª—å–∫–æ–≤ - —Å–∏—Å–µ–º—Ü–µ –∫–∏–∑–æ–Ω—å –∫–æ–≤—Å—å.
temporal-region;['—à—É–¥–∏–∫–æ–≤', '–∞–ø—Ä–µ–ª—å–∫–æ–≤'];–®—É–¥–∏–∫–æ–≤ –∏–ª—è–∫—Å –ê–ø—Ä–µ–ª—å–∫–æ–≤- –∫–∏–∑–æ–Ω—å –Ω–∏–ª–µ—Ü–µ –∫–æ–≤—Å—å.
temporal-region;['–ª—è–º–±–µ–∫–æ–≤', '–∏–π—É–Ω—å–∫–æ–≤', '–∏—é–Ω—å–∫–æ–≤'];–õ—è–º–±–µ–∫–æ–≤ –∏–ª—è–∫—Å –ò—é–Ω—å–∫–æ–≤ ‚Äì –∫–æ—Ç–æ—Ü–µ –∫–∏–∑–æ–Ω—å –∫–æ–≤—Å—å.
temporal-region;['—ç–π–Ω–¥–∞–º–∫–æ–≤', '–Ω–æ—è–±—Ä—å–∫–æ–≤'];–≠–π–Ω–¥–∞–º–∫–æ–≤ –∏–ª—è–∫—Å –ù–æ—è–±—Ä—å–∫–æ–≤ - –∫–µ—Ñ–∫–∏–µ—Ü–µ –∫–∏–∑–æ–Ω—å –∫–æ–≤—Å—å.
temporal-region;['–∫–µ–ª—å–º–∞–∑–∞–∫–æ–≤', '–æ–∫—Ç—è–±—Ä—å–∫–æ–≤'];–ö–µ–ª—å–º–∞–∑–∞–∫–æ–≤ –∏–ª—è–∫—Å –û–∫—Ç—è–±—Ä—å–∫–æ–≤ - –∫–µ–º–æ–Ω—å—Ü–µ –∫–∏–∑–æ–Ω—å –∫–æ–≤—Å—å.
temporal-region;['–æ–¥–≥–æ–≤—à–∏', '–≤–∏–¥–µ—à–∏'];–û–¥–≥–æ–≤—à–∏ - —Ç–∞—Ä–≥–æ–Ω—å –æ–º–±–æ—Ü–µ —à–∏—Å—å, –∏–ª—è–∫—Å –ø–∞–Ω–µ–¥–µ–ª—å–Ω–∏–∫.
temporal-region;['—ë—Ç–∫—à–∏', '–π–æ—Ç–∫—à–∏'];–Å—Ç–∫—à–∏ - —Ç–∞—Ä–≥–æ–Ω—å –º–µ–∫–æ–ª—å—Ü–µ, —Å–∏—Å–µ–º—Ü–µ —à–∏—Å—å.
temporal-region;['—Ü–∏–ª–µ—à–∏'];–¶–∏–ª–µ—à–∏ - —Ç–∞—Ä–≥–æ–Ω—å –∫–æ—Ç–æ—Ü–µ —à–∏—Å—å.
temporal-region;['—à–∞–≤—à–∏'];–®–∞–≤—à–∏ - —Ç–∞—Ä–≥–æ–Ω—å –∫–æ–ª–º–æ—Ü–µ —à–∏—Å—å.
