activity;['jalgumi√§ƒçƒçy'];Jalgumi√§ƒçƒçy on joukkosportan laji.
activity;['≈°ahmuattuki≈æa'];≈†ahmuattuki≈æa on strateegielline stolaki≈æa, kuduah ki≈æuau kaksi hengie.
activity;['basketbol'];Basketbol on joukkosportuki≈æa mi√§ƒçynke.
activity;['tennissu'];Tennissu on sportulaji, kuduadu ki≈æatah kaksi ki≈æuajua libo kaksi joukkuo.
activity;['opastus'];Opastus libo opastandu on didaktiekan keskeizin k√§ziteh da tarkoittau kazvatustavottehien suundastu tavoittehellistu vuorovaikutustu, kudaman pyrgimyksenny on opastundu.
activity;['sportu'];Sportu on t√§rgei ristikanzan eloksen ozapuoli.
activity;['kino'];Kino on taidehmuodo, kudai on t√§n√§p√§i yksi popul'arnolois aijanviettolajilois.
activity;['pajo'];Pajo on yksinkerdaine da levitetty vokalien muuzikan muodo, kudai yhtist√§y runuo meloudienke.
activity;['teatru'];Teatru on ezitt√§j√§n taidehen muodo, kuduas ozuttelijat n√§ytell√§h rahvahan ies paginua, muuzikkua, tansii, liikkehii da viippavuksii k√§ytt√§jen.
activity;['animacii'];Animacii (lat.
activity;['ƒçuaju'];ƒåuaju on ƒçuajutuhjon lehtil√∂is valmistettavu juomine.
activity;['opastus'];Opastus libo opastandu on didaktiekan keskeizin k√§ziteh da tarkoittau kazvatustavottehien suundastu tavoittehellistu vuorovaikutustu, kudaman pyrgimyksenny on opastundu.
agentive-figure;['unesco'];UNESCO libo Yhtistynny√∂zien kanzukundien kazvatus-, tiedo- ja kul'tuuruj√§rjest√∂ (angl.
agentive-figure;['jevroupan unioni', 'üá™üá∫', 'europan unioni'];Jevroupan unioni on 28 valdivon muovostama ekounoumilline da poliittine liitto Jevroupas.
agentive-figure;['uskondo'];Uskondo tarkoittau uskuo jumalan libo muun ylihumannoin v√§in olemasoloh da sih liittyji√§ pyhy√∂n kogemustu.
agentive-figure;['don quijote'];Don Quijote on El ingenioso hidalgo Don Quijote de la Mancha -romuanan pi√§hengi.
agentive-physical-object;['ruskeijalguvigli', 'tringa totanus'];Ruskeijalguvigli on lindu.
agentive-physical-object;['majai'];Majai on puolivezine jyrzij√∂in joukkoh kuului el√§tti, se on yksi kahtes nygyaigazes majualoin perehen edustajas.
agentive-physical-object;['suurimustuahven'];Suurimustuahven on p√§ivyahvenien heimoh kuului kala.
agentive-physical-object;['kuornahus', 'empetrum nigrum'];Kuornahus (poƒçinmust‚Äôoi, varoinmuarju) on pienikazvoine, muadu my√∂ levijy kazvi aivenvihandoin tuhjozien roduu Kanabrokazviloin rodukundua. sen lehtet ollah havvunn√§g√∂zet, kukkazet hienozet muzavanruskiet. se enimy√∂lleh kazvau Pohjazes muan puoli≈°kos, ga sid√§ voibi vastata Suvi Amierikasgi. sid√§ toiƒçi k√§ytet√§h kui dekoratiivistu kazvii.
agentive-physical-object;['tiedokoneh'];Tiedokoneh on laiteh, kudai k√§zittel√∂y noumeri-lougiestu tieduo oman ohjelman mugah.
agentive-physical-object;['koiru', 'canis lupus familiaris'];Koiru on kodiel√§tti.
agentive-physical-object;['sienet', 'fungi'];Sienet on suurin grivanjoukko, kuduas on mondu tuhattu erilastu lajii.
agentive-physical-object;['ahven', 'perca fluviatilis'];Ahven on kala.
agentive-physical-object;['imiƒçƒçy'];Imiƒçƒçy
agentive-physical-object;['m√§gry'];M√§gry on luonnolline meƒçƒçyel√§tti, kudai enin aigua omas elokses viett√§y pez√§s, el√§tin rungan eriƒçykset avvutetah sille t√§s.
agentive-physical-object;['pikkumustuahven', 'micropterus dolomieu'];Pikkumustuahven on p√§ivyahvenien heimoh kuului kala.
agentive-physical-object;['amerikanhuabalo', 'anas americana'];Amerikanhuabalo on sorzien heimoh kuului lindu.
agentive-physical-object;['androidu'];Androidu (angl.
agentive-physical-object;['kivimatikku', 'zoarces viviparus', 'kivimajeh'];Kivimatikku libo kivimajeh
agentive-physical-object;['juomoi'];Juomoi (lat.
agentive-physical-object;['lehtikuuzi'];Lehtikuuzi on kaikis puulajilois levinnyh kogo muailmas.
agentive-physical-object;['paju'];Paju (lat.
agentive-physical-object;["t'ul'pan"];T'ul'pan
agentive-physical-object;['kiurut'];Kiurut ollah ƒçiuƒçoilinduloin lahkoh kuului linduheimo.
agentive-physical-object;["kl'ona", 'acer', 'kl‚Äôona'];Kl'ona (lat.
agentive-physical-object;['kelloine', 'ka≈æinkelloine', 'sinikelloine'];Kelloine
agentive-physical-object;['pohjaine pedru', 'rangifer tarandus'];Pohjaine pedru el√§y enimy√∂lleh Karjalan tazavallan pohjazes.
agentive-physical-object;['liivukana', 'gallinula chloropus', 'liejukana'];Liivukana (Gallinula chloropus) on randukanoin heimoh kuului lindu.
agentive-physical-object;['ruokki', 'alca torda', 'alle alle'];Ruokki on lindu.
agentive-physical-object;['lumihanhi', 'anser caerulescens', 'valgeihanhi'];Lumihanhi libo valgeihanhi on lindu.
agentive-physical-object;['kuhankiehuttai', 'kelduviheld√§i'];Kuhankiehuttai (Oriolus oriolus) on lindu.
agentive-physical-object;['kiuru'];Kiuru on kiuruloin heimoh kuului pieni Europas, Aazies da Pohjas-Afrikas pezii pikkaraine lindu.
agentive-physical-object;["≈°n'uakku", 'corvus monedula', "n'uakku"];≈†n'uakku libo n'uakku (lat.
agentive-physical-object;['suokurmoi', 'numenius arquata', 'suokuoboi'];Suokurmoi (Numenius arquata) on lindu.
agentive-physical-object;['sinin√§rhi', 'coracias garrulus'];Sinin√§rhi on lindu.
agentive-physical-object;['puukabuoju', 'certhia familiaris'];Puukabuoju on lindu.
agentive-physical-object;['k√§g√∂i', 'cuculus canorus'];K√§g√∂i (lat.
agentive-physical-object;['pakkasƒçirkoi', 'pakkasƒçirkkoi', 'pakkasƒçirkkuine', 'pakkasƒçirkuine', 'pyrrhula pyrrhula'];Pakkasƒçirkoi libo pakkasƒçirkuine on lindu.
agentive-physical-object;['harakku'];Harakku (lat.
agentive-physical-object;['merihanhi', 'anser anser', 'harmaihanhi'];Merihanhi libo harmaihanhi on lindu.
agentive-physical-object;['kanuadanhanhi', 'branta canadensis'];Kanuadanhanhi on lindu.
agentive-physical-object;['suurikoskelo'];Suurikoskelo (Mergus merganser) on koskeloloin suguh da sorzien heimoh kuului lindu.
agentive-physical-object;['jouƒçen'];Jouƒçen
agentive-physical-object;['typykki', 'lunni'];Typykki on lindu.
agentive-physical-object;['oravu'];Oravu on pieni turkinahkuel√§tti.
agentive-physical-object;['suvenlammas', 'gallinago gallinago'];Suvenlammas (Gallinago gallinago) on kurmoiloin heimoh kuului lindu.
agentive-physical-object;['amerikantavi', 'tavi'];Amerikantavi on sorzien heimoh kuului lindu.
agentive-physical-object;['amerikantavi', 'tavi'];Tavi on sorzien heimoh kuului lindu.
agentive-physical-object;['kalaƒçiirakko'];Kalaƒçiirakko on ƒçiirakkoloin heimoh kuului lindu.
agentive-physical-object;["muur'oi", 'rubus chamaemorus', "muur'√∂i"];Muur‚Äôoi on monivuodine heini√§vy”ßs kazvi roduu Rubus Rovzuv√§rin perehys.
agentive-physical-object;['ruskei h√∂yd√∂ipuu'];Ruskei h√∂yd√∂ipuu
agentive-physical-object;['nogisorzu'];Nogisorzu
agentive-physical-object;["must'oi", 'mustoi'];Must‚Äôoi (lat.
agentive-physical-object;['nogikana', 'fulica atra'];Nogikana (Fulica atra) on randukanoin heimoh kuului lindu.
agentive-physical-object;['luhtuhuitti', 'porzana porzana'];Luhtuhuitti on lindu.
agentive-physical-object;['peldoƒçiuƒçoi'];Peldoƒçiuƒçoi (lat.
agentive-physical-object;["pihl'ai"];Pihl‚Äôai (lat.
agentive-physical-object;['karassu', 'carassius carassius', 'karassi'];Karassu libo karassi (Carassius carassius) on s√§rgikaloin heimoh kuului kala.
agentive-physical-object;['valgeiro≈æahanhi'];Valgeiro≈æahanhi on lindu.
agentive-physical-object;['poƒçinbuolu'];Poƒçinbuolu
agentive-physical-object;['ka≈æi', 'felis silvestris catus'];Ka≈æi on kodiel√§tti.
agentive-physical-object;['kolƒçoit', 'pikkukolƒçoi', 'kelƒçoi', 'kelƒçoit', 'kolƒçoi', 'kuzikolƒçoi', 'kuzikolƒçoit', 'loxia', 'loxia curvirostra'];Kolƒçoit libo kuzikolƒçoit ollah peibozien heimoh kuului lindusugu.
agentive-physical-object;['kolƒçoit', 'pikkukolƒçoi', 'kelƒçoi', 'kelƒçoit', 'kolƒçoi', 'kuzikolƒçoi', 'kuzikolƒçoit', 'loxia', 'loxia curvirostra'];Pikkukolƒçoi on kolƒçoloin suguh kuului lindu.
agentive-physical-object;['merilohi', 'salmo salar'];Merilohi
agentive-physical-object;['huabalo'];Huabalo on sorzien heimoh kuului lindu.
agentive-physical-object;['eden√∂i', 'gastropoda'];Eden√∂l√∂i
agentive-physical-object;['kottaraine'];Kottaraine (lat.
agentive-physical-object;['tedri'];Tedri on keskisuuruine lindu.
agentive-physical-object;['tuhulindu', 'myrskylindu'];Tuhulindu on lindu.
agentive-physical-object;['makrelli', 'scomber scombrus'];Makrelli (Scomber scombrus) on makrelliloin heimoh kuului ahvenkala.
agentive-physical-object;['korbivaroi', 'corvus corax'];Korbivaroi
agentive-physical-object;['meƒçoi'];Meƒçoi ‚Äì (lat.
agentive-physical-object;['piigalniƒçƒçu', 'vanellus vanellus'];Piigalniƒçƒçu on lindu.
agentive-physical-object;['kondii'];Muzavanruskei kondii (lat.
agentive-physical-object;['solovei', 'luscinia luscinia'];Solovei
agentive-physical-object;['hirvi', 'alces alces'];Hirvi on ≈°uarukabjaine el√§tti, se on suurin pedroin perehes.
agentive-physical-object;['≈°ulkku-uikku', 'podiceps cristatus'];≈†ulkku-uikku (Podiceps cristatus) on uikkuloin heimoh kuului lindu.
agentive-physical-object;['purgulindu', 'bombycilla garrulus', 'r√§ndylindu', 'r√§ndylinduine'];Purgulindu libo r√§ndylinduine on parvilois lendelii muuttuilindu.
agentive-physical-object;['telk√§t'];Telk√§t (lat.
agentive-physical-object;['suuritrappi', 'otis tarda'];Suuritrappi on trappiloin heimoh kuului lindu.
agentive-physical-object;["orasn'okku", 'recurvirostra avosetta'];Orasn'okku on lindu.
agentive-physical-object;['jouhelo', 'anas acuta'];Jouhelo on sorzien heimoh kuului lindu.
agentive-physical-object;['neiskelloine'];Neiskelloine (lat.
agentive-physical-object;['kivimatikat', 'zoarces viviparus', 'kivimadehet', 'zoarcidae'];Kivimatikat libo kivimadehet ollah ahvenkaloin lahkoh kuului kalaheimo.
agentive-physical-object;['ped√§i'];Ped√§i
agentive-physical-object;['tammi', 'duubu'];Tammi libo duubu
agentive-physical-object;['pelamiidu', 'sarda sarda'];Pelamiidu
agentive-physical-object;['kelduahven', 'perca flavescens'];Kelduahven on pohjasamerikkalaine ahvenluadu.
agentive-physical-object;['ƒçiistikky', 'cepphus grylle'];ƒåiistikky on lindu.
agentive-physical-object;['tyynenmerenƒçiistikky', 'cepphus columba'];Tyynenmerenƒçiistikky on lindu.
agentive-physical-object;['huabu'];Huabu on lehtipuun laji, toppolin roduu, pajun rodukundua.
agentive-physical-object;['mustuhaigari', 'ciconia nigra'];Mustuhaigari on lindu.
agentive-physical-object;['kyyhk√∂i'];Kyyhk√∂i (lat.
agentive-physical-object;['ƒçiuƒçoilinnut', 'passeriformes'];ƒåiuƒçoilinnut (suvikarjalakse varbuslinnut, vienankarjalakse varpuslinnut. Passeriformes) ollah suurin linduloin lahko.
agentive-physical-object;['luzikkuhaigari', 'platalea leucorodia'];Luzikkuhaigari on lindu.
agentive-physical-object;['pelikuanu'];Pelikuanu (lat.
agentive-physical-object;['voikala'];Voikala
agentive-physical-object;['pikkuliid√§i'];Pikkuliid√§i on lindu.
agentive-physical-object;['markkukagluhanhi', 'branta bernicla', 'mustuhanhi'];Markukagluhanhi libo mustuhanhi on lindu.
agentive-physical-object;['heinytavi', 'anas querquedula'];Heinytavi on sorzien heimoh kuului lindu.
agentive-physical-object;['korbiaine'];Korbiaine (lat.
agentive-physical-object;['mustukaglu-uikku', 'podiceps nigricollis'];Mustukaglu-uikku on lindu.
agentive-physical-object;['kodiƒçiuƒçoi'];Kodiƒçiuƒçoi (lat.
agentive-physical-object;['nieglikko'];Tavalline nieglikko libo jevrouppalaine nieglikko
agentive-physical-object;['maidovalas', 'delphinapterus leucas'];Maidovalas (lat.
agentive-physical-object;['pikkuruokki'];Pikkuruokki on lindu.
agentive-physical-object;['peskari', 'gobio gobio'];Peskari (Gobio gobio) on s√§rgikaloin heimoh kuului pieni kala.
agentive-physical-object;['ƒçiirakot', 't≈°iirakko', 't≈°iirakot', 'ƒçiirakko'];ƒåiirakot on randulinduloin lahkoh kuulujan kajoloin heimon alaheimo.
agentive-physical-object;['uivelo'];Uivelo (lat.
agentive-physical-object;['hebo', 'equus caballus'];Hebo libo heboine (lat.
agentive-physical-object;['kuhmujouƒçen'];Kuhmujouƒçen on suuri valgei sorzien heimoh kuului lindu.
agentive-physical-object;['pitkyjalgu', 'himantopus himantopus'];Pitkyjalgu on lindu.
agentive-physical-object;['pikkujouƒçen', 'cygnus columbianus'];Pikkujouƒçen (Cygnus columbianus) on pieni pohjazien alovehien jouƒçen.
agentive-physical-object;['papirus'];Papirus on papiruska≈ælasp√§i (Cyperus papyrus) luajittu bumuaganjyttyine materjualu, kudamua k√§ytettih enimytteh ammuzes Egiptas.
agentive-physical-object;['keilusto', 'plankton'];Keilusto libo plankton on yhtehine nimi kaikile niile pienile veziel√§jile, kudamat keilutah vies, eigo voija uija vastuvirdah.
agentive-physical-object;['vagoi'];Vagoi on
agentive-physical-object;['reboi', 'vulpes vulpes'];Reboi tavalline libo ruskeikarvaine reboi
agentive-physical-object;['levohaigari', 'ciconia ciconia'];Levohaigari on lindu.
agentive-physical-object;['rauduheiny'];Rauduheiny
agentive-physical-object;['haugi', 'esox lucius'];Haugi
agentive-physical-object;['seldiakuulu'];Seldiakuulu on kala.
agentive-physical-object;['punaine'];Punaine on lindu.
agentive-physical-object;['tukkukoskelo', 'mergus serrator'];Tukkukoskelo (Mergus serrator) on koskeloloin suguh da sorzien heimoh kuului lindu.
agentive-physical-object;['heinysorzu', 'anas platyrhynchos'];Heinysorzu (Anas platyrhynchos) on lindu.
amount-of-matter;['koufei'];Koufei on juomine, kudai on luajittu monien koufein
amount-of-matter;['vaski', 'cu', 'kupari'];Vaski Mendelejevan sistiemallizen j√§rjestyksen mugah on yhtendentostu joukon nell√§nden periodan alguaineh.
amount-of-matter;['artugu'];Artugu (Hg, lat.
amount-of-matter;['magnii', 'mg'];Magnii Mendelejevan sistiemallizen j√§rjestyksen mugah on toizen joukon kolmanden periodan alguaineh.
amount-of-matter;['kalii', 'k'];Kalii Mendelejevan sistiemallizen j√§rjestyksen mugah on enzim√§zen joukon nell√§nden periodan alguaineh.
amount-of-matter;['berillium'];Berillium (lat.
amount-of-matter;['alkogoulijuomine'];Alkogoulijuomine on juomine, kuduas etanolu (etiiluspirtu, alkogouli).
amount-of-matter;['fosforu', 'p'];Fosforu (lat.
amount-of-matter;['happamehsuadu', 'o', 'kisloruodu'];Happamehsuadu libo kisloruodu Mendelejevan sistiemallizen j√§rjestyksen mugah on kuvvendentostu joukon toizen periodan alguaineh.
amount-of-matter;['brom', 'br'];Brom
amount-of-matter;['vezisuadu', 'h'];Vezisuadu libo vodoruodu Mendelejevan sistiemallizen j√§rjestyksen mugah on enzim√§ine alguaineh.
amount-of-matter;['aktiinii', 'ac'];Aktiinii
amount-of-matter;["al'umiinii", 'al', 'al‚Äôumiinii'];Al'umiinii Mendelejevan sistiemallizen j√§rjestyksen mugah on kolmadentostu joukon kolmanden periodan alguaineh.
amount-of-matter;['natrii', 'na'];Natrii Mendelejevan sistiemallizen j√§rjestyksen mugah on enzim√§zen joukon kolmanden periodan alguaineh.
amount-of-matter;['litium'];Litium (lat.
amount-of-matter;['vanadium'];Vanadium
amount-of-matter;['hobju', 'ag'];Hobju Mendelejevan sistiemallizen j√§rjestyksen mugah on yhtendentostu joukon viijenden periodan alguaineh.
amount-of-matter;['kuldu'];Kuldu Mendelejevan sistiemallizen j√§rjestyksen mugah on yhtendentostu joukon kuvvenden periodan alguaineh.
amount-of-matter;['borum'];Borum (lat.
amount-of-matter;['helium'];Helium (lat.
amount-of-matter;['misjakku'];Misjakku
amount-of-matter;['kal‚Äôcii', 'ca'];Kal‚Äôcii Mendelejevan sistiemallizen j√§rjestyksen mugah on toizen joukon nell√§nden periodan alguaineh.
amount-of-matter;['maido'];Maido on imett√§jien n√§nnil√∂isp√§i libo maidorauhnoisp√§i eritt√§my nestem√§ine aineh, kuduan tarkoitus on sy√∂tti√§ imett√§vii.
amount-of-matter;['hiilisuadu', 'c'];Hiilisuadu libo ugleruodu (hiimielline merki on C, lat.
amount-of-matter;['rikki', 's'];Rikki Mendelejevan sistiemallizen j√§rjestyksen mugah on kuvvendentostu joukon kolmanden periodan alguaineh.
amount-of-matter;['bronzu'];Bronzu on vasken da tinan segasulateh.
amount-of-matter;['maido'];Maido on imett√§jien n√§nnil√∂isp√§i libo maidorauhnoisp√§i eritt√§my nestem√§ine aineh, kuduan tarkoitus on sy√∂tti√§ imett√§vii.
amount-of-matter;['oliivuvoi'];Oliivuvoi on siemenvoi, kudamua luajitah jevrouppalazes oliivas (lat.
amount-of-matter;['limonuadu'];Limonuadu on magei alkogoulitoi juomine, puaksumbah guazanke.
amount-of-matter;['juonduvezi'];Juonduvezi tarkoittau vetty, kuduadu voibi k√§ytti√§ juomizeh.
biological-object;['juablokku'];Juablokku on juablokkupuun andin.
ecological-collective;['meƒçƒçy'];Meƒçƒçy on ekosistiemu, biotoppu, kuduadu perustetah puurungozet kazvokset.
event;['olimpiaduki≈æat'];Olimpiaduki≈æat ollah suuret rahvahienv√§lizet monilajizet sportukilbailut, kuduat piet√§h kerran nell√§s vuvves Rahvahienv√§lizen olimpiadukomitietan suojelukses.
event;['muahpanendu'];Muahpanendu on toimenpido, kudamas ristikanzale libo el√§tile annetah j√§lgim√§ine panendukohtu kuolendan j√§lles.
event;["svuad'bu"];Svuad'bu on pruazniekku, kudai piet√§h kirjoihmenend√§n lujittamizekse libo sen kunnivokse.
functional-matter;['koufei'];Koufei on juomine, kudai on luajittu monien koufein
functional-matter;['kazvossy√∂ndy'];Kazvossy√∂ndy ‚Äî sy√∂mizen taba, konzu ei sua syvv√§ er√§hien el√§ttil√∂in lihua.
functional-matter;['vaski', 'cu', 'kupari'];Vaski Mendelejevan sistiemallizen j√§rjestyksen mugah on yhtendentostu joukon nell√§nden periodan alguaineh.
functional-matter;['alkogoulijuomine'];Alkogoulijuomine on juomine, kuduas etanolu (etiiluspirtu, alkogouli).
functional-matter;['hobju', 'ag'];Hobju Mendelejevan sistiemallizen j√§rjestyksen mugah on yhtendentostu joukon viijenden periodan alguaineh.
functional-matter;['juusto'];Juusto on sy√∂mine, kudai on luajittu hapannuon fermentoin da hapanmajon bakteerieloin avul hapatetus maijos libo eriluaduzien maidoeinehien sulattamine sulattamizien suolien avul.
functional-matter;['maido'];Maido on imett√§jien n√§nnil√∂isp√§i libo maidorauhnoisp√§i eritt√§my nestem√§ine aineh, kuduan tarkoitus on sy√∂tti√§ imett√§vii.
functional-matter;['argivoi'];Argivoi
functional-matter;['placebo'];Placebo
functional-matter;['ahvenet', 'perca'];Ahvenet ollah ahvenien heimoh da Percinae-alaheimoh kuului kalasugu.
functional-matter;['leiby'];Leiby on sy√∂mine, kudai on luajittu jauholois da vies sevoitetus tahtahas da pastettu ezimerkikse p√§ƒçis.
functional-matter;['juablokku'];Juablokku on juablokkupuun andin.
functional-matter;['≈°okoluadu'];≈†okoluadu on sy√∂mine.
functional-matter;['maido'];Maido on imett√§jien n√§nnil√∂isp√§i libo maidorauhnoisp√§i eritt√§my nestem√§ine aineh, kuduan tarkoitus on sy√∂tti√§ imett√§vii.
functional-matter;['j√§iƒçƒçy'];J√§iƒçƒçy on moneh eri tabah k√§yt√∂s olii ristikanzan sy√∂mine.
functional-matter;['nagris'];Nagris
functional-matter;['limonuadu'];Limonuadu on magei alkogoulitoi juomine, puaksumbah guazanke.
functional-matter;['liha'];Liha on el√§tin luurangon lihasto razvanke da luunke (liha luul) libo ilmai luudu (luutoi liha).
functional-matter;['puuaines'];Puuaines on kazvilois olijua ≈Ñ√§ltyn syd√§mesp√§i kazvatettuu solukkuo.
functional-matter;['einehsuolu', 'ruokasuola'];Suolu libo einehsuolu on sy√∂miseineh.
genetic-collective;['heimokundu'];Heimokundu
geographical-object;['azovanmeri'];Azovanmeri on Jevroupan p√§iv√§nnouzupuoles olii Atlantiekan valdumeren meri.
geographical-object;['j√§rvi'];J√§rvi on muanvezikehy√∂n komponentu.
geographical-object;['suvi-amerikku', 'suvi-amierikku'];Suvi-Amerikku (isp.
geographical-object;['mar≈°allansuaret'];Mar≈°allansuaret libo Mar≈°allansuariloin tazavaldu (angl.
geographical-object;['okeanii'];Okeanii - muailman oza, muantiijolline da puaksuh geopoliitiekkalline muailman aloveh, kudai on Tyynen valdumeren keski- da lounasozis 100 suarilois da attolois.
geographical-object;['kaspienmeri'];Kaspienmeri on muailman suurin j√§rvi, sid√§ sanotah merekse, send√§h gu se on suuri vezist√∂ sego sen peri√§, gu meren pohjannu on valdumeren tiipan muankuori.
geographical-object;['karjal'];Karjal
geographical-object;['mustumeri'];Mustumeri on Atlantan valdumeren basseinan syv√§inmeri.
geographical-object;['baltiekan meri'];Baltiekan meri on Atlantiekan valdumeren meri Pohjazes Jevroupas.
geographical-object;['egeinmeri'];Egeinmeri on Balkanan niemimuan, V√§h√§-Aazien da Krit-suaren v√§lis olii V√§limeren oza.
geographical-object;['adrienmeri'];Adrienmeri on V√§limeren lahti Italien da Balkanien niemimuan v√§lil.
geographical-object;['pohjanmeri'];Pohjanmeri on Atlantiekan valdumeren madal reunumeri, kuduan rannal on Pohjas-Jevrouppu.
geographical-object;['japounienmeri'];Japounienmeri on Tyynenmeren reunumeri, kudai eruou sit Japounien suaril sego Sahalinan suarel.
geographical-object;['antarktidu'];Antarktidu (griek.
geographical-object;['suuri-britanii', 'suuri-britannii'];Suuri-Britanii on suari Atlantan valdumeres.
geographical-object;['pohjaine ji√§meri'];Pohjaine ji√§meri on pindualan da syvy√∂n mugah Muan pienin merialoveh.
geographical-object;['beringanmeri'];Beringanmeri on Tyynenmeren pohjazel olii meri, kudai eruou sit Aleutat- sego Komandor- suariloil.
geographical-object;['atlantan valdumeri'];Atlantan valdumeri - Muan toizekse suurin valdumeri Tyynen valdumeren j√§lles.
geographical-object;['tyynimeri'];Tyynimeri on muailman suurin merialoveh.
geographical-object;['niilu'];Niilu on Afriekan manderehen koillizes puoles virduaju l√§s 6650 kilometrii pitky jogi, kuduadu piet√§h muailman pitkimb√§nny jovennu.
information-encoding-system;['runohus'];Runohus libo liirikku on kirjalli≈æuon muodo, kuduas kieldy k√§ytet√§h estettizesti sen merkiƒçyksen da kieliopillizen oigeimuga≈æuon mugah libo ei.
information-object;['kirjaimikko'];Kirjaimikko libo kirjaimisto on tietyn kielen i√§nnehkirjutukseh vakiintunuh j√§lletetty kogomus kirjaimii.
information-realization;['kirju', 'kniigu'];Kirju libo kniigu on nivos bumuagoi, kudamis on painettuu tekstua libo kuvua.
information-realization;['ouperu', 'operƒÉ'];Ouperu on lavataidehmuodo, kudamas yhtistyt√§h muuzikku da ozutelmu.
information-realization;['kirjutussistiemu'];Kirjutussistiemu on simvolois rodivui merkisistiemu, kudamal tallendetah kieldy kirjutuksekse.
information-realization;['tansi'];Tansi on taidehmuodo, kuduas ristikanzu liikuttau omua rungua, tavan mugah muuzikan ritman mugah tuottajen estietiekallistu vaikutustu, huvikse, sotsiuallizennu toimindannu libo muiten ozuttau midatahto omal tansil.
information-realization;['pagin'];Pagin on kahten libo en√§mb√§n ristikanzan kohtinaine kosketuksen taba.
information-realization;['uuzi sana', 'uuzisana'];Uuzi sana on oza Biblies libo ristittyl√∂in Pyhis Kirjotuksis.
information-realization;['igor stravinskii'];Igor F‚Äôodoroviƒç Stravinski
information-realization;['biblii'];Biblii (grets.
language;['uralilazet kielet', 'uralilaizet kielet'];Uralilazet kielet ollah kielijoukko, niil√∂i pagizou l√§s 20 miljounua inehmizii, niil√∂i paistah enim√§l Ven'as, Vengriis, Suomes da Estouniis.
language;['suomelas-ugrilazet kielet'];Suomelas-ugrilaizet kielet ollah kielijoukko kuduas on kielet ku karjal libo suomi.
language;['karjalan kieli'];Karjalan kieli on baltiekkusuomelaine kieli, kudai paistah Karjalas, Suomes da Ven'al.
language;['veps√§n kieli'];60¬∞0‚Ä≤0‚Ä≥N 35¬∞0‚Ä≤0‚Ä≥E Veps√§n kieli on uralilazeh kielipereheh kuului baltiekkumerensuomelaine kieli.
language;['norjan kieli'];Norjan kieli libo norju on pohjasgermanine kieli.
language;['danien kieli', 'da', 'dan'];Danien kieli libo danii on pohjasgermanine kieli.
language;['islandien kieli'];Islandien kieli libo islandii on skandinavienen kieli, kudai paistah ezipi√§s Islandies.
language;['ruoƒçin kieli'];Ruoƒçin kieli libo ruoƒçƒçi on pohjasgermanine kieli.
language;['anglien kieli'];Anglien kieli
language;['latinan kieli'];Latina (lat.
language;["zir'ankomin kieli"];Zir'ankomin kieli kuuluu uralilaizen kieliperehen suomelas-ugrilaizen kielijoukkuon permil√§izeh oksuh.
language;['persien'];Persien on er√§s Aazien kielisty.
language;['hindi'];Hindi on kieli, kudai kuuluu indoarjalazeh kielijoukkoh.
language;['eestin kieli'];59¬∞0‚Ä≤0‚Ä≥N 26¬∞0‚Ä≤0‚Ä≥E Eestin kieli
language;['suomen kieli'];Suomen kieli kuuluu uralilazen kieliperehen suomelas-ugrilazen kielijoukon baltiekku-suomelaizeh oksah.
language;['vengrien kieli', 'ungarin kieli', "mad'aran kieli"];Vengrien kieli tai ungarin kieli on uralilazen kieliperehen suomelas-ugrilazeh kielijoukkuoh kuului ugrilaine kieli.
language;['urdu'];Urdu on er√§s Suvi-Aazien kielisty.
language;["ven'an kieli"];Ven'an kieli (—Ä—ÉÃÅ—Å—Å–∫–∏–π —è–∑—ãÃÅ–∫, russki jazyk) kuuluu p√§iv√§nnouzusluavilaizih kielih, kudamih kuulutah vie ukrainu, valgoven'a da ruteeni.
language;['germuanien kieli'];Germuanien kieli (germ.
locative-role;['delhi'];Delhi on Indien toisekse suurin linna.
locative-role;['piiteri', 'leningruadu'];Piiteri (vuozinnu 1914‚Äì1924 Petrogruadu da 1924‚Äì1991 Leningruadu, nyg√∂i ven.
locative-role;['monako'];Monakon ruhtinaskundu on Suvi-Jevroupan pieni valdivo, kudai sijoittuu Liguran meren rannal.
locative-role;['serbii'];Serbien tazavaldu on Liideh-Jevroupan valdivo, Balkanan niemimuan keskiozas.
locative-role;['lerpwl', 'liverpool'];Lerpwl libo Liverpool on linnu Pohjas-Anglies l√§hil Kymrinmuan rajua.
locative-role;['litvu'];Litvu (lit.
locative-role;['aiguvy√∂hyke'];Aiguvy√∂hykkehel on kaksi pi√§merkiƒçysty.
locative-role;['kymrinmua', 'cymru', "uel's", 'wales'];Kymrinmua (kymrin kielel Cymru, anglien kielel Wales) on mua Suuren-Britanien suarel da yksi Yhtistynny√∂n kuningaskunnan nellis vuitis.
locative-role;['istanbul'];Istanbul (≈†ablonu:K-tr) on Turtsien suurin linnu, valdivon kauppu-, tevolli≈æus- da kul‚Äôtuurukeskus, pi√§portu.
locative-role;['new york'];New York libo New York City, viralline nimi City of New York, on Yhtysvaldoin New Yorkan ozavaldivos olii linnu.
method;['rahvahanvaldu'];Rahvahanvaldu on poliittine valdu, kudai pohjavuu sih, gu t√§rgiel√∂i dieloloi pi√§tt√§y kogo kanzu da jogahizel on yhtenjyttyzii oigevuksii vaikuttamah protsessan tuloksih da sen vaihieloih.
non-agentive-physical-object;['uinduallikko'];Uinduallikko on keinolluajittu vezist√∂ uidamizeh ni≈°koi.
non-agentive-physical-object;['sobienpezoma≈°in'];Sobienpezoma≈°in on em√§nd√∂inabuniekku, kudai pez√∂y da puhtistau tekstilil√∂i.
non-agentive-physical-object;['ji√§≈°kuappu'];Ji√§≈°kuappu on kylm√§npid√§i ≈°kuappu erikameras.
non-agentive-physical-object;['plita'];Plita - se on keit√§ndy da pertinl√§mmitt√§i plita.
non-agentive-physical-object;['p√∂lynimii'];P√∂lynimii da nyg√∂i jo puaksumbi sanotah p√∂lynimuri, kudai keri√§y kaikil pi√§lyksil p√∂lyl√∂i da reduloi.
non-physical-collection;['uskondo'];Uskondo tarkoittau uskuo jumalan libo muun ylihumannoin v√§in olemasoloh da sih liittyji√§ pyhy√∂n kogemustu.
non-physical-collection;['≈°amanizmu'];≈†amanizmu tarkoittau hengellisty kul'tuurua, kuduas ≈°amuanal on keskehine rouli.
non-physical-collection;['≈°intolai≈æus'];≈†intolai≈æus (jap.
non-physical-collection;['hristianskoi usko'];Hristianskoi usko (gretsien sanas ŒßœÅŒπœÉœÑœåœÇ khrist√≥s ‚Äôvoijeltu‚Äô) on avraamilaine, yksijumalaine uskondo, kudai perustuu Iisussan elaigah da opastukseh, kudamih n√§h saneltah Uvves sanas.
non-physical-collection;['kongfucelai≈æus'];Kongfucelai≈æus (jap.
organized-collection;['kirjasto'];Kirjasto libo bibliotiekku on kirjoin, k√§zikirjutuksien, kartoin, magnitofannoloin lentoin, aiguv√§lijulgavoloin libo muuloin moizien dokumentoin kundoh pandu ker√§vys, libo paikku, kus t√§d√§ ker√§vysty s√§ilytet√§h.
organized-collective;['etnine joukko'];Etnillizel joukol tarkoitetah rahvasjoukkuo, kudai perustuu sen j√§zenien yhtehizeh kul'tuuruperind√∂h, uskondoh, kieleh, alguper√§muah libo ulgon√§g√∂h.
phenomenon;['tuli'];Tuli on hapettumizen luja ilmiv√∂, konzu palavas ainehes ilmestyy hiilavien guazuloin muvvostettuu l√∂k√∂tt√§ji√§ suvastustu.
physical-body;['komiettu'];Komiettu on aiga pieni p√§iv√§zensistieman kappaleh, kudai mustoittau asteroidua, ga koustuu enimy√∂lleh ji√§s, da kuduas ymb√§ri on P√§iv√§zen suvastukses tulijan guazun da p√∂lyn muvvostettu koma.
physical-body;['mua'];Mua, muapallo libo Tellus on p√§iv√§zensistieman planiettu.
physical-body;['mars', '‚ôÇ'];Mars (simvolu: ) on p√§iv√§zensistieman planiettu.
physical-body;['merkurius'];Merkurius on p√§iv√§zensistieman planiettu.
physical-object;['polkupy√∂r√§'];Polkupy√∂ry (py√∂ry) (vahnu frantsienkieli v√©locip√®de, latinankieles vƒìl≈çx ravei da pƒìs jalgu) on ajonevvo rattahienke, kudai ajau ristikanzan lihaksien v√§in avul.
physical-object;['ma≈°in'];Ma≈°in (avtoma≈°in) (muinasgriekankieles Œ±·ΩêœÑŒø - iƒçe da latinankieles - liikkuju)on ajonevvo, autoajonevvo, kudai ajau ilmai rel'sua.
physical-object;['tuohi'];Tuohi on koivun pi√§lim√§sty, valgiedu kuordu da p√§d√∂y ainehekse monenluaduzih k√§ytt√∂tarkoituksih.
physical-object;['gaziettu'];Gaziettu on aijanmugaine painettu painos, kudual on alalline nimi da kudai pi√§z√∂y ilmoih ei harvembi kerdua kuus.
physical-object;['uinduallikko'];Uinduallikko on keinolluajittu vezist√∂ uidamizeh ni≈°koi.
physical-object;['sobienpezoma≈°in'];Sobienpezoma≈°in on em√§nd√∂inabuniekku, kudai pez√∂y da puhtistau tekstilil√∂i.
physical-object;['ji√§≈°kuappu'];Ji√§≈°kuappu on kylm√§npid√§i ≈°kuappu erikameras.
physical-object;['plita'];Plita - se on keit√§ndy da pertinl√§mmitt√§i plita.
physical-object;['ƒçainiekku'];ƒåainiekku on aste.
physical-object;['televiizor', 'televizor'];Televiizor libo TV on laiteh, kudual otetah vastah teleozutuksii.
physical-object;['keit√§ndyperti'];Keit√§ndyperti - kus keitet√§h da varustetah sy√∂mizii.
physical-object;['ilma-alus'];Ilma-alus on lendokoneh, kudai pyzyy atmosfieras ilman avul.
physical-object;['laivu'];Laivu on meri- libo jogikorabli.
physical-object;['kirves'];Kirves on ruadobruja leikkuamizeh, kuadamizeh da halgomizeh ni≈°koi.
physical-object;['p√∂lynimii'];P√∂lynimii da nyg√∂i jo puaksumbi sanotah p√∂lynimuri, kudai keri√§y kaikil pi√§lyksil p√∂lyl√∂i da reduloi.
physical-object;['stoikku'];Stoikku on ruadobruja, kudai pid√§y niitt√§jes.
physical-object;['telefon'];Telefon libo sanalangu on s√§hk√∂hine i√§nensiirdovehkeh, kudaman vuoh kaksi libo en√§mbi ristikanzua voibi paista toine toizenke rippumattah sit, kui loitton toine toizes hy√∂ ollah.
physical-object;['pertilomu'];Pertilomu - on tuottehet, kudualoi k√§ytet√§h el√§ndy- da yhteiskunnalizis huonuksis da kohtis, kudualois on ristikanzu.
physical-object;['≈°orpikku'];≈†orpikku ‚Äì sy√∂ndyvehkeh, kuduas on varzi da 2-4 pitkyƒçƒçi√§ piidy, yhtes n'okkupuoles.
physical-object;['polkupy√∂r√§'];Polkupy√∂ry (py√∂ry) (vahnu frantsienkieli v√©locip√®de, latinankieles vƒìl≈çx ravei da pƒìs jalgu) on ajonevvo rattahienke, kudai ajau ristikanzan lihaksien v√§in avul.
physical-object;['pada'];Pada on saves libo ravvas luajittu aste sy√∂mizien varustandah libo piend√§h ni≈°koi.
physical-object;['torielku'];Torielku ‚Äì sy√∂ndyaste.
physical-object;['internet'];Internet on muailmanlajuine tiedoverko, kudai yhtist√§y paikallizet tiedoverkot toine toizeh.
physical-object;['rauskat'];Rauskat
political-geographic-object;['rumiinii'];Rumiinii on Liideh-Jevroupan valdivo.
political-geographic-object;['delhi'];Delhi on Indien toisekse suurin linna.
political-geographic-object;['piiteri', 'leningruadu'];Piiteri (vuozinnu 1914‚Äì1924 Petrogruadu da 1924‚Äì1991 Leningruadu, nyg√∂i ven.
political-geographic-object;['pohjas korea'];Korean demokruattine rahvahantazavaldu, ei virallizesti Pohjois-Korea on valdivo P√§iv√§nnouzu-Azies.
political-geographic-object;['norviegii'];Norviegien kuningaskundu (kirjunorviegiekse Kongeriket Norge, uuzinorviegiekse Kongeriket Noreg) libo Norviegii (Norge libo Noreg) on perustuslailline monarhii Pohjas-Europas.
political-geographic-object;['lesoto'];Lesoto, virrallizesti Lesoton kuningaskundu on valdivo Suvi-Afriekas, anklavu.
political-geographic-object;['japounii'];Japounii (jap.
political-geographic-object;['monako'];Monakon ruhtinaskundu on Suvi-Jevroupan pieni valdivo, kudai sijoittuu Liguran meren rannal.
political-geographic-object;['samoa'];Samoa on iƒçƒçen√§ine valdivo.
political-geographic-object;['keski afriekan tazavaldu'];Keski-Afriekan tazavaldu on valdivo Keski-Afriekas.
political-geographic-object;['d≈æibuti'];D≈æibuti on valdivo P√§iv√§nnouzupuolizes Afriekas, se on Afriekan niemimuan l√§h√§l.
political-geographic-object;['malaizii'];Malaizii (malaiz.
political-geographic-object;['namibii'];Namibien tazavaldu on valdivo Suvi-Afriekas.
political-geographic-object;['antigua-barbuda'];Antigua da Barbuda (angl.
political-geographic-object;['mavritanii'];Mavritanii libo Mavritanien islamilaine tazavaldu on valdivo P√§iv√§nlasku-Afriekas.
political-geographic-object;['beliz', 'belize'];Beliz (angl.
political-geographic-object;['ekvuatourielline gvinei'];Ekvuatouriellizen Gvinein Tazavaldu on valdivo Keski-Afriekas.
political-geographic-object;['sent-kits da nevis'];Sent-Kits da Nevis libo Sent-Kitsan (Sent-Kristoferan) da Nevisan Federatsii (angl.
political-geographic-object;['komorat'];Komorat, virallizesti Komoroin suariloin liitto, se≈æo Komoroin suaret on valdivo P√§iv√§nnouzu-Afriekas.
political-geographic-object;['dominiku'];Dominiku (angl.
political-geographic-object;['sent-lusia'];Sent-Lusia (angl.
political-geographic-object;['≈°veitsarii', 'ch'];≈†veitsarii (germ.
political-geographic-object;['yhtis arabiemiruatat'];Yhtistyny√∂t arabiemiirukunnat on federatiivine valdivo seiƒçƒçemes emiruatas.
political-geographic-object;['l‚Äôuksemburgu'];L‚Äôuksemburgu (l‚Äôuksemb.
political-geographic-object;['marokko'];Marokko libo Marokan kuningaskundu on valdivo Pohjois-Afriekas.
political-geographic-object;['yhtys kuningaskundu', 'yhtistynnyh kuningaskundu'];Yhtistynnyh kuningaskundu (angl.
political-geographic-object;['ispuanii'];Ispuanii on valdivo Lounas-Jevroupas da ozittain Afriekas.
political-geographic-object;['saudi arabii'];Saudi-Arabien kuningaskundu on suurin valdivo Arabien niemimual.
political-geographic-object;['ƒçad'];ƒåad on valdivo Keski-Afriekas.
political-geographic-object;['tad≈æikistuanu'];Tad≈æikistuanu libo Tad≈æikistuanan tazavaldu on valdivo Keski-Azies, endine Nevvostoliiton Tad≈æikistuanan sosialistine nevvostovaldivo.
political-geographic-object;['ugandu', 'uganda'];Ugandu libo Ugandan tazavaldu on valdivo P√§iv√§nnouzu-Afriekas.
political-geographic-object;["valgo-ven'a", 'beloruussii', 'beloruussien tazavaldu', "valgo-ven'an tazavaldu", 'valgo-ven‚Äôa'];Valgo-Ven'a libo Belarus' on P√§iv√§nnouzu-Jevroupan valdivo.
political-geographic-object;['malavi'];Malavin tazavaldu on valdivo P√§iv√§nnouzu-Afriekas.
political-geographic-object;['zimbabve'];Zimbabve on valdivo Afrikan manderehes.
political-geographic-object;['azerbaid≈æuanu'];Azerbaid≈æuanu
political-geographic-object;['kirgizii'];Kirgizii
political-geographic-object;['uzbekistuanu'];Uzbekistuanu, virallizesti Uzbekistuanan tazavaldu on valdivo Keski-Azien keskiozas.
political-geographic-object;['mali'];Mali, virrallizesti Malin tazavaldu on valdivo P√§iv√§nlasku-Afriekas.
political-geographic-object;['kazahstan'];Kazahstan (kaz.
political-geographic-object;['mongoulii'];Mongoulii
political-geographic-object;['lerpwl', 'liverpool'];Lerpwl libo Liverpool on linnu Pohjas-Anglies l√§hil Kymrinmuan rajua.
political-geographic-object;["bel'gii", 'bel‚Äôgii'];Bel‚Äôgii (golland.
political-geographic-object;['svazimua'];Svazimua libo Svazimuan kuningaskundu on valdivo Suvi-Afriekas.
political-geographic-object;['tonga'];Tonga on Tyynenmeren valdivo, kudai sujoittuu Polinezies.
political-geographic-object;['pakistuanu'];Pakistuanu (urd.
political-geographic-object;['banglade≈°'];Banglade≈°, viralline nimi Rahvahan Tazavaldu Banglade≈° on valdivo Suvi-Azies.
political-geographic-object;['afganistuanu'];Afganistuanu, viralline nimitys- Afganistuanan islamilaine tazavaldu on valdivo Keski-Azies.
political-geographic-object;['avstrii'];Avstrii
political-geographic-object;['laos'];Laos
political-geographic-object;['mjanmar'];Mjanmaran liiton tazavaldu libo Mjanmar on valdivo Liideh-Azies.
political-geographic-object;['kambod≈æa'];Kambod≈æan kuningaskundu - valdivo Liideh-Aazies.
political-geographic-object;['avstrualii'];Avstrualii (angl.
political-geographic-object;['butan'];Kuningasvaldu Butan on valdivo Azies, Himalajas, kudai sijaiƒçƒçou Indien da Kitain v√§lis.
political-geographic-object;['katalunii'];Katalunii (kat.
political-geographic-object;['turkmenistuanu'];Turkmenii, virallisezti Turkmenistuanu on valdivo Keski-Azies.
political-geographic-object;['gruuzii'];Gruuzii on valdivo, kudai sijoittuu Suvi-Kavkazan p√§iv√§nlaskuozas, L√§hi-P√§iv√§nnouzus da Mustanmeren p√§iv√§nnouzurannal.
political-geographic-object;['ruanda'];Ruanda libo Ruandan tazavaldu on valdivo P√§iv√§nlasku-Afriekas.
political-geographic-object;['zambii'];Zambii, virrallizesti Zambien tazavaldu on valdivo Suvi-Afriekas.
political-geographic-object;['kongon demokruatilline tazavaldu'];Kongon Demokruatilline Tazavaldu on valdivo Keski-Afriekas.
political-geographic-object;['gonduras', 'honduras'];Gonduras libo Gondurasan Tazavaldu (isp.
political-geographic-object;['gvatemala', 'guat√©mala'];Gvatemala (isp.
political-geographic-object;['kosta rikku', 'crc'];Kosta-Rikku libo Kosta-Rikan Tazavaldu (isp.
political-geographic-object;['vengrii'];Vengrii on Keski-Jevroupan valdivo.
political-geographic-object;["pol'≈°u", 'pol‚Äô≈°u'];Pol‚Äô≈°u
political-geographic-object;['burundi'];Burundi (Burundin Tazavaldu) on pieni valdivo P√§iv√§nnouzupuolizes Afriekas.
political-geographic-object;['tanzanii'];Tanzanii libo Tanzanien yhtistynnyh tazavaldu on valdivo P√§iv√§nnouzu-Afriekas.
political-geographic-object;['gvinea'];Gvinean tazavaldu on valdivo P√§iv√§nlasku-Afriekas.
political-geographic-object;['somali'];Somali, virrallizesti Somalin federatiivine tazavaldu on valdivo P√§iv√§nnouzu-Afriekas.
political-geographic-object;['vietnamu'];Vietnamu, virallizesti Vietnaman sosialistine tazavaldu on valdivo Liideh-Azies.
political-geographic-object;['livii'];Livii, virrallizesti Livien valdivo on valdivo Pohjois-Afriekas V√§limeren rannikos.
political-geographic-object;['germuanii'];Germuanii (germ.
political-geographic-object;['sudan'];Sudan libo Sudanan tazavaldu on valdivo P√§iv√§nnouzu-Afriekas.
political-geographic-object;['jegiptu'];Jegiptu, virrallizesti Jegiptan islamilaine tazavaldu on valdivo Pohjois-Afriekas da Azien Sinain niemimuas.
political-geographic-object;['gaijana'];Gaijana (angl.
political-geographic-object;['surinam'];Surinam
political-geographic-object;['venesuela'];Venesuela, virralline nimi on Bolivarian Venesuelan Tazavaldu (isp.
political-geographic-object;['al≈æir'];Al≈æir on valdivo Pohjazes Afriekas V√§limeren basseinan p√§iv√§nlaskupuoles, suurin Afriekan valdivo.
political-geographic-object;['indii', 'indien tazavaldu'];Indii
political-geographic-object;['itualii'];Itualii (ital.
political-geographic-object;['ƒçili'];ƒåili (isp.
political-geographic-object;['paragvai'];Paragvai (isp.
political-geographic-object;['botsvana'];Botsvana on valdivo suvizes Afriekas.
political-geographic-object;['mozambiku'];Mozambiku libo Mozambikan tazavaldu on valdivo Liideh-Afriekas, endine Portugalien kolounii, iƒçƒçen√§ine valdivo vuvven 1975 algajen.
political-geographic-object;['indonezii', 'indonezien tazavaldu'];Indonezii
political-geographic-object;['gretsii', 'griekanmua'];Gretsii on Suvi-Jevroupan valdivo.
political-geographic-object;['ukrainu'];Ukrainu on P√§iv√§nnouzu-Jevroupan valdivo.
political-geographic-object;['meksikku'];Meksikku (isp.
political-geographic-object;['armienii'];Armenii (arm.
political-geographic-object;['irak'];Irak
political-geographic-object;['suvi korea'];Korean tazavaldu libo Korea on valdivo P√§iv√§nnouzu-Azies.
political-geographic-object;['dominikanan tazavaldu'];Dominikanan Tazavaldu (isp.
political-geographic-object;['gambii'];Gambii libo Gambien islamilaine tazavaldu on valdivo P√§iv√§nlasku-Afriekas.
political-geographic-object;['gana'];Gana libo Ganan tazavaldu on valdivo P√§iv√§nlasku-Afriekas.
political-geographic-object;['nigerii'];Nigerii libo Nigerien federatiivine tazavaldu on valdivo P√§iv√§nlasku-Afriekas.
political-geographic-object;['kot-d‚Äôivuar'];Kot-d‚ÄôIvuar on valdivo P√§iv√§nlasku-Afriekas.
political-geographic-object;['nigeru', 'n√≠ger'];Nigeru, virrallizesti Nigeran tazavaldu on valdivo P√§iv√§nlasku-Afriekas.
political-geographic-object;['gabon'];Gabon on valdivo Keski-Afriekas, endine Fransien vallattu mua.
political-geographic-object;['kongon tazavaldu'];Kongon Tazavaldu on valdivo Keski-Afriekas, endine Frantsien kolounii-aloveh, vuozinnu 1970-1991 Kongon rahvahalline tazavaldu.
political-geographic-object;['kamerun'];Kamerun, virrallizesti Kamerunan tazavaldu on valdivo Keski-Afriekan p√§iv√§nlaskus.
political-geographic-object;['gvinea-bisau'];Gvinea-Bisau, virrallizesti Gvinea-Bisaun tazavaldu on valdivo P√§iv√§nlasku-Afriekas.
political-geographic-object;['senegalu'];Senegalu, virrallizesti Senegalan tazavaldu on valdivo P√§iv√§nlasku-Afriekas.
political-geographic-object;['frantsii'];Frantsii
political-geographic-object;['ekvador'];Ekvador (isp.
political-geographic-object;['irlandii'];Irlandii libo Irlandien tazavaldu on Pohjas-Jevroupan valdivo, kudai t√§ytt√§y Irlandien suaren suuriman ozan.
political-geographic-object;['madagaskar'];Madagaskaran tazavaldu on suarivaldivo Afrikan rannikos.
political-geographic-object;['maldiivat'];Maldiivat libo Maldiivoin tazavaldu
political-geographic-object;['sal‚Äôvador'];Sal‚Äôvador, virralline nimi on El‚Äô Salvadoran Tazavaldu (isp.
political-geographic-object;['filippinat'];Filippinoin tazavaldu
political-geographic-object;['sei≈°ellit'];Sei≈°eloin suariloin tazavaldu on suarivaldivo P√§iv√§nnouzu-Afriekas.
political-geographic-object;['ruoƒçƒçi', 'ruoƒçƒçii', 'ruoƒçin kuningaskundu'];Ruoƒçin kuningaskundu libo Ruoƒçƒçi on perustuslailline monarhii Skandinavies Pohjas-Jevroupas.
political-geographic-object;['lihten≈°tein'];Lihten≈°teinan ruhtinaskundu on P√§iv√§nlasku-Jevroupan pieni valdivo.
political-geographic-object;['andorra'];Andorra (kat.
political-geographic-object;['oman'];Oman
political-geographic-object;['kuveit'];Kuveit
political-geographic-object;['jordanii'];Jordanan ha≈°emitoin kuningaskundu
political-geographic-object;['livanu'];Livanu
political-geographic-object;['vatikan'];Vatikan, virallizesti Vatikanan linnuvaldivo (Civitatis Vaticanae, Stato della Citt√† del Vaticano) on Itualien pi√§linnan Roman ymb√§ri, pindualal da v√§giluvul muailman pienin iƒçƒçen√§ine valdivo.
political-geographic-object;['fid≈æi'];Fid≈æin tazavaldu (angl.
political-geographic-object;['kabo verde'];Kabo-Verden tazavaldu on valdivo P√§iv√§nlasku-Afriekas.
political-geographic-object;['sent-vinsent da grenadinat'];Sent-Vinsent da Grenadinat on valdivo Kariban meres, kuuluu Kanzoin Yhtym√§h.
political-geographic-object;['bahrein'];Bahrein libo Bahreinan kuningaskundu
political-geographic-object;['vanuatu'];Vanuatu on Tyynenmeren valdivo, kudai sijoittuu Melanezies.
political-geographic-object;['kiribati'];Kiribatin tazavaldu (angl.
political-geographic-object;['trinidad da tobago'];Trinidadan da Tobago Tazavaldu (angl.
political-geographic-object;['islandii'];Islandii
political-geographic-object;['grenada'];Grenada (angl.
political-geographic-object;['bogota'];Bogota on Kolumbien pi√§linnu, se on juattu 20 ozah.
political-geographic-object;['budape≈°tu', 'budapest'];Budape≈°tu - vengrian pi√§linnu.
political-geographic-object;['roma'];Roma libo "Riimu" on Itualien pi√§linnu da muan suurin linnu.
political-geographic-object;['jerusalimu'];Jerusalimu on Izrail‚Äôan pi√§linnu, kudai on L√§hizes P√§iv√§nnouzus.
political-geographic-object;['kijev'];Kijev on Ukrainan suurin linnu da pi√§linnu.
political-geographic-object;['jerevanu'];Jerevanu
political-geographic-object;['berlin'];Berlin on Germuanien pi√§linnu da se≈æo yksi sen ozavaldivois.
political-geographic-object;['pekin'];Pekin on Kitain Rahvahan Tazavallan pi√§linnu.
political-geographic-object;['thaimua'];Thaimua libo Thaimuan kunigaskundu, vuodessah 1939 da vuozinnu 1945-1948 Siam on Liideh-Azies.
political-geographic-object;['efiopii'];Efiopii (viralline nimi on Efiopien Demokrattine liittotazavaldu, endine Abissinii) on valdivo P√§iv√§nnouzupuolizes Afriekas, kuduan rajal ei ole merdy (sen j√§lles, konzu Eritrei eroi Efiopiesp√§i vuvven 1993 oraskuun 24.
political-geographic-object;['moskovu', 'moskuvu'];Moskovu libo Moskuvu (ven.
political-geographic-object;['benin'];Benin on valdivo p√§iv√§nlaskupuolizes Afriekas.
political-geographic-object;['burkina faso'];Burkina Faso on valdivo p√§iv√§nlaskupuolizes Afriekas.
political-geographic-object;['bagamat'];Bagaman suaret (angl.
political-geographic-object;['san tome da prinsipi'];San Tomen da Prinsipin demokruattine tazavaldu on suarivaldivo Keski-Afriekas.
political-geographic-object;['izrail'];Izrail
political-geographic-object;['suomi', 'ruoƒçƒçi'];Suomen tazavaldu libo Suomi on valdivo Pohjas-Jevroupas Baltiekkumeren rannal.
political-geographic-object;['vena'];Vena on Avstrien federualline pi√§linnu sego yksi Ni≈æni Avstries olijois federuallizis mualois.
political-geographic-object;['london'];London on Yhtistynny√∂n Kunigaskunnan pi√§linnu.
political-geographic-object;['helsinki'];Helsinki (ruoƒç.
political-geographic-object;['parii≈æu'];Parii≈æu (fr.
political-geographic-object;['gvatemala'];Gvatemala on Gvatemalan Tazavallan pi√§linnu sego Keski-Ameriekan suurin linnu.
political-geographic-object;['tokio'];Tokio (jap.
political-geographic-object;['pnompen‚Äô', 'phnom penh'];Pnompen‚Äô on Kambod≈æan pi√§linnu, se on Tonlesap ‚Äìj√§rven rannal.
political-geographic-object;['riga'];Riga (latv.
political-geographic-object;['maputu', 'maputo'];Maputu on Mozambikan pi√§linnu da suurin linnu, se on muan suves.
political-geographic-object;['oslo'];Oslo on Norviegien pi√§linnu.
political-geographic-object;['dakar'];Dakar on Senegualan pi√§linnu, suuri meriportu da suurin linnu.
political-geographic-object;['fritaun', 'freetown'];Fritaun on Sierra-Leone -Tazavallan pi√§linnu.
political-geographic-object;['mogadi≈°o'];Mogadi≈°o on Somali -valdivon pi√§linnu, suurin linnu sego pi√§portu.
political-geographic-object;["stokgol'mu"];Stokgol'mu (ruoƒç.
political-geographic-object;['bangi', 'bangui'];Bangi on Keski-Afriekan pi√§linnu da suurin linnu.
political-geographic-object;['manila'];Manila on Filippinat ‚Äìvaldivon pi√§linnu da yksi 16 linnas, kuduat kuulutah Pi√§linnualoveheh.
political-geographic-object;['brazzavil', 'brazzaville'];Brazzavil on Kongon Tazavallan pi√§linnu.
political-geographic-object;['kampala'];Kampala on pi√§linnu Ugandu
political-geographic-object;['caerdydd', 'cardiff'];Caerdydd
political-geographic-object;['ottava', 'ottawa'];Ottava on Kanuadan pi√§linnu.
political-geographic-object;['kairo'];Kairo (arab.
political-geographic-object;['vellington', 'wellington'];Vellington (angl.
political-geographic-object;['hartum'];Hartum on Sudanan pi√§linnu.
political-geographic-object;['kin≈°asa'];Kin≈°asa on Kongon Demokruattizen Tazavallan pi√§linnu.
political-geographic-object;['istanbul'];Istanbul (≈†ablonu:K-tr) on Turtsien suurin linnu, valdivon kauppu-, tevolli≈æus- da kul‚Äôtuurukeskus, pi√§portu.
political-geographic-object;['new york'];New York libo New York City, viralline nimi City of New York, on Yhtysvaldoin New Yorkan ozavaldivos olii linnu.
political-geographic-object;['braziilii'];Braziilii libo Braziilien federatiivine tazavaldu
political-geographic-object;['pretourii', 'pret√≥ria'];Pretourii on linnu Suvi-Afriekku -Tazavallas.
quality;['uskondo'];Uskondo tarkoittau uskuo jumalan libo muun ylihumannoin v√§in olemasoloh da sih liittyji√§ pyhy√∂n kogemustu.
quality;['fioliettu'];Fioliettu on v√§ri, kudaman ristikanzu aistiu, konzu silm√§h tulou valguo, kudaman uallonpiduhus on 380-450 nanometrua.
quality;['v√§ri'];V√§ri on p√§iv√§zesp√§i libo muus valgol√§htehes tulijua ualdomuodoistu s√§hk√∂magniettistu s√§deilyy libo valguo.
quality;['≈°amanizmu'];≈†amanizmu tarkoittau hengellisty kul'tuurua, kuduas ≈°amuanal on keskehine rouli.
quality;['maksankarvaine'];Maksankarvaine v√§ri aistitah, konzu n√§g√∂sistieman pi√§ozin ruskiele da ozittain vihandale valgole herk√§t tappisolut ollah aktiivizet.
quality;['≈°intolai≈æus'];≈†intolai≈æus (jap.
quality;['ruskei', 'ruskei v√§ri'];Ruskei on yksi perusv√§ril√∂is.
quality;['keldaine'];Keldaine on v√§ri, kudaman ristikanzu aistii silloi, ku silm√§n verkokalvon pitkyualdozeh da keskipitk√§h valgoh herk√§t tappisolut reagiiruijah kudakui yhty √§ij√§n, no lyhytualdozele valgole herk√§t tappisolut ei reaguija juuri nivouze.
quality;['hristianskoi usko'];Hristianskoi usko (gretsien sanas ŒßœÅŒπœÉœÑœåœÇ khrist√≥s ‚Äôvoijeltu‚Äô) on avraamilaine, yksijumalaine uskondo, kudai perustuu Iisussan elaigah da opastukseh, kudamih n√§h saneltah Uvves sanas.
simple-collection;['mifolougii'];Mifolougii on kanzan libo heimon miifoin sistiemu, yhtehine tarusto da uskomuksien kogonai≈æus.
situation;['maguamine'];Maguamine on tila, kudamas lekkumine da reaktsiet ulgomuailmah ollah rajoitunnuot, da aisti√§rsykkehet on enimy√∂lleh salvattu tiedoi≈æuosp√§i muga, ku tajundu rakenduu aivoloin syv√§imes roinnuhuon toiminnan varah.
situation;['viizu'];Viizu (lat.
social-relationship;['politiekku'];Sana politiekku pohjuau klassillizen gretsien kielen sanah œÄŒøŒªŒπœÑŒπŒ∫œåœÇ (politikos), "kanzalaziikoskii".
socially-constructed-person;['johann sebastian bach'];Johann Sebastian Bach
socially-constructed-person;['voltaire'];Voltaire [v…îl.t…õÀê Å], oigiel nimel Fran√ßois-Marie Arouet [f Å…ëÃÉ.swa ma. Åi a Å.w…õ] (21.
socially-constructed-person;['johann wolfgang von goethe'];Johann Wolfgang von Goethe (28.
socially-constructed-person;['ludwig van beethoven'];Ludwig van Beethoven (16.
socially-constructed-person;['victor hugo'];Victor Marie Hugo ( audio [vikt…î Å ma Åi yÀà…°o], 26.
socially-constructed-person;['fr√©d√©ric chopin'];Fr√©d√©ric Fran√ßois Chopin (enne nimel Fryderyk Franciszek Chopin. 1.
socially-constructed-person;['richard wagner'];Richard Wagner
socially-constructed-person;['johannes brahms', 'brahms'];Johannes Brahms (7.
socially-constructed-person;['mahatma gandhi'];Mohandas Karamchand Gandhi (2.
socially-constructed-person;['marcel proust'];Valentin-Louis-Georges-Eug√®ne-Marcel Proust libo Marcel Proust ([ma Ås…õl p Åust]. 10.
socially-constructed-person;['muhammad'];Muhammad oli islaman vieron prorokku.
socially-constructed-person;['karl suuri'];Karl I Suuri
socially-constructed-person;['sienet', 'fungi'];Sienet on suurin grivanjoukko, kuduas on mondu tuhattu erilastu lajii.
socially-constructed-person;['kristoffer kolumbus'];Kristoffer Kolumbus (roinnuhes elo‚àíligakuus 1451 ‚Äì kuolluh 20.
socially-constructed-person;['leonardo da vinci', 'leonardo da vinƒçi', 'leonardo di ser piero da vinci'];Leonardo di ser Piero da Vinci (Leonardo da Vinƒçi) (15.
socially-constructed-person;['william shakespeare'];William Shakespeare (1564 ‚Äì 3.
socially-constructed-person;['ren√© descartes'];Ren√© Descartes [ Å…ône deka Åt] (31.
socially-constructed-person;['rembrandt'];Rembrandt Harmenszoon van Rijn [Ààr…õmbr…ënt Àà…¶…ërm…ô(n)soÀên v…ën Ààr…õin] (1606‚Äî1669) oli hollandielaine taidehmualuaju, kudamua piet√§h er√§h√§nny kaikkien aijoin merkitt√§vimis mualuajis.
socially-constructed-person;['abraham lincoln'];Abraham Linkoln
socially-constructed-person;['jekaterina ii', 'catherine'];Jekaterina II Aleksejevna libo Jekaterina Suuri
socially-constructed-person;['wolfgang amadeus mozart'];Wolfgang Amadeus Mozart, ristinnimel Johannes Chrysostomus Wolfgangus Theophilus Mozart (27.
socially-constructed-person;['napoleon i'];Napoleon I Bonapart
socially-constructed-person;['carl friedrich gauss'];Johann Karl Friedrich Gauss (germ.
socially-constructed-person;['vincent van gogh'];Vincent Willem van Gogh (roinnuhes 30.
socially-constructed-person;['henry ford'];Henry Ford
socially-constructed-person;['pablo picasso'];Pablo Picasso [ÀàpaŒ≤lo piÀàkaso] (25.
socially-constructed-person;['franz kafka'];Franz Anton Kafka (3.
socially-constructed-person;['hans christian andersen'];Hans Christian Andersen (2.
socially-constructed-person;['sierra leone'];Sierra Leonen tazavaldu libo Siera Leone on valdivo P√§iv√§nlasku-Afriekas.
socially-constructed-person;['iisus'];Iisus, se≈æo Iisus Nazariettalaine libo Iisus Hristos, on t√§rgei hengi hristianskois vieros.
socially-constructed-person;['leo tolstoi'];Leo Tolstoi (ven.
socially-constructed-person;['thomas edison'];Thomas Alva Edison (11.
socially-constructed-person;['ernest hemingway'];Ernest Miller Hemingway (21.
socially-constructed-person;['jonathan swift'];Jonathan Swift (30.
socially-constructed-person;['dante alighieri'];Dante Alighieri (tavan mugah vaiku Dante. 1265 Firenze Itualii ‚Äì 13./14.
socially-constructed-person;['mao zedong'];Mao Zedong
socially-constructed-person;['s√§veld√§i'];S√§veld√§i libo kompoziittoru on ristikanzu, kudai luadiu muuzikkua.
socially-constructed-person;['isaac newton'];Isaac Newton (25.
socially-constructed-person;['charles darwin'];Charles Robert Darwin (12.
socially-constructed-person;['siddhartha gautama'];Siddhartha Gautama on buddizman perustai libo Gautama Buddha.
socially-constructed-person;['johannes kepler'];Johannes Kepler (27.
socially-constructed-person;['galileo galilei'];Galileo Galilei (15.
socially-constructed-person;['aristoteles'];Aristoteles libo Aristotel‚Äô (m.grec.
socially-constructed-person;['albert einstein'];Albert Einstein (14.
socially-constructed-person;['elisabeth i'];Elisabet I
socially-constructed-person;['anton ƒçehov'];Anton Pavloviƒç ƒåehov (29.
socially-constructed-person;['f‚Äôodor dostojevskii', "f'odor dostojevski"];F‚Äôodor Mihailoviƒç Dostojevskii
socially-constructed-person;['josif stalin', 'stalin'];Josif Vissarionoviƒç Stalin, tovvelline sugunimi ‚Äì D≈æuga≈°vili
socially-constructed-person;['paimoi da paimendus'];Paimoi on ristikanzu, kudamua enne karjalazet palkattih paimendamah karjua.
socially-constructed-person;['jumal'];Jumal, Jumalus libo Jumalolendo on k√§ziteh, kudai tavan mugah tarkoittau yliluonnollizii olendoloi, kudamien uskotah halliƒçƒçijan mm.
socially-constructed-person;['marco polo', 'marko polo'];Marco Polo (1254 ‚Äì 8.
socially-constructed-person;['kirjuttai'];Kirjuttai on ristikanzu, kudai kirjuttau kirjoi, semmite kaunehliteratuurua.
subject;['matematiekku'];Sana matematiekku (grets.
subject;['muantiedo'];Muantiedo (gret.
subject;['arheolougii'];Arheolougii (grets.
subject;['biotehniekku'];Biotehniekku libo biotehnolougii on biolougien da biohiimien oza-aloveh, kudai hy√∂vynd√§y organizmoi, soluloi libo niil√∂in ozii.
subject;['ti√§htitiedo', 'astronoumii'];Ti√§htitiedo libo astronoumii on luonnontiedo, kudai tutkiu muailmankaikkevuttu da sen kohtehii, ilmiv√∂l√∂i sego kehitysty.
subject;['tehniekku', 'rakendustehniekku'];Tehniekku tarkoittau metoudoi, kudamil ristikanzu vaikuttau omassah ymb√§rist√∂h da k√§ytt√§y sid√§ omassah hyv√§kse.
subject;['arhitektuuru'];Arhitektuuru libo rakendustaideh on taidehen da tehniekan muodo, kudamas yhtyskundii, rakenduksii da niil√∂ih liittyjii ozii planiruijah mones n√§g√∂kulmas.
subject;['filosoufii'];Filosoufii (grets.
subject;['biolougii'];Biolougii on elollizen luonnon ilmiv√∂l√∂i da lainalaizuksii tutkii luonnontiedo.
substance-role;['bronzu'];Bronzu on vasken da tinan segasulateh.
taxonomic-collective;['voikalat', 'pholidae'];Voikalat (Pholidae) on ahvenkaloin lahkoh kuului kalaheimo.
taxonomic-collective;['ahvenet', 'percidae'];Ahvenet ollah ahvenkaloin lahkoh kuului kalaheimo.
taxonomic-collective;['mustuahvenet', 'micropterus'];Mustuahvenet ollah p√§ivyahvenien heimoh kuului kalasugu.
taxonomic-collective;["kl'ona", 'acer', 'kl‚Äôona'];Kl'ona (lat.
taxonomic-collective;['sarda'];Sarda on makrelliloin
taxonomic-collective;['varƒçoi', 'rumex'];Varƒçoi
taxonomic-collective;['sorzulinnut', 'anseriformes'];Sorzulinnut (lat.
taxonomic-collective;['buolat'];Buolat (lat.
taxonomic-collective;['rauskukalat', 'rajiformes'];Rauskukalat ollah kalalahko.
taxonomic-collective;['leskenlehti'];Leskenlehti on Astroin perehen kukkukazviloin monotiippulaji.
taxonomic-collective;['makrellit', 'scombridae'];Makrellit (Scombridae) ollah ahvenkaloin lahkoh kuului kalaheimo.
taxonomic-collective;['k√§g√∂int√§i'];== K√§g√∂int√§i ==
taxonomic-collective;['liipoilinduzet', 'lepidoptera'];Liipoilinduzet
taxonomic-collective;['ahvenkalat', 'perciformes'];Ahvenkalat ollah kalalahko.
taxonomic-collective;['p√§st√§rikit', 'motacillidae', 'p√§st√§rik√∂t'];P√§st√§rikit libo p√§st√§rik√∂t ollah ƒçiuƒçoilinduloih kuului heimo, kudamah kuuluu viizi suguu da 58 luaduu.
taxonomic-collective;['lohi', 'salmo'];Lohikalat
taxonomic-collective;['p√§ivyahvenet', 'centrarchidae'];P√§ivyahvenet ollah ahvenkaloin lahkoh da sen Percoidei-alalahkoh kuului kalaheimo.
taxonomic-collective;['sorzat', 'anatidae'];Sorzat on sorzulinduloin lahkoh kuului heimo, kudamah kuuluu l√§hemb√§kse 150 luaduu.
taxonomic-collective;['ki√§rb√§ine', 'musca'];Ki√§rb√§zet elet√§h kaikkiel.
taxonomic-collective;['scomber'];Scomber on makrelliloin heimoh kuului kalasugu.
taxonomic-collective;['zoarces'];Zoarces on kivimatikkoin heimoh kuului kalasugu.
technique;['teolougii'];Teolougii
temporal-region;['1. heinykuudu'];1. heinykuudu - 182.
temporal-region;['1. pakkaskuudu'];1. pakkaskuudu - Vuvven 1.
temporal-region;['2. tuhukuudu'];2. tuhukuudu on 33.
temporal-region;['25. talvikuudu'];25.
temporal-region;['19. kev√§tkuudu'];19.
temporal-region;['24. ligakuudu'];24.
temporal-region;['4. heinykuudu'];4. heinykuudu - 185.
temporal-region;['25. kev√§tkuudu'];25.
temporal-region;['ned√§li'];Ned√§li on seiƒçƒçemen suutkan piduhine aigu, kudai on kudakui nell√§ndes vuitti kuudaman kierduo.
temporal-region;['24. oraskuudu'];24.
temporal-region;['17. syvyskuudu'];17.
temporal-region;['1. elokuudu'];1. elokuudu ‚Äî 213.
temporal-region;['14. kez√§kuudu'];14.
temporal-region;['29. kez√§kuudu'];29.
temporal-region;['pyh√§p√§ivy'];Pyh√§p√§ivy
temporal-region;['29. syvyskuudu'];29.
temporal-region;['21. kez√§kuudu'];21.
temporal-region;['kuolendanj√§lgehine elos'];Kuolendanj√§lgehine elos on monis uskondolois olii uskomus, kuduan mugah ristikanzu jatkau olemasoluo kuduastahto olotilas kuolendan j√§lgeh.
temporal-region;['1. oraskuudu'];1. oraskuudu - 121.
temporal-region;['p√§ivy'];P√§ivy on suutkien valgei aigu.
temporal-region;['talvi'];Talvi on yksi nell√§s vuvvenaijas.
temporal-region;['aigu'];Aigu on fiiziekan perussuurus, kuduan yksikk√∂ on sekundu.
temporal-region;['pakkaskuu'];Pakkaskuu on vuvven enzim√§ine kuu.
temporal-region;['nell√§sp√§ivy'];Nell√§sp√§ivy
temporal-region;['pakkaskuu'];Pakkaskuu on vuvven enzim√§ine kuu.
temporal-region;['pakkaskuu'];Pakkaskuu on vuvven enzim√§ine kuu.
temporal-region;['kolmasp√§ivy'];Kolmasp√§ivy
temporal-region;['talvikuu'];Talvikuu on vuvven kahtestostu da j√§lgim√§ine kuu.
temporal-region;['talvikuu'];Talvikuu on vuvven kahtestostu da j√§lgim√§ine kuu.
temporal-region;['oraskuu'];Oraskuu on vuvven viijes kuu.
temporal-region;['syvyskuu'];Syvyskuu on vuvven yheks√§s kuu.
temporal-region;['kev√§tkuu'];Kev√§tkuu on vuvven kolmas kuu.
temporal-region;['tuhukuu'];Tuhukuu on vuvven toine kuu.
temporal-region;['elokuu'];Elokuu on vuvven kaheksas kuu.
temporal-region;['heinykuu'];Heinykuu on vuvven seiƒçƒçemes kuu.
temporal-region;['sulakuu'];Sulakuu on vuvven nell√§s kuu.
temporal-region;['kez√§kuu'];Kez√§kuu on vuvven kuvves kuu.
temporal-region;['kylmykuu'];Kylmykuu on vuvven yhtestostu kuu.
temporal-region;['ligakuu'];Ligakuu on vuvven kymmenes kuu.
temporal-region;['23. kez√§kuudu'];23.
temporal-region;['vuozi'];Vuozi on yksikk√∂, kudai pohjavuu Muan kierdoaigah P√§iv√§zen ymb√§ri.
temporal-region;['kev√§t'];Kev√§t on yksi nell√§s vuvvenaijas.
temporal-region;['sygyzy'];Sygyzy on yksi nell√§s vuvvenaijas.
temporal-region;['enzim√§inargi', 'ezm√§inargi'];Enzim√§inargi libo ezm√§inargi
temporal-region;['suovattu'];Suovattu (suom.
temporal-region;['pi√§tteniƒçƒçy', 'pi√§tenƒçy'];Pi√§tteniƒçƒçy
temporal-region;['toinargi'];Toinargi
temporal-region;['kez√§'];Kez√§ on yksi nell√§s vuvvenaijas.
temporal-region;['6. pakkaskuudu'];6. pakkaskuudu - 6.
