activity;['–ª—ä—ç–ø—ç–µ—É'];—Ç–æ–ø—ç—Ä —Å–ø–æ—Ä—Ç –∫—É–ø —Ö—å—ç–æ–≥—ä–º–∞ –∞—à—ã—à, –∞—Ä–∏ –±—ç–º –∞—à—ä –¥—É–Ω–∞–∏—ç–º–≥.—Ç–æ–ø–∞–º–¥–∂—ç –º–∞–¥–∂–≥—É–Ω—Ñ–∞–∏ —Ç1—É –∫—É–ø—Ö—å—É –∞—Ö—å–º—ç –¥–∂—ç–≥—É–∞–∫1—Ö—å—ç 22 –≥—É–ª–¥–∂—Ö—å—ç—Ä–∏ –∞—Ö—å—Ç—É, –∑–∫—É–ø—ç–º —Ö—å—ç—Ç—ç –¥–∂—ç–≥—É–∞–∫1—Ö—å—É 11.
activity;['—Ö—å—ã–ª—ä—çi—ç—Ç'];—Ö—å—ã–ª—ä—ç1—ç—Ç ‚Äî —Å–ø–æ—Ä—Ç 1–æ—Ñ—à1—ç–Ω –ø—ã–ª—ç–∂—ä—ç—Ö—å—Ö—ç—Ä—ç–º—ç –∫—ä–∞1—ç—Ç—ã—Ö –≥—ä—ã—Ä—ã –≥—ä–æ—Ç—ç–≥—ä—ã—Ö—ç—É, –≥—ä—ã—Ä—ã —à1—ã–≥—ä—ç—Ö –≥—É—Ä–≥—ä –≥—ä—É—á1—ã–≥—ä—ç.
activity;['–æ—â—Ö—ã'];–ü—Å—ã–Ω–∫”Ä—ç—É —Ç—ã–≥—ä—ç–∫”Ä–æ–∂—å, –∞—Ä–º–µ—Ä–º—ç –æ—â—Ö—ã–º —Ç–∏–≥—ä—ç—à—ä—É—â—Ç.
agentive-figure;['–µ—É—Ä–æ –∑—ç–∫—ä–æ—Ç—ã–Ω—ã–≥—ä—ç', 'üá™üá∫'];–ï—É—Ä–æ –ó—ç–∫—ä–æ—Ç—ã–Ω—ã–≥—ä—ç, –ï–ó ‚Äî –ï—É—Ä–æ–ø—ç–º —Ö—ç—Ç –∫—ä—ç—Ä–∞–ª–º—ç —è –æ—Ä–≥–∞–Ω–∏–∑–∞—Ü–∏–µ.
agentive-figure;['–¥—É–Ω—ç–µ –ª—ä—ç–ø–∫—ä –æ—Ä–≥–∞–Ω–∏–∑–∞—Ü–∏–µ'];–î—É–Ω—ç–µ –õ—ä—ç–ø–∫—ä –û—Ä–≥–∞–Ω–∏–∑–∞—Ü–∏–µ, –∫I—ç–∫I—ç—É –î–õ–û - –¥—É–Ω–∞–µ–º–∫I—ç –∞–Ω–∞—Ö—å –º—ç—Ö—å–∞–Ω—ç—à—Ö–æ –∑–∏I—ç –æ—Ä–≥–∞–Ω–∏–∑–∞—Ü–∏–µ–º—ç –∞—â—ã—â, –¥—É–Ω–∞–µ–º —Ç–µ—Ç –∫—ä—ç—Ä–∞–ª—ã–≥—ä–æ—Ö—ç—Ä –ø—Å—Ç—ç—É—Ä–∏ —Ö—ç–ª–∞–∂—å—ç—Ö.
agentive-physical-object;['—Ö—å—ç', 'canis lupus familiaris'];–•—å—ç—Ä, —â—ç—Ä—ã–øI—É I—ç—Ä—ã–øI—É –ø—Å—ç—É—à—ä—Ö—å—ç—Ö—ç–º—ç –∞ —â—ã—â, –∏ –ª—ä—ç–ø–∫—ä —Ç—ã–≥—ä—É—ã–∂—ä–º—ç –∫—ä–∞—Ö—ç–∫I—ã–≥—ä.
agentive-physical-object;['–ø–æ–Ω–∏', '—à—ã—Ü1—ã1—É-–º–∞–ª–µ–Ω—å–∫–∞—è –ª–æ—à–∞–¥–∫–∞', '—à—ã—Ü”è—ã–∫”è—É', '—à—ã—Ü”è—ã”è—É'];–ü–æ–Ω–∏ ‚Äì —à—ã —Ü”Ä—ã–∫”Ä—É–¥—ç–¥.
agentive-physical-object;['–º–∞—Ö—ä—É—à—ç', '–º–∞—Ö—ä—á—ç'];–ú–∞—Ö—ä—É—à-—ç—Ä, –∏–∫–Ü–∏ –ú–∞—Ö—ä—à—ç —Ä–∞–Ü–æ, –ø—Å—ç—É—à—ä—Ö—å—ç—Ö—ç–º—ç –∞ —â—ã—â.
agentive-physical-object;['–∫—ä—ç–ø–ª—ä–∞–Ω', '–∫—ä–∞–ø–ª—ä—ç–Ω', 'panthera tigris'];–ö—ä—ç–ø–ª—ä–∞–Ω ‚Äî —Ö—å—ç–∫”Ä—ç-–∫—ä—É—ç–∫”Ä—ç –ø—Å—ç—É—à—ä—Ö—å—ç–º—ç –∞—â—ã—â.
agentive-physical-object;['–∞—Å–ª—ä–∞–Ω', 'panthera leo'];–ê—Å–ª—ä–∞–Ω - —Ö—å–∞–∫I—ç–∫—ä—É–∞–∫I—ç –ª—ä—ç–ø–∫—ä –∏–Ω—ã–º—ç –∞—â—ã—â.
agentive-physical-object;['–±–ª–∞–Ω—ç', 'alces alces'];–ë–ª–∞–Ω—ç ‚Äî –∫—ä—ç–∫”Ä—ã–≥—ä—ç—à—Ö –ø—Å—ç—É—à—ä—Ö—å–∞, —à—ç—Ä—ã–ø”Ä, —à—ä—ã—Ö—å –ª—ä—ç–ø–∫—ä—ã–º —è—â—ã—â.
agentive-physical-object;['–º—ã—à—ä—ç'];–ú—ã—à—ä—ç—Ä, —â—ç—Ä—ã–øI—É –º—ç–∑ –ø—Å—ç—É—à—ä—Ö—å—ç—Ö—ç–º—ç –∞ —â—ã—â.
agentive-physical-object;['–º—ç–∑–∫—ä–∞—Ç—ã—Ö—ä—É'];–ú—ç–∑–∫—ä–∞—Ç—ã—Ö—ä—É ‚Äì –º—ç–∑—á—ç—Ç—ã—É –ª—ä—ç–ø–∫—ä —è–±–≥.
agentive-physical-object;['–±–∑—ã—É', 'aves'];–¢–∞–º—ç –∑–∏I—ç—É –±—ã–±—Ä—ç –ø—Å—ç—É—à—ä—Ö—å—ç —ÜI—ã–∫I—É.
amount-of-matter;['–ø—Ü–∞—à”è–æ', 'pb', '–ø—Ü–∞—à1–æ'];–ø—Ü–∞—à1–æ ‚Äì –º–µ—Ç–∞–ª–ª —à—ä—ç–±—ç –ª—ä—ç–ø–∫—ä—ç—É –ø—Å—ã–Ω–∫1—ç—É —Ç–∫1—É—Ä—ç. –≥—ä—É–∞–Ω—ç —Ö—ä—É–≥—ä—ç —Ö—å–∞–∫—ä—É ‚Äì —à—ã–∫—ä—É—Ö—ç—Ä —Ä–∞–¥—ã–∂—å—ã.
amount-of-matter;['—Ç—ã–∂—å—ã–Ω', 'ag'];–¢—ã–∂—å—ã–Ω ‚Äì –º–µ—Ç–∞–ª–ª —à—ä—ç–±—ç —Ñ—ã–∂—ä—ç—É –∞–¥—ã–≥—ç –±–∑—ã–ª—ä—Ñ—ã–≥—ä—ç —â—ã–≥—ä—ã–Ω—ã–º—Ä—ç —Ö—ä—É–ª—ä—Ñ—ã–≥—ä—ç I—ç—à—ç-—à—ä—É–∞—à—ç–º—Ä—ç –∑—ç—Ä–∞–≥—ä—ç–∫I—ç—Ä–∞–∫I—ç—â—Ç—ã–≥—ä—ç—Ä.
event;['–º—ç—ài—É–∞—à—ä—Ö—å', '–º—ç—à1—É–∞—à—ä—Ö—å'];–ú—ç—ài—É–∞—à—ä—Ö—å ‚Äì –∑—ç—à—Ö—ç—Ä —è—Ç—ç –∏—Ö–∞–øI—ç —É–Ω—ç–≥—ä–æ —à—ä—Ö—å–∞—Ñ—ç—É —â—ã–ø—Å—ç—É—Ö—ç –∑—ã—Ö—ä—É–∫I—ç –∫—ä—ã–∑—â—ã—Ö—ä—É–≥—ä—ç —É–Ω—ç—Ä —è–º—ç—àI—É–∞—à—ä—Ö—ä—ç—É –∞–ª—ä—ã—Ç—ç—â—Ç—ã–≥—ä—ç.
functional-matter;['—Ç—ã–∂—å—ã–Ω', 'ag'];–¢—ã–∂—å—ã–Ω ‚Äì –º–µ—Ç–∞–ª–ª —à—ä—ç–±—ç —Ñ—ã–∂—ä—ç—É –∞–¥—ã–≥—ç –±–∑—ã–ª—ä—Ñ—ã–≥—ä—ç —â—ã–≥—ä—ã–Ω—ã–º—Ä—ç —Ö—ä—É–ª—ä—Ñ—ã–≥—ä—ç I—ç—à—ç-—à—ä—É–∞—à—ç–º—Ä—ç –∑—ç—Ä–∞–≥—ä—ç–∫I—ç—Ä–∞–∫I—ç—â—Ç—ã–≥—ä—ç—Ä.
functional-matter;['—Ö—ç—Ç—ç—Ä—ã–∫”è—Ö—ç—Ä', '—Ö—ç—Ç—ç—Ä—ã–∫1—Ö—ç—Ä-–æ–±–æ—â–∏.'];–•—ç—Ç—ç—Ä—ã–∫”Ä—Ö—ç—Ä ‚Äì —Ç–∏—Ö–∞—Ç—ç –∫—ä—ç–±–∞—Å–∫—ä–∏, –Ω—ç—à—ç–±—ç–≥—É–∏ –±—ç–ª—ã–¥–∂–∏, –∫—ä—ã–¥–∞–∫”Ä—ç—Ö.
geographical-object;['–∫—ä—ã–±–ª—ç –∞–º–µ—Ä–∏–∫—ç', '–∫—ä—ã–±–ª—ç –∞–º–µ—Ä–∏–∫'];–ò—áI—ã—Ä—ç –ê–º–µ—Ä–∏–∫—ç ‚Äì –∫–æ–Ω—Ç–∏–Ω–µ–Ω—Ç, –∏–ø—à—ä—ç—Ä—ç–º –∏—áI—ç—Ä—ã —áI—ç—Ç.
geographical-object;['–∞–º–∞–∑–æ–Ω–∫—ç'];–ê–º–∞–∑–æ–Ω–∫—ç ‚Äì –ö—ä—ã–±–ª—ç –ê–º–µ—Ä–∏–∫—ç–º —â—ãI—ç –ø—Å—ã—Ö—ä—É.
geographical-object;['—Ö—ã —à”è—É—Ü”è—ç', '—Ö—ã —à”è—É—Ü”è'];–•—ã –®”Ä—É—Ü”Ä ‚Äî –ê—Ç–ª–∞–Ω—Ç –û–∫–µ–∞–Ω—ã–º —Ö—ç–ª—ä—ç–¥—ç—Ä—ç —Ö—ã—Ä.
geographical-object;['–ø–µ—Ä—Å –ø—Å—ã–¥–∞—Ö—å'];–ü–µ—Ä—Å –ü—Å—ã–¥–∞–¥—Ö—å ‚Äì –ø—Å—ã–¥–∞—Ö—å—ç—É –ò–Ω–¥ –û–∫–µ–∞–Ω—ã–º –∫—ä—ã—Ö—ç–∫I—ã—Ä—ç—Ä.
geographical-object;['–∞–º—É—Ä', 'amur'];–ê–º—É—Ä - –¢—ã–≥—ä—ç–∫—ä–æ–∫I—ã–øI—ç –ê–∑–∏–µ–º —â—ãI—ç –ø—Å—ã—Ö—ä–æ.
geographical-object;['—â—Ç—ã–≥—ä—ç –æ–∫–µ–∞–Ω'];–©—Ç—ã–≥—ä—ç –û–∫–µ–∞–Ω, –ê—Ä–∫—Ç–∏–∫ –û–∫–µ–∞–Ω, –¢–µ–º—ã—Ä –©—Ç—ã–≥—ä—ç –û–∫–µ–∞–Ω ‚Äî –ßI—ã–≥—É–º —Ç–µ—Ç –æ–∫–µ–∞–Ω–∏–ø–ªI—ã–º –∞—â—ã—â.
geographical-object;['–∞–º–µ—Ä–∏–∫—ç', '–∞–º–µ—Ä–∏–∫'];–ê–º–µ—Ä–∏–∫—ç - —á”Ä—ã–Ω—ç–ª—ä—ç—à—Ö—É—Ö—ç—Ä I—É—Ç —áI—ç–≥—É—Ä—ç–º –∏–∫I—ç—Ö—å—ã–≥—ä—ç.
geographical-object;['–∞—Ç–ª–∞–Ω—Ç –æ–∫–µ–∞–Ω'];–ê—Ç–ª–∞–Ω—Ç –û–∫–µ–∞–Ω ‚Äî —áI—ã–≥—É–º —Ç–µ—Ç –æ–∫–µ–∞–Ω–∏–ø–ªI—ã–º (4-–º) –∞—â—ã—â.
geographical-object;['–µ—É—Ä–∞–∑–∏–µ'];–ï—É—Ä–∞–∑–∏–µ ‚Äì –∫–æ–Ω—Ç–∏–Ω–µ–Ω—Ç, –∞–ø—ç—Ä—ç—É –∏–∏–Ω–∞–≥—ä—ç–∫I—ç –∫—ä–∞–∫I–æ –∫–æ–Ω—Ç–∏–Ω–µ–Ω—Ç–º—ç –∞—â—ã—â—ç—É.
geographical-object;['—Ö—ã—à—Ö–æ —à—ä—ç—Ñ', '–æ–∫–µ–∞–Ω —à—ä—ç—Ñ'];–•—ã—à—Ö–æ –®—ä—ç—Ñ ‚Äì —áI—ã–≥—É–º —Ç–µ—Ç –æ–∫–µ–∞–Ω–∏–ø–ªI—ã–º –∞—â—ã—â.
geographical-object;['–Ω–∏–ª'];–ù–∏–ª ‚Äì –ø—Å—ã—Ö—ä–æ, –¥—É–Ω–∞–µ–º —Ç–µ—Ç –ø—Å—ã—Ö—ä–æ –∞–Ω–∞—Ö—å –¥–∂—ç–¥—ç—à—Ö–æ–º—ç –∞—â—ã—â.
information-realization;['–∫—ä—É—Äi–∞–Ω'];–ö—ä—É—ÄI–∞–Ω ‚Äì –¥—É–Ω–∞–∏–º —â—ã–ø—Å—ç—É—Ä—ç –±—ã—Å–ª—ä—ã–º—ç–Ω –ø—Å—Ç—ç—É–º—ç —è—Ç—Ö—ã–ª—ä –ª—ä–∞–øI. –ê—Ä —ÜI—ã—Ñ –∑–∞—Ñ—ç –ø—ç–ø—á—ä —Ö–∞–±–∑—ç—É –∑—ç—Ä—ç–ø—Å—ç—É—â—Ç—ã–º, —à—ç–Ω—ç—É, I—ç–¥—ç–±—ç—É, —ÜI—ã—Ñ—ã–≥—ä—ç—É —Ö—ç–ª—ä—ã–Ω —Ñ–∞–µ—Ö—ç–º, –∫—ä—ç—Ö—ä—É—â—Ç-–∫—ä—ç—àI—ç—â—Ç—Ö—ç–º –∞—Ñ—ç–≥—ä–∞—Ö—å—ã–≥—ä.
language;['—Ç—ã—Ä–∫—É–±–∑—ç'];–¢—ã—Ä–∫—É–±–∑—ç ‚Äî –¢—ã—Ä–∫—É–µ–º –∏ –∫—ä—ç—Ä–∞–ª—ã–≥—ä—É–∞–±–∑, —Ç—é—Ä–∫ –±–∑—ç–∫—É–ø—ã–º —Ö–∞—Ö—å—ç, —ã—É–∂—Ä—ç—Ä –ê–ª—Ç–∞–π –±–∑—ç—É–Ω–∞–≥—ä–æ–º —Ö–∞—Ö—å—ç.
language;['–∞–Ω–≥–ª—ã–±–∑—ç', '–∏–Ω–¥–∂—ã–ª—ã–∑—ã–±–∑—ç', 'english'];–ò–Ω–¥–∂—ã–ª—ã–∑—ã–±–∑—ç, –∞–Ω–≥–ª—ã–±–∑—ç, –∞–Ω–≥–ª—ã–∑—ã–±–∑—ç, ‚Äî –∞–Ω–≥–ª—ã–º—ç —è–±–∑, –∏–Ω–¥–æ-–µ—É—Ä–æ–ø—ç –±–∑—ç—É–Ω–∞–≥—ä–æ–º –∏ –≥–µ—Ä–º–∞–Ω –±–∑—ç–∫—É–ø—ã–º —Ö–∞—Ö—å—ç.
language;['–¥–∂—É—Ä—Ç—ã–±–∑—ç'];–î–∂—É—Ä—Ç—ã–±–∑—ç ‚Äì –¥–∂—É—Ä—Ç–º—ç —è–±–∑, –ò—Å—Ä–∞–∏–ª—ã–º –∏ –±–∑—ç—à—ä—Ö—å–∞I—ç—É —â—ã—Ç.
language;['—É—Ä—ã–º—ã–±–∑—ç'];–£—Ä—ã–º—ã–±–∑—ç–º —É—Ä—ã–º—Ö—ç—Ä —Ä—ç–≥—É—â—ã1—ç—Ö, –∏–Ω–¥–æ–µ—É—Ä–æ–ø—ç –±–∑—ç—É–Ω–∞–≥—ä–æ–º —Ö–∞—Ö—å—ç, –ø–∞–ª–µ–æ–±–∞–ª–∫–∞–Ω –±–∑—ç–º—ç –∞—â—ã—â.
language;['–∞–ª–±–∞–Ω—ã–±–∑—ç'];–ê–ª–±–∞–Ω—ã–±–∑—ç ‚Äì –∞–ª–±–∞–Ω—Ö—ç–º —è–±–∑.
language;['–ø–µ—Ä—Å—ã–±–∑—ç'];–ü–µ—Ä—Å—ã–±–∑—ç ‚Äî –ò—Ä–∞–Ω–µ–º, –ê—Ñ–≥–∞–Ω–∏—Å—Ç–∞–Ω–µ–º, –¢–∞–¥–∂–∏–∫–∏—Å—Ç–∞–Ω–µ–º –∏ –∫—ä—ç—Ä–∞–ª—ã–≥—ä—É–∞–±–∑.
language;['–æ–∫—Å–∏—Ç–∞–Ω—ã–±–∑—ç', '–æ–∫—Å–∏—Ç–∞–Ω—Ü—ã–±–∑—ç'];–û–∫—Å–∏—Ç–∞–Ω—ã–±–∑—ç (occitan) ‚Äì –§—Ä–∞–Ω—Ü–º—ç, –ò—Ç–∞–ª–º—ç, –ò—Å–ø–∞–Ω–º—ç, –ú–æ–Ω–∞–∫–æ–º—ç —è–±–∑.
language;['–∏—Å–ø–∞–Ω—ã–±–∑—ç'];–ò—Å–ø–∞–Ω—ã–±–∑—ç ‚Äî –¥—É–Ω–∞–µ–º–∫I—ç –º–ª–Ω 470 —Ñ—ç–¥–∏–∑ —Ä—ç–≥—É—â–∞I–∂—ç—Ö.
language;['–∞—Ä–∞–ø—ã–±–∑—ç'];–ê—Ä–∞–ø—ã–±–∑—ç–º –∞—Ä–∞–ø –ª—ä—ç–ø–∫—ä—Ö—ç—Ä —Ä—ç–≥—É—â–∞I—ç—Ö.
language;['—É—Ä—ã—Å—ã–±–∑—ç'];–£—Ä—ã—Å—ã–±–∑—ç (—É—Ä—ã—Å—ã–±–∑—ç–≥—å—ç: –†—É—Å—Å–∫–∏–π —è–∑—ã–∫) ‚Äî –£—Ä—ã—Å—ã–µ –§–µ–¥–µ—Ä–∞—Ü—ç–º —è –±–∑—ç—à—ä—Ö—å–∞I. –ò–Ω–¥–æ-–µ—É—Ä–æ–ø–µ–π –±–∑—ç—É–Ω–∞–≥—ä–æ–º –∏ —Å–ª–∞–≤—è–Ω –±–∑—ç–∫—ä—É—Ç–∞–º—ç–º —Ö–∞—Ö—å—ç.
language;['–≥–µ—Ä–º–∞–Ω—ã–±–∑—ç', '–≥–µ—Ä–º–∞–Ω—ã–±–∑'];–ì–µ—Ä–º–∞–Ω—ã–±–∑—ç ‚Äì –≥–µ—Ä–º–∞–Ω—Ö—ç–º —è–±–∑, –ï—É—Ä–æ–ø—ç–º –∏ –∫—ä—ç—Ä–∞–ª—ã–≥—ä–æ –∑–∞—É–ª—ç–º –∏ –±–∑—ç—à—ä—Ö—å–∞I—ç—É —â—ã—Ç (–ì–µ—Ä–º–∞–Ω–∏–µ, –ê—É—Å—Ç—Ä–∏–µ, –®–≤–µ–π—Ü–∞—Ä–∏–µ, –Ω–º–∫).
locative-role;['–∫–∏–æ—Ç–æ'];–ö–∏–æ—Ç–æ ‚Äî –Ø–ø–æ–Ω–∏–µ–º –∏ –∫—ä–∞–ª—ç.
locative-role;['–¥–µ–ª–∏', 'd√©lhi'];–î–µ–ª–∏ ‚Äî –ò–Ω–¥–∏–µ–º –∏ –∫—ä—ç–ª—ç—à—ä—Ö—å–∞I, –∫—ä—ç—Ä–∞–ª—ã–≥—ä–æ–º –∏ –∞–Ω–∞—Ö—å –∫—ä—ç–ª—ç—à—Ö–æ–º—ç –∞—â—ã—â.
locative-role;['—Å–∞–Ω–∫—Ç-–ø–µ—Ç–µ—Ä–±—É—Ä–≥', '–±—ã—Ç—ã—Ä–±—ã—Ñ'];–°–∞–Ω–∫—Ç-–ü–µ—Ç–µ—Ä–±—É—Ä–≥ (1703‚Äì1914 –∏–ª—ä—ç—Å—Ö—ç–º —ã–∫I–∏ 1991-–º —â–µ–≥—ä—ç–∂—å—ç–∂—å—ã–≥—ä—ç—É –°–∞–Ω–∫—Ç-–ü–µ—Ç–µ—Ä–±—É—Ä–≥. 1924 –∏–ª—ä.
locative-role;['—Å–µ—Ä–±–∏–µ'];–°–µ—Ä–±–∏–µ ‚Äî –ï—É—Ä–æ–ø—ç–º —Ö—ç—Ç –∫—ä—ç—Ä–∞–ª—ã–≥—ä—É.
locative-role;['—Å–∞–ø–ø–æ—Ä–æ', 'sapporo'];–°–∞–ø–ø–æ—Ä–æ ‚Äî –Ø–ø–æ–Ω–∏–µ–º –∏ –∫—ä–∞–ª—ç.
locative-role;['–∫—ä–∞—É–∫—ä–∞–∑', '–∫–∞–≤–∫–∞–∑', '–∫—ä–∞–≤–∫–∞–∑'];–ö—ä–∞—É–∫—ä–∞–∑, –ö—ä–∞—É–∫—ä–∞—Å ‚Äî –ï—É—Ä–æ–ø—ç–º—Ä—ç –ê–∑—ã–µ–º—Ä—ç —è –≥—ä—É–Ω–∞–ø–∫—ä—ç–º —Ç–µ—Ç—É, –•—ã –®”Ä—ã—Ü”Ä—ç–º, –•—ã –ú—ã—É—Ç”Ä—ç–º, –•—ã –ö–∞—Å–ø—ã–π–º —è –∑—ç—Ñ–∞–∫—É–º –¥—ç—Ç—ç—É.
locative-role;['–ª–∏—Ç—É–∞–Ω–∏–µ'];–õ–∏—Ç—É–∞–Ω–∏–µ, –µ –†–µ—Å–ø—É–±–ª–∏–∫—ç—É –õ–∏—Ç—É–∞–Ω–∏–µ ‚Äì –ï—É—Ä–æ–ø—ç–º —Ö—ç—Ç –∫—ä—ç—Ä–∞–ª.
locative-role;['–æ—Å–∞–∫–∞', '√¥saka'];–û—Å–∞–∫–∞ ‚Äî –Ø–ø–æ–Ω–∏–µ–º –∏ –∫—ä–∞–ª—ç.
locative-role;['–≤–∞–ª—å–ø–∞—Ä–∞–∏—Å–æ', 'valparaiso'];–í–∞–ª—å–ø–∞—Ä–∞–∏—Å–æ ‚Äî –ß–∏–ª–∏–∏–µ–º –∏ –∫—ä–∞–ª—ç.
locative-role;['—Ä–∏–æ-–¥–µ-–∂–∞–Ω–µ–π—Ä–æ', 'rio de janeiro'];–†–∏–æ-–¥–µ-–ñ–∞–Ω–µ–π—Ä–æ ‚Äî –ë—Ä–∞–∑–∏–ª–∏–µ–º –∏ –∫—ä–∞–ª—ç.
locative-role;['–∏—Å—Ç–∞–º–±—ã–ª'];–ò—Å—Ç–∞–º–±—ã–ª ‚Äî –¢—ã—Ä–∫—É–µ–º –∏ –∫—ä–∞–ª—ç–º—ç –∞–Ω–∞—Ö—å –∏–Ω—ã—Ä.
non-agentive-physical-object;['–æ–Ω–¥–∂—ç–∫—ä', '–æ–Ω–¥–∂—ç–∫—å'];–û–Ω–¥–∂—ç–∫—ä ‚Äì —á—ã–∏—Ñ —Å—ã–±—ç—É –¥–∂—ç–Ω—ã–∫—ä–æ–º –∏I—É–≥—ä–æ —Ä–∏—â—ã–Ω—ç—É –¥—ç–ø–∫—ä—ã–º —Ä–∞—àI—ã–ªI—ç.
non-physical-collection;['–¥–∂—É—Ä—Ç'];–î–∂—É—Ä—Ç –¥–∏–Ω, –∏—É–¥–∞–∏–∑–º, –¥–∂—É–¥–∞–∏–∑–º - –¥–∂—É—Ä—Ç–º—ç –∞–ª—ç–∂—å—ã—Ä—ç –¥–∏–Ω.
non-physical-collection;['—á—ã—Ä–∏—Å—Ç–∞–Ω –¥–∏–Ω'];–ß—ã—Ä–∏—Å—Ç–∞–Ω –¥–∏–Ω, —Ö—Ä–∏—Å—Ç–∏–∞–Ω –¥–∏–Ω ‚Äì –¥—É–Ω–∞–µ–º —Ç–µ—Ç –¥–∏–Ω–º—ç –∞–Ω–∞—Ö—å –∂—ä—ã–¥—ç–¥—ç–º—ç –∞—â—ã—â.
phenomenon;['–æ—â—Ö—ã'];–ü—Å—ã–Ω–∫”Ä—ç—É —Ç—ã–≥—ä—ç–∫”Ä–æ–∂—å, –∞—Ä–º–µ—Ä–º—ç –æ—â—Ö—ã–º —Ç–∏–≥—ä—ç—à—ä—É—â—Ç.
physical-body;['—ái—ã–≥—É'];–ßI—ã–≥—É ‚Äì –¢—ã–≥—ä—ç —Å–∏—Å—Ç–µ–º—ç–º –∏—è 3-—Ä—ç –ø–ª—ç–Ω–µ—Ç.
physical-object;['–∫—ä—É—à—ä—Ö—å—ç—Ñ–∞—á—ä', '–∫—ä—É—à—ä—Ö—å—ç—Ñ–∞—á—ä—ç- –≤–µ–ª–æ—Å–∏–ø–µ–¥.'];–ö—ä—É—à—ä—Ö—å—ç—Ñ–∞—á—ä—ç–º –≥—ä–∞–¥–∂—ç–ª–∏—Ç”Ä—É –∏”Ä.
physical-object;['–¥–æ–ª–º–µ–Ω—Ö—ç—Ä'];–î–æ–ª–º–µ–Ω ‚Äì –º—ã–∂—ä–æ –∑—ç—Ç–µ—Ç–º—ç –∞—â—ã—â, –º–µ–≥–∞–ª–∏—Ç.
physical-object;['–∫—ä–∞–º—ç'];–ö—ä–∞–º—ç ‚Äì I–∞—à—ç–º—ç –∞—â—ã—â.
physical-object;['—Å—ã—Ö—å–∞—Ç'];–°—ã—Ö—å–∞—Ç—ã—Ä –±–ª—ã–º –∫”Ä—ç–ª—ç–µ–¥–∂–∞–∫”Ä–æ—Ö—ç—Ä –∫—ä—ç—Ç—ç—Å–∂—ã.
physical-object;['–∫—ä—É—à—ä—Ö—å—ç—Ñ–∞—á—ä', '–∫—ä—É—à—ä—Ö—å—ç—Ñ–∞—á—ä—ç- –≤–µ–ª–æ—Å–∏–ø–µ–¥.'];–ö—ä—É—à—ä—Ö—å—ç—Ñ–∞—á—ä—ç–º –≥—ä–∞–¥–∂—ç–ª–∏—Ç”Ä—É –∏”Ä.
physical-object;['–æ–Ω–¥–∂—ç–∫—ä', '–æ–Ω–¥–∂—ç–∫—å'];–û–Ω–¥–∂—ç–∫—ä ‚Äì —á—ã–∏—Ñ —Å—ã–±—ç—É –¥–∂—ç–Ω—ã–∫—ä–æ–º –∏I—É–≥—ä–æ —Ä–∏—â—ã–Ω—ç—É –¥—ç–ø–∫—ä—ã–º —Ä–∞—àI—ã–ªI—ç.
political-geographic-object;['—Ä—É–º–∞–Ω–∏–µ', 'xace', '—Ä–æ–º–∞–Ω–∏–µ'];–†—É–º–∞–Ω–∏–µ ‚Äì –ï—É—Ä–æ–ø—ç–º —Ö—ç—Ç –∫—ä—ç—Ä–∞–ª—ã–≥—ä—É.
political-geographic-object;['–∫–∏–æ—Ç–æ'];–ö–∏–æ—Ç–æ ‚Äî –Ø–ø–æ–Ω–∏–µ–º –∏ –∫—ä–∞–ª—ç.
political-geographic-object;['–¥–µ–ª–∏', 'd√©lhi'];–î–µ–ª–∏ ‚Äî –ò–Ω–¥–∏–µ–º –∏ –∫—ä—ç–ª—ç—à—ä—Ö—å–∞I, –∫—ä—ç—Ä–∞–ª—ã–≥—ä–æ–º –∏ –∞–Ω–∞—Ö—å –∫—ä—ç–ª—ç—à—Ö–æ–º—ç –∞—â—ã—â.
political-geographic-object;['—Å–∞–Ω–∫—Ç-–ø–µ—Ç–µ—Ä–±—É—Ä–≥', '–±—ã—Ç—ã—Ä–±—ã—Ñ'];–°–∞–Ω–∫—Ç-–ü–µ—Ç–µ—Ä–±—É—Ä–≥ (1703‚Äì1914 –∏–ª—ä—ç—Å—Ö—ç–º —ã–∫I–∏ 1991-–º —â–µ–≥—ä—ç–∂—å—ç–∂—å—ã–≥—ä—ç—É –°–∞–Ω–∫—Ç-–ü–µ—Ç–µ—Ä–±—É—Ä–≥. 1924 –∏–ª—ä.
political-geographic-object;['–Ω–æ—Ä–≤–µ–≥–∏–µ'];–ù–æ—Ä–≤–µ–≥–∏–µ, –µ –ö–æ—Ä–æ–ª—ã–≥—ä–æ—É –ù–æ—Ä–≤–µ–≥–∏–µ ‚Äì –ï—É—Ä–æ–ø—ç–º —Ö—ç—Ç –∫—ä—ç—Ä–∞–ª.
political-geographic-object;['—è–ø–æ–Ω–∏–µ'];–Ø–ø–æ–Ω–∏–µ, –ü–∞—á—ä—ã—Ö—å—ã–≥—ä–æ—É –Ø–ø–æ–Ω–∏–µ ‚Äì –ê–∑–∏–µ–º –∏ —Ç—ã–≥—ä—ç–∫—ä–æ–∫I—ã–øI—ç –ª—ä—ç–Ω—ã–∫—ä–æ —â—ãI—ç –∫—ä—ç—Ä–∞–ª—ã–≥—ä—É.
political-geographic-object;['–≥—É—Ä—ã—Ç –∞—Ñ—Ä–∏–∫—ç —Ä–µ—Å–ø—É–±–ª–∏–∫—ç'];–ì—É—Ä—ã—Ç –ê—Ñ—Ä–∏–∫—ç –†–µ—Å–ø—É–±–ª–∏–∫—ç ‚Äì –ê—Ñ—Ä–∏–∫—ç–º –∏—Ç –∫—ä—ç—Ä–∞–ª—ã–≥—ä—É.
political-geographic-object;['–¥–∂–∏–±—É—Ç–∏'];–î–∂–∏–±—É—Ç–∏, –†–µ—Å–ø—É–±–ª–∏–∫—ç—É –î–∂–∏–±—É—Ç–∏ ‚Äì –ê—Ñ—Ä–∏–∫—ç–º –∏—Ç –∫—ä—ç—Ä–∞–ª—ã–≥—ä—É, –ê—Ñ—Ä–∏–∫—ç –±–∂—ä–∞–∫—ä–æ–º –¥—ç–∂—å.
political-geographic-object;['–º–∞–ª–∞–π–∑–∏–µ'];–ú–∞–ª–∞–π–∑–∏–µ, –ü–∞—á—ä—ã—Ö—å—ã–≥—ä–æ—É –ú–∞–ª–∞–π–∑–∏–µ ‚Äì –ê–∑–∏–µ–º –∏ —Ç—ã–≥—ä—ç–∫—ä–æ–∫I—ã–øI—ç-–∫—ä—ã–±–ª—ç –ª—ä—ç–Ω—ã–∫—ä–æ–º —â—ãI—ç –∫—ä—ç—Ä–∞–ª—ã–≥—ä—É.
political-geographic-object;['–Ω–∞–º–∏–±–∏–µ'];–ù–∞–º–∏–±–∏–µ ‚Äî –ê—Ñ—Ä–∏–∫—ç–º –∏—Ç –∫—ä—ç—Ä–∞–ª—ã–≥—ä—É.
political-geographic-object;['–º–∞—É—Ä–∏—Ç–∞–Ω–∏–µ', '–Ω—ç–≥—É–º—ç —à–æ—Ä–∞'];–ú–∞—É—Ä–∏—Ç–∞–Ω–∏–µ, –ò—Å–ª—ä–∞–º –†–µ—Å–ø—É–±–ª–∏–∫—ç—É –ú–∞—É—Ä–∏—Ç–∞–Ω–∏–µ ‚Äì –ê—Ñ—Ä–∏–∫—ç–º –∏—Ç –∫—ä—ç—Ä–∞–ª—ã–≥—ä—É.
political-geographic-object;['–±–µ–ª–∏–∑', 'belize'];–ë–µ–ª–∏–∑ ‚Äì –ò—à—ä—Ö—ä—ç—Ä—ç –ê–º–µ—Ä–∏–∫—ç–º –∏—Ç –∫—ä—ç—Ä–∞–ª—ã–≥—ä—É.
political-geographic-object;['–∞–Ω–≥–ª–∏–µ'];–ê–Ω–≥–ª–∏–µ - —Ö—ç–∫—É, –ë—Ä–∏—Ç–∞–Ω–∏–µ—à—Ö–æ –ü–∞—á—ä—ã—Ö—å—ã–≥—ä–æ–º —Ö–∞—Ö—å—ç—Ä—ç –∫—ä—ç—Ä–∞–ª—ã–≥—ä—É–∏–ø–ª1—ã–º—ç –∞—â—ã—â.
political-geographic-object;['—à–≤–µ–π—Ü–∞—Ä–∏–µ', 'ch'];–®–≤–µ–π—Ü–∞—Ä–∏–µ, –®–≤–µ–π—Ü–∞—Ä –ö–æ–Ω—Ñ–µ–¥–µ—Ä–∞—Ü–∏–µ ‚Äì –ï—É—Ä–æ–ø—ç–º —Ö—ç—Ç –∫—ä—ç—Ä–∞–ª—ã–≥—ä—É.
political-geographic-object;['–∞—Ä–∞–± —ç–º–∏—Ä–∞—Ç –∑—ç—Ö—ç—Ç—Ö—ç—Ä', '–∞—ç–∑'];–ê—Ä–∞–± –≠–º–∏—Ä–∞—Ç –ó—ç—Ö—ç—Ç—Ö—ç—Ä, –ê–≠–ó ‚Äì –ê–∑–∏–µ–º –∏—Ç –∫—ä—ç—Ä–∞–ª—ã–≥—ä—É.
political-geographic-object;['—Å–∞–ø–ø–æ—Ä–æ', 'sapporo'];–°–∞–ø–ø–æ—Ä–æ ‚Äî –Ø–ø–æ–Ω–∏–µ–º –∏ –∫—ä–∞–ª—ç.
political-geographic-object;['–º–∞—Ä–æ–∫–∫–æ'];–ú–∞—Ä–æ–∫–∫–æ ‚Äì –ê—Ñ—Ä–∏–∫—ç–º –∏ —Ç—ã–≥—ä—ç–∫—ä–æ—Ö—å–∞–øI—ç —â—ãI—ç –∫—ä—ç—Ä–∞–ª—ã–≥—ä—É.
political-geographic-object;['–±—Ä–∏—Ç–∞–Ω–∏–µ—à—Ö–æ –ø–∞—á—ä—ã—Ö—å—ã–≥—ä–æ'];–ë—Ä–∏—Ç–∞–Ω–∏–µ, –ë—Ä–∏—Ç–∞–Ω–∏–µ—à—Ö–æ, –ë—Ä–∏—Ç–∞–Ω–∏–µ—à—Ö–æ –ü–∞—á—ä—ã—Ö—å—ã–≥—ä–æ - –¢–µ–º—ã—Ä –ï—É—Ä–æ–ø—ç–º –∏—Ç –∫—ä—ç—Ä–∞–ª—ã–≥—ä—É.
political-geographic-object;['–∏—Å–ø–∞–Ω–∏–µ'];–ò—Å–ø–∞–Ω–∏–µ, –µ –ö–æ—Ä–æ–ª—ã–≥—ä–æ—É –ò—Å–ø–∞–Ω–∏–µ ‚Äì –ï—É—Ä–æ–ø—ç–º —Ö—ç—Ç –∫—ä—ç—Ä–∞–ª—ã–≥—ä—É.
political-geographic-object;['—Å–∞—É–¥ –∞—Ä–∞–±–∏–µ', '–ø–∞—á—ä—ã—Ö—å—ã–≥—ä–æ—É —Å–∞—É–¥ –∞—Ä–∞–±–∏–µ—Ä', '—Å–∞—É–¥–∏–µ'];–°–∞—É–¥ –ê—Ä–∞–±–∏–µ, –ü–∞—á—ä—ã—Ö—å—ã–≥—ä–æ—É –°–∞—É–¥ –ê—Ä–∞–±–∏–µ—Ä, –°–∞—É–¥–∏–µ ‚Äì –ê–∑–∏–µ–º –∏—Ç –∫—ä—ç—Ä–∞–ª—ã–≥—ä—É.
political-geographic-object;['—á–∞–¥', '–∞–±—Ö—ä–∞–∑—Ö—ç–º—Ä—ç –∫—ä—ç–±—ç—Ä–¥–µ–π—Ö—ç–º—Ä—ç', '–∞–±—Ö—ä–∞–∑—Ö—ç–º—Ä—ç –∫—ä—ç–±—ç—Ä–¥–µ–π—Ö—ç–º—Ä—ç.'];–ß–∞–¥ ‚Äì –ê—Ñ—Ä–∏–∫—ç–º –∏—Ç –∫—ä—ç—Ä–∞–ª—ã–≥—ä—É.
political-geographic-object;['—Ç–∞–¥–∂–∏–∫–∏—Å—Ç–∞–Ω'];–¢–∞–¥–∂–∏–∫–∏—Å—Ç–∞–Ω, –†–µ—Å–ø—É–±–ª–∏–∫—ç—É –¢–∞–¥–∂–∏–∫–∏—Å—Ç–∞–Ω ‚Äì –ê–∑–∏–µ–º –∏—Ç –∫—ä—ç—Ä–∞–ª—ã–≥—ä—É.
political-geographic-object;['–±–µ–ª–æ—Ä—É—Å—Å–∏–µ'];–ë–µ–ª–æ—Ä—É—Å—Å–∏–µ, –µ –ë–µ–ª–æ—Ä—É—Å—å ‚Äî –ï—É—Ä–æ–ø—ç–º —Ö—ç—Ç –∫—ä—ç—Ä–∞–ª—ã–≥—ä—É.
political-geographic-object;['–∞–∑–µ—Ä–±–∞–π–¥–∂–∞–Ω', '–∞–∑—ç—Ä–±–∏–¥–∂–∞–Ω'];–ê–∑–µ—Ä–±–∞–π–¥–∂–∞–Ω –†–µ—Å–ø—É–±–ª–∏–∫ ‚Äî –ò–ø—â—ç –ö—ä–∞—É–∫—ä–∞–∑—ã–º —Ö—ç—Ç –∫—ä—ç—Ä–∞–ª.
political-geographic-object;['–∫—ã—Ä–≥—ã–∑—Å—Ç–∞–Ω'];–ö—ã—Ä–≥—ã–∑—Å—Ç–∞–Ω, –ö—ã—Ä–≥—ã–∑ –†–µ—Å–ø—É–±–ª–∏–∫ ‚Äì –ê–∑–∏–µ–º –∏—Ç –∫—ä—ç—Ä–∞–ª—ã–≥—ä—É.
political-geographic-object;['—É–∑–±–µ–∫–∏—Å—Ç–∞–Ω'];–£–∑–±–µ–∫–∏—Å—Ç–∞–Ω, –†–µ—Å–ø—É–±–ª–∏–∫—ç—É –£–∑–±–µ–∫–∏—Å—Ç–∞–Ω ‚Äì –ê–∑–∏–µ–º –∏—Ç –∫—ä—ç—Ä–∞–ª—ã–≥—ä—É.
political-geographic-object;['–º–∞–ª–∏', 'mal√≠', '–∞–¥—ç–º—ç–π'];–ú–∞–ª–∏, –†–µ—Å–ø—É–±–ª–∏–∫—ç—É –ú–∞–ª–∏ ‚Äì –ê—Ñ—Ä–∏–∫—ç–º –∏—Ç –∫—ä—ç—Ä–∞–ª—ã–≥—ä—É.
political-geographic-object;['–∫–∞–∑–∞—Ö—Å—Ç–∞–Ω'];–ö–∞–∑–∞—Ö—Å—Ç–∞–Ω, –†–µ—Å–ø—É–±–ª–∏–∫—ç—É –ö–∞–∑–∞—Ö—Å—Ç–∞–Ω ‚Äî –ê–∑–∏–µ–º –∏—Ç –∫—ä—ç—Ä–∞–ª—ã–≥—ä—É.
political-geographic-object;['–º–æ–Ω–≥–æ–ª–∏–µ'];–ú–æ–Ω–≥–æ–ª–∏–µ ‚Äì –ê–∑–∏–µ–º —ã–∫—É —â—ãI—ç –∫—ä—ç—Ä–∞–ª—ã–≥—ä—É.
political-geographic-object;['–±–µ–ª–≥–∏–µ'];–ë–µ–ª–≥–∏–µ ‚Äî –ï—É—Ä–æ–ø—ç–º —Ö—ç—Ç –∫—ä—ç—Ä–∞–ª—ã–≥—ä—É.
political-geographic-object;['–ø–∞–∫–∏—Å—Ç–∞–Ω'];–ü–∞–∫–∏—Å—Ç–∞–Ω, –ò—Å–ª—ä–∞–º –†–µ—Å–ø—É–±–ª–∏–∫—ç—É –ü–∞–∫–∏—Å—Ç–∞–Ω ‚Äî –ê–∑–∏–µ–º –∏—Ç –∫—ä—ç—Ä–∞–ª—ã–≥—ä—É.
political-geographic-object;['–±–∞–Ω–≥–ª–∞–¥–µ—à'];–ë–∞–Ω–≥–ª–∞–¥–µ—à ‚Äî –ê–∑–∏–µ–º —ã–∫—ä—ã–±–ª—ç –ª—ä—ç–Ω—ã–∫—ä–æ —â—ãI—ç –∫—ä—ç—Ä–∞–ª—ã–≥—ä—É.
political-geographic-object;['–∞—Ñ–≥–∞–Ω–∏—Å—Ç–∞–Ω'];–ê—Ñ–≥–∞–Ω–∏—Å—Ç–∞–Ω, –ò—Å–ª—ä–∞–º –†–µ—Å–ø—É–±–ª–∏–∫—ç—É –ê—Ñ–≥–∞–Ω–∏—Å—Ç–∞–Ω ‚Äì –ê–∑–∏–µ–º –∏—Ç –∫—ä—ç—Ä–∞–ª—ã–≥—ä—É.
political-geographic-object;['–∞—É—Å—Ç—Ä–∏–µ'];–ê—É—Å—Ç—Ä–∏–µ ‚Äì –ï—É—Ä–æ–ø—ç–º —Ö—ç—Ç –∫—ä—ç—Ä–∞–ª—ã–≥—ä—É.
political-geographic-object;['–ª–∞–æ—Å'];–õ–∞–æ—Å, –†–µ—Å–ø—É–±–ª–∏–∫—ç—É –õ–∞–æ—Å ‚Äî –ê–∑–∏–µ–º —ã–∫—ä—ã–±–ª—ç-—Ç—ã–≥—ä—ç–∫—ä–æ–∫I—ã–øI—ç –ª—ä—ç–Ω—ã–∫—ä–æ —â—ãI—ç –∫—ä—ç—Ä–∞–ª—ã–≥—ä—É.
political-geographic-object;['–±–∏—Ä–º—ç', '–±–∏—Ä–º–∞', '–º—å—è–Ω–º—ç'];–ú—å—è–Ω–º—ç, –ë–∏—Ä–º—ç ‚Äî –ê–∑–∏–µ–º —ã–∫—ä—ã–±–ª—ç –ª—ä—ç–Ω—ã–∫—ä–æ —â—ãI—ç –∫—ä—ç—Ä–∞–ª—ã–≥—ä—É.
political-geographic-object;['–∫–∞–º–±–æ–¥–∂—ç'];–ö–∞–º–±–æ–¥–∂—ç, –ü–∞—á—ä—ã—Ö—å—ã–≥—ä–æ—É –ö–∞–º–±–æ–¥–∂—ç ‚Äî –ê–∑–∏–µ–º —ã–∫—ä—ã–±–ª—ç-—Ç—ã–≥—ä—ç–∫—ä–æ–∫I—ã–øI—ç –ª—ä—ç–Ω—ã–∫—ä–æ —â—ãI—ç –∫—ä—ç—Ä–∞–ª—ã–≥—ä—É.
political-geographic-object;['–∞—É—Å—Ç—Ä–∞–ª–∏–µ'];–ê—É—Å—Ç—Ä–∞–ª–∏–µ , –ê—É—Å—Ç—Ä–∞–ª–∏–µ —áI—ã–Ω—ç–ª—ä—ç—à—Ö—É–º —â—ãI—ç –∫—ä—ç—Ä–∞–ª—ã–≥—ä—É.
political-geographic-object;['–±—É—Ç–∞–Ω'];–ë—É—Ç–∞–Ω, –ü–∞—á—ä—ã—Ö—å—ã–≥—ä–æ—É –ë—É—Ç–∞–Ω ‚Äì –ê–∑–∏–µ–º —ã–∫—ä—ã–±–ª—ç –ª—ä—ç–Ω—ã–∫—ä–æ —â—ãI—ç –∫—ä—ç—Ä–∞–ª—ã–≥—ä—É.
political-geographic-object;['—Ç—É—Ä–∫–º–µ–Ω–∏—Å—Ç–∞–Ω', '—Ç—É—Ä–∫–º–µ–Ω–∏–µ'];–¢—É—Ä–∫–º–µ–Ω–∏—Å—Ç–∞–Ω ‚Äì –ê–∑–∏–µ–º –∏—Ç –∫—ä—ç—Ä–∞–ª—ã–≥—ä—É.
political-geographic-object;['—Ö—ä—ã—Ä—Ü—ã–µ', '–≥—Ä—É–∑–∏–µ', '–∫—ä—É—Ä–¥–∂—ã–µ'];–•—ä—ã—Ä—Ü—ã–µ (·É°·Éê·É•·Éê·É†·Éó·Éï·Éî·Éö·Éù. –ì—Ä—É–∑–∏–µ, –ö—ä—É—Ä–¥–∂—ã–µ) ‚Äî –ò–ø—à—ä—ç –ö—ä–∞—É–∫—ä–∞–∑—ã–º —Ö—ç—Ç –∫—ä—ç—Ä–∞–ª.
political-geographic-object;['–≥–æ–Ω–¥—É—Ä–∞—Å', 'honduras'];–ì–æ–Ω–¥—É—Ä–∞—Å, –†–µ—Å–ø—É–±–ª–∏–∫—ç—É –ì–æ–Ω–¥—É—Ä–∞—Å—ã—Ä ‚Äì –ò—à—ä—Ö—ä—ç—Ä—ç –ê–º–µ—Ä–∏–∫—ç–º –∏—Ç –∫—ä—ç—Ä–∞–ª—ã–≥—ä—É.
political-geographic-object;['–≥—É–∞—Ç–µ–º–∞–ª—ç', 'guat√©mala'];–ì—É–∞—Ç–µ–º–∞–ª—ç, –†–µ—Å–ø—É–±–ª–∏–∫—ç—É –ì—É–∞—Ç–µ–º–∞–ª—ç—Ä ‚Äì –ò—à—ä—Ö—ä—ç—Ä—ç –ê–º–µ—Ä–∏–∫—ç–º –∏—Ç –∫—ä—ç—Ä–∞–ª—ã–≥—ä—É.
political-geographic-object;['–∫–æ—Å—Ç—ç-—Ä–∏–∫—ç'];–ö–æ—Å—Ç—ç-–†–∏–∫—ç, –†–µ—Å–ø—É–±–ª–∏–∫—ç—É –ö–æ—Å—Ç—ç-–†–∏–∫—ç—Ä ‚Äì –ò—à—ä—Ö—ä—ç—Ä—ç –ê–º–µ—Ä–∏–∫—ç–º –∏—Ç –∫—ä—ç—Ä–∞–ª—ã–≥—ä—É.
political-geographic-object;['—Ö—É–Ω–≥–∞—Ä–∏–µ'];–•—É–Ω–≥–∞—Ä–∏–µ ‚Äì –ï—É—Ä–æ–ø—ç–º —Ö—ç—Ç –∫—ä—ç—Ä–∞–ª—ã–≥—ä—É.
political-geographic-object;['–ø–æ–ª—à—ç'];–ü–æ–ª—à—ç, –µ –ü–æ–ª—è–∫ –†–µ—Å–ø—É–±–ª–∏–∫ ‚Äî –ï—É—Ä–æ–ø—ç–º —Ö—ç—Ç –∫—ä—ç—Ä–∞–ª—ã–≥—ä—É.
political-geographic-object;['—Ç–∞–Ω–∑–∞–Ω–∏–µ'];–¢–∞–Ω–∑–∞–Ω–∏–µ ‚Äì –ê—Ñ—Ä–∏–∫—ç–º –∏—Ç –∫—ä—ç—Ä–∞–ª—ã–≥—ä—É.
political-geographic-object;['–≥–≤–∏–Ω–µ–π–µ'];–ì–≤–∏–Ω–µ–π–µ - –ê—Ñ—Ä–∏–∫—ç–º –∏—Ç –∫—ä—ç—Ä–∞–ª—ã–≥—ä—É.
political-geographic-object;['—Å–æ–º–∞–ª–∏', '–∫1–æ—á1—ç—Ü—É —Ö–∞—ä–∑', '–∫”è–æ—á”è—ç—Ü—É —Ö–∞—ä–∑'];–°–æ–º–∞–ª–∏ ‚Äì –ê—Ñ—Ä–∏–∫—ç–º –∏—Ç –∫—ä—ç—Ä–∞–ª—ã–≥—ä—É.
political-geographic-object;['–≤—å–µ—Ç–Ω–∞–º'];–í—å–µ—Ç–Ω–∞–º, –°–æ—Ü–∏–∞–ª–∏—Å—Ç –†–µ—Å–ø—É–±–ª–∏–∫—ç—É –í—å–µ—Ç–Ω–∞–º ‚Äî –ê–∑–∏–µ–º —ã–∫—ä—ã–±–ª—ç-—Ç—ã–≥—ä—ç–∫—ä–æ–∫I—ã–øI—ç –ª—ä—ç–Ω—ã–∫—ä–æ —â—ãI—ç –∫—ä—ç—Ä–∞–ª—ã–≥—ä—É.
political-geographic-object;['–ª–∏–≤–∏–µ'];–õ–∏–≤–∏–µ ‚Äì –ê—Ñ—Ä–∏–∫—ç–º –∏—Ç –∫—ä—ç—Ä–∞–ª—ã–≥—ä—É.
political-geographic-object;['–≥–µ—Ä–º–∞–Ω–∏–µ'];–ì–µ—Ä–º–∞–Ω–∏–µ –í–∏–∫–∏–ø–µ–¥–∏–µ-–º —â—ã—â 20:25, 28 –ë—ç–¥–∑—ç–æ–≥—ä—É 2016-–º —Ç–µ—Ç—ç—É –≤–µ—Ä—Å–∏–µ, –∑–∏–µ—Ä Bedynokue.nart ‚Üê –ü—ç—Å—ç—Ä—ç —Ç–µ–ø–ª—ä—ç–∂—å—ã—Ä | –´—É–∂—Ä—ç —Ç–µ–ø–ª—ä—ç—Ä | –ö”è—ç–ª—ä—ã–∫”è–æ—Ä—ç—Ä ‚Üí –ì–µ—Ä–º–∞–Ω–∏–µ–º –∏ –Ω—ã–ø –ì–µ—Ä–º–∞–Ω–∏–µ—Ä –∫–∞—Ä—Ç—ã–º —Ç–µ—Ç—ç—É –ì–µ—Ä–º–∞–Ω–∏–µ - –ï—É—Ä–æ–ø—ç–º —Ö—ç—Ç –∫—ä—ç—Ä–∞–ª.
political-geographic-object;['—Å—É–¥–∞–Ω', 'sudan'];–°—É–¥–∞–Ω ‚Äì –ê—Ñ—Ä–∏–∫—ç–º –∏—Ç –∫—ä—ç—Ä–∞–ª—ã–≥—ä—É.
political-geographic-object;['–º—ã—Å—ã—Ä', '–µ–≥–∏–ø–µ—Ç'];–ú—ã—Å—ã—Ä, –ï–≥–∏–ø–µ—Ç ‚Äî –ê—Ñ—Ä–∏–∫—ç–º –∏—Ç –∫—ä—ç—Ä–∞–ª—ã–≥—ä—É.
political-geographic-object;['–≥–∞–π–∞–Ω—ç'];–ì–∞–π–∞–Ω—ç –µ –ö–æ–æ–ø–µ—Ä–∞—Ç–∏–≤ –†–µ—Å–ø—É–±–ª–∏–∫—ç—É –í–µ–Ω–µ—Å—É—ç–ª—ç ‚Äì –ö—ä—ã–±–ª—ç –ê–º–µ—Ä–∏–∫—ç–º –∏—Ç –∫—ä—ç—Ä–∞–ª—ã–≥—ä—É.
political-geographic-object;['–≤–µ–Ω–µ—Å—É—ç–ª—ç'];–í–µ–Ω–µ—Å—É—ç–ª—ç –µ –ë–æ–ª–∏–≤–∞—Ä –†–µ—Å–ø—É–±–ª–∏–∫—ç—É –í–µ–Ω–µ—Å—É—ç–ª—ç ‚Äì –ö—ä—ã–±–ª—ç –ê–º–µ—Ä–∏–∫—ç–º –∏—Ç –∫—ä—ç—Ä–∞–ª—ã–≥—ä—É.
political-geographic-object;['–∞–ª–∂–∏—Ä'];–ê–ª–∂–∏—Ä, –ê–ª–∂–∏—Ä –†–µ—Å–ø—É–±–ª–∏–∫—ç ‚Äì –ê—Ñ—Ä–∏–∫—ç–º –∏—Ç –∫—ä—ç—Ä–∞–ª—ã–≥—ä—É.
political-geographic-object;['–∏–Ω–¥–∏–µ'];–ò–Ω–¥–∏–µ, –†–µ—Å–ø—É–±–ª–∏–∫—ç—É –ò–Ω–¥–∏–µ ‚Äî –ê–∑–∏–µ–º —ã–∫—ä—ã–±–ª—ç –ª—ä—ç–Ω—ã–∫—ä–æ —â—ãI—ç –∫—ä—ç—Ä–∞–ª—ã–≥—ä—É.
political-geographic-object;['–∏—Ç–∞–ª–∏–µ'];–ò—Ç–∞–ª–∏–µ ‚Äì –ï—É—Ä–æ–ø—ç–º —Ö—ç—Ç –∫—ä—ç—Ä–∞–ª—ã–≥—ä—É.
political-geographic-object;['—á–∏–ª–∏'];–ß–∏–ª–∏ ‚Äî –ö—ä—ã–±–ª—ç –ê–º–µ—Ä–∏–∫—ç–º –∏—Ç –∫—ä—ç—Ä–∞–ª—ã–≥—ä—É.
political-geographic-object;['–ø–∞—Ä–∞–≥—É–∞–π', '–ø–∞—Ä–∞–≥–≤–∞–π'];–ü–∞—Ä–∞–≥—É–∞–π, –æ—Ñ–∏—Ü–∏–∞–ª—ç—É –ü–∞—Ä–∞–≥—É–∞–π –†–µ—Å–ø—É–±–ª–∏–∫ ‚Äì –ö—ä—ã–±–ª—ç –ê–º–µ—Ä–∏–∫—ç–º –∏—Ç –∫—ä—ç—Ä–∞–ª—ã–≥—ä—É.
political-geographic-object;['–º–æ–∑–∞–º–±–∏–∫'];–ú–æ–∑–∞–º–±–∏–∫ ‚Äì –ê—Ñ—Ä–∏–∫—ç–º –∏—Ç –∫—ä—ç—Ä–∞–ª—ã–≥—ä—É.
political-geographic-object;['–∏–Ω–¥–æ–Ω–µ–∑–∏–µ'];–ò–Ω–¥–æ–Ω–µ–∑–∏–µ, –†–µ—Å–ø—É–±–ª–∏–∫—ç—É –ò–Ω–¥–æ–Ω–µ–∑–∏–µ ‚Äì –ê–∑–∏–µ–º –∏ —Ç—ã–≥—ä—ç–∫—ä–æ–∫I—ã–øI—ç-–∫—ä—ã–±–ª—ç –ª—ä—ç–Ω—ã–∫—ä–æ–º —â—ãI—ç –∫—ä—ç—Ä–∞–ª—ã–≥—ä—É.
political-geographic-object;['—É—Ä—ã–º—ã–µ'];–£—Ä—ã–º—ã–µ, –µ –£—Ä—ã–º –†–µ—Å–ø—É–±–ª–∏–∫ ‚Äî –ï—É—Ä–æ–ø—ç–º —Ö—ç—Ç –∫—ä—ç—Ä–∞–ª—ã–≥—ä—É.
political-geographic-object;['—É–∫—Ä–∞–∏–Ω—ç', '—É–∫—Ä–∞–∏–Ω'];–£–∫—Ä–∞–∏–Ω—ç ‚Äî –ï—É—Ä–æ–ø—ç–º —Ö—ç—Ç –∫—ä—ç—Ä–∞–ª—ã–≥—ä—É.
political-geographic-object;['–º–µ–∫—Å–∏–∫—ç'];–ú–µ–∫—Å–∏–∫—ç ‚Äî –ò—à—ä—Ö—ä—ç—Ä—ç –ê–º–µ—Ä–∏–∫—ç–º –∏—Ç –∫—ä—ç—Ä–∞–ª—ã–≥—ä—É.
political-geographic-object;['–∞—Ä–º–µ–Ω–∏–µ', '–µ—Ä–º—ç–ª—ã–µ'];–ê—Ä–º–µ–Ω–∏–µ, –†–µ—Å–ø—É–±–ª–∏–∫—ç—É –ê—Ä–º–µ–Ω–∏–µ, –ï—Ä–º—ç–ª—ã–µ ‚Äì –ê–∑–∏–µ–º –∏—Ç –∫—ä—ç—Ä–∞–ª—ã–≥—ä—É.
political-geographic-object;['–∏—Ä–∞–∫'];–ò—Ä–∞–∫, –†–µ—Å–ø—É–±–ª–∏–∫—ç—É –ò—Ä–∞–∫ ‚Äì –ê–∑–∏–µ–º –∏—Ç –∫—ä—ç—Ä–∞–ª—ã–≥—ä—É.
political-geographic-object;['–≥–∞–Ω—ç'];–ì–∞–Ω—ç, –†–µ—Å–ø—É–±–ª–∏–∫—ç—É –ì–∞–Ω—ç ‚Äì –ê—Ñ—Ä–∏–∫—ç–º –∏—Ç –∫—ä—ç—Ä–∞–ª—ã–≥—ä—É.
political-geographic-object;['–Ω–∏–≥–µ—Ä–∏–µ', '–Ω—ç–≥—É–º—ç–º'];–ù–∏–≥–µ—Ä–∏–µ, –§–µ–¥–µ—Ä–∞—Ç–∏–≤ –†–µ—Å–ø—É–±–ª–∏–∫—ç—É –ù–∏–≥–µ—Ä–∏–µ ‚Äì –ê—Ñ—Ä–∏–∫—ç–º –∏—Ç –∫—ä—ç—Ä–∞–ª—ã–≥—ä—É.
political-geographic-object;['–∫–æ—Ç-–¥-–∏–≤—É–∞—Ä'];–ö–æ—Ç-–¥-–ò–≤—É–∞—Ä, –†–µ—Å–ø—É–±–ª–∏–∫—ç—É –ö–æ—Ç-–¥-–ò–≤—É–∞—Ä ‚Äì –ê—Ñ—Ä–∏–∫—ç–º –∏—Ç –∫—ä—ç—Ä–∞–ª—ã–≥—ä—É.
political-geographic-object;['–Ω–∏–≥–µ—Ä', 'n√≠ger', '—Ö—å–∞–∫—É—Ä–Ω—ç—Ö—å–∞–±–ª'];–ù–∏–≥–µ—Ä, –†–µ—Å–ø—É–±–ª–∏–∫—ç—É –ù–∏–≥–µ—Ä ‚Äì –ê—Ñ—Ä–∏–∫—ç–º –∏—Ç –∫—ä—ç—Ä–∞–ª—ã–≥—ä—É.
political-geographic-object;['–≥–∞–±–æ–Ω', 'gabon'];–ì–∞–±–æ–Ω, –ì–∞–±–æ–Ω –†–µ—Å–ø—É–±–ª–∏–∫ ‚Äì –ê—Ñ—Ä–∏–∫—ç–º –∏—Ç –∫—ä—ç—Ä–∞–ª—ã–≥—ä—É.
political-geographic-object;['–∫–∞–º–µ—Ä—É–Ω'];–ö–∞–º–µ—Ä—É–Ω, –†–µ—Å–ø—É–±–ª–∏–∫—ç—É –ö–∞–º–µ—Ä—É–Ω ‚Äì –ê—Ñ—Ä–∏–∫—ç–º –∏—Ç –∫—ä—ç—Ä–∞–ª—ã–≥—ä—É.
political-geographic-object;['—Å–µ–Ω–µ–≥–∞–ª', '—Ö—å–∞–∫—É—Ä–∏–Ω—ç—Ö—å–∞–±–ª'];–°–µ–Ω–µ–≥–∞–ª, –†–µ—Å–ø—É–±–ª–∏–∫—ç—É –°–µ–Ω–µ–≥–∞–ª ‚Äì –ê—Ñ—Ä–∏–∫—ç–º –∏—Ç –∫—ä—ç—Ä–∞–ª—ã–≥—ä—É.
political-geographic-object;['—Ñ—Ä–∞–Ω—Ü–∏–µ'];–§—Ä–∞–Ω—Ü–∏–µ ‚Äì –ï—É—Ä–æ–ø—ç–º —Ö—ç—Ç –∫—ä—ç—Ä–∞–ª—ã–≥—ä—É.
political-geographic-object;['—ç–∫—É–∞–¥–æ—Ä', 'ec', 'ecu', '–∫–ª–∞—Å—Å—ã–º –µ–ø—ç—Å—ã–≥—ä—ç —à—ç–Ω-–∑—ç–∫1—É–∞–∫1—ç—Ö—ç—Ä'];–≠–∫—É–∞–¥–æ—Ä ‚Äì –ö—ä—ã–±–ª—ç –ê–º–µ—Ä–∏–∫—ç–º –∏—Ç –∫—ä—ç—Ä–∞–ª—ã–≥—ä—É.
political-geographic-object;['—Å–∞–ª–≤–∞–¥–æ—Ä'];–°–∞–ª–≤–∞–¥–æ—Ä, –†–µ—Å–ø—É–±–ª–∏–∫—ç—É –°–∞–ª–≤–∞–¥–æ—Ä—ã—Ä ‚Äì –ò—à—ä—Ö—ä—ç—Ä—ç –ê–º–µ—Ä–∏–∫—ç–º –∏—Ç –∫—ä—ç—Ä–∞–ª—ã–≥—ä—É.
political-geographic-object;['—à–≤–µ—Ü–∏–µ'];–®–≤–µ—Ü–∏–µ, –µ –ö–æ—Ä–æ–ª—ã–≥—ä–æ—É –®–≤–µ—Ü–∏–µ ‚Äì –ï—É—Ä–æ–ø—ç–º —Ö—ç—Ç –∫—ä—ç—Ä–∞–ª.
political-geographic-object;['—ç–ª—å-–∫—É–≤–µ–π—Ç'];–≠–ª—å-–ö—É–≤–µ–π—Ç - –ö—É–≤–µ–π—Ç—ã–º –∏ –∫—ä—ç–ª—ç—à—ä—Ö—å–∞I. –ù—ç–±–≥—ã—Ä—ç –º–ª–Ω 2.3 —Ñ—ç–¥–∏–∑ –¥—ç—Å.
political-geographic-object;['–∞–Ω–¥–æ—Ä—Ä—ç'];–ê–Ω–¥–æ—Ä—Ä—ç ‚Äì –ï—É—Ä–æ–ø—ç–º —Ö—ç—Ç –∫—ä—ç—Ä–∞–ª—ã–≥—ä–æ—ÜI—ã–∫I—É.
political-geographic-object;['–æ–º–∞–Ω'];–û–º–∞–Ω, –°—É–ª—Ç–∞–Ω–∞—Ç—ç—É –û–º–∞–Ω ‚Äì –ê–∑–∏–µ–º –∏—Ç –∫—ä—ç—Ä–∞–ª—ã–≥—ä—É.
political-geographic-object;['–¥–∞–º–∞—Å–∫'];–î–∞–º–∞—Å–∫ ‚Äî –°–∏—Ä–∏–µ–º –∏ –∫—ä—ç–ª—ç —à—ä—Ö—å–∞1.
political-geographic-object;['–∞–ª–∂–∏—Ä'];–ê–ª–∂–∏—Ä (–∞—Ä–∞–ø—ã–±–∑—ç–∫I—ç –∞–ª—å –î–∂–∞–∑–∞–∏—Ä) - –∫—ä–∞–ª—ç, –∫—ä—ç—Ä–∞–ª—ã–≥—ä–æ—É –ê–ª–∂–∏—Ä—ã–º –∏ –∫—ä—ç–ª—ç—à—ä—Ö—å–∞I. –ö—ä—ç—Ä–∞–ª—ã–≥—ä–æ–º –∏ –∞–Ω–∞—Ö—å –∫—ä—ç–ª—ç—à—Ö—É.
political-geographic-object;['–∫—É–≤–µ–π—Ç'];–ö—É–≤–µ–π—Ç, –ö—ä—ç—Ä–∞–ª—ã–≥—ä–æ—É –ö—É–≤–µ–π—Ç ‚Äì –ê–∑–∏–µ–º –∏—Ç –∫—ä—ç—Ä–∞–ª—ã–≥—ä—É.
political-geographic-object;['–∏–æ—Ä–¥–∞–Ω–∏–µ'];–ò–æ—Ä–¥–∞–Ω–∏–µ, –•–∞—à–∏–º–∏—Ç –ü–∞—á—ä—ã—Ö—å—ã–≥—ä–æ—É –ò–æ—Ä–¥–∞–Ω–∏–µ ‚Äì –ê–∑–∏–µ–º –∏—Ç –∫—ä—ç—Ä–∞–ª—ã–≥—ä—É.
political-geographic-object;['–ª–∏–≤–∞–Ω'];–õ–∏–≤–∞–Ω ‚Äì –ê–∑–∏–µ–º –∏—Ç –∫—ä—ç—Ä–∞–ª—ã–≥—ä—É.
political-geographic-object;['–æ—Å–∞–∫–∞', '√¥saka'];–û—Å–∞–∫–∞ ‚Äî –Ø–ø–æ–Ω–∏–µ–º –∏ –∫—ä–∞–ª—ç.
political-geographic-object;['–±–∞—Ö—Ä–µ–π–Ω'];–ë–∞—Ö—Ä–µ–π–Ω, –ü–∞—á—ä—ã—Ö—å—ã–≥—ä–æ—É –ë–∞—Ö—Ä–µ–π–Ω ‚Äì –ê–∑–∏–µ–º –∏—Ç –∫—ä—ç—Ä–∞–ª—ã–≥—ä—É.
political-geographic-object;['–ª–∏—Å—Å–∞–±–æ–Ω'];–õ–∏—Å—Å–∞–±–æ–Ω ‚Äì –ü–æ—Ä—Ç—É–≥–∞–ª–∏–µ–º –∏ –∫—ä—ç–ª—ç—à—ä—Ö—å–∞1.
political-geographic-object;['–ª–∏–º–∞', 'lima'];–õ–∏–º–∞ ‚Äì –∫—ä–∞–ª—ç, –ü–µ—Ä—É–º –∏ –∫—ä—ç–ª—ç—à—ä—Ö—å–∞I.
political-geographic-object;['–¥—É–±–ª–∏–Ω', 'dublin'];–î—É–±–ª–∏–Ω ‚Äì –ò—Ä–ª–∞–Ω–¥–∏–µ–º –∏ –∫—ä—ç–ª—ç —à—ä—Ö—å–∞1.
political-geographic-object;['—Å–æ—Ñ–∏–µ'];–°–æ—Ñ–∏–µ ‚Äì –ë—É–ª–≥–∞—Ä–∏–µ –∏ –∫—ä—ç–ª—ç—à—ä—Ö—å–∞I. –ù—ç–±–≥—ã—Ä—ç –º–ª–Ω 1,2 —Ñ—ç–¥–∏–∑ –¥—ç—Å.
political-geographic-object;['–±–æ–≥–æ—Ç–∞', 'bogot√°'];–ë–æ–≥–æ—Ç–∞, –°–∞–Ω—Ç–∞—Ñ–µ –¥–µ –ë–æ–≥–æ—Ç–∞ - –∫—ä–∞–ª—ç, –ö–æ–ª–æ–º–±–∏–µ–º –∏ –∫—ä—ç–ª—ç—à—ä—Ö—å–∞I. –ù—ç–±–≥—ã—Ä—ç –º–ª–Ω 10-–º –∫—ä–µ—Ö—ä—É —â—ç–ø—Å—ç—É, –∏ —Ö—å–∞–Ω—ç–≥—ä—É–Ω—ç—Ö—ç—Ä–∏ –∏–±–≥—ä—ç–≥—ä—É—Å—ç–º—ç.
political-geographic-object;['–ø—Ä–∞–≥–∞'];–ü—Ä–∞–≥–∞ ‚Äì –ß–µ—Ö–∏–µ–º –∏ –∫—ä—ç–ª—ç—à—ä—Ö—å–∞I, —ã–∫I–∏ –∏ –∞–Ω–∞—Ö—å –∫—ä—ç–ª—ç—à—ä–æ –¥—ç–¥.
political-geographic-object;['–±—É–¥–∞–ø–µ—à—Ç', 'budapest'];–ë—É—Ö–∞—Ä–µ—Å—Ç ‚Äî –•—É–Ω–≥–∞—Ä–∏–µ –∏ –∫—ä—ç–ª—ç—à—ä—Ö—å–∞”è.
political-geographic-object;['–¥–∂–∞–∫–∞—Ä—Ç—ç'];–î–∂–∞–∫–∞—Ä—Ç—ç ‚Äì –ò–Ω–¥–æ–Ω–µ–∑–∏–µ–º –∏ –∫—ä—ç–ª—ç—à—ä—Ö—å–∞I. –ù—ç–±–≥—ã—Ä—ç –º–ª–Ω 10 —Ñ—ç–¥–∏–∑ –¥—ç—Å.
political-geographic-object;['–±–∞–≥–¥–∞–¥', 'bagdƒÅd'];–ë–∞–≥–¥–∞–¥ ‚Äì –ò—Ä–∞–∫—ã–º –∏ –∫—ä—ç–ª—ç—à—ä—Ö—å–∞I, –∏ –∞–Ω–∞—Ö—å–∫—ä—ç–ª—ç—à—Ö—É.
political-geographic-object;['—Ä–æ–º—ç'];–†–æ–º—ç ‚Äì –ò—Ç–∞–ª–∏–µ–º –∏ –∫—ä—ç–ª—ç—à—ä—Ö—å–∞I. –ù—ç–±–≥—ã—Ä—ç –º–ª–Ω 2.8 —Ñ—ç–¥–∏–∑ —ÜI—ã—Ñ—ç—É –¥—ç—Å.
political-geographic-object;['–±—É—Ö–∞—Ä–µ—Å—Ç'];–ë—É—Ö–∞—Ä–µ—Å—Ç ‚Äì –†—É–º–∞–Ω–∏–µ –∏ –∫—ä—ç–ª—ç—à—ä—Ö—å–∞I. –ù—ç–±–≥—ã—Ä—ç –º–ª–Ω 1,9 —Ñ—ç–¥–∏–∑ –¥—ç—Å.
political-geographic-object;['–∫–∏–µ–≤'];–ö–∏–µ–≤ ‚Äî –£–∫—Ä–∞–∏–Ω—ç –∏ –∫—ä—ç–ª—ç—à—ä—Ö—å–∞I. –ù—ç–±–≥—ã—Ä—ç –º–ª–Ω 2.9 —Ñ—ç–¥–∏–∑ –¥—ç—Å.
political-geographic-object;['–±–µ–ª–≥—Ä–∞–¥'];–ë–µ–ª–≥—Ä–∞–¥ ‚Äî –°–µ—Ä–±–∏–µ –∏ –∫—ä—ç–ª—ç—à—ä—Ö—å–∞I. –ù—ç–±–≥—ã—Ä—ç –º–ª–Ω 1,2 —Ñ—ç–¥–∏–∑ –¥—ç—Å.
political-geographic-object;['–µ—Ä–µ–≤–∞–Ω'];–ï—Ä–µ–≤–∞–Ω ‚Äì –ê—Ä–º–µ–Ω–∏–µ –∏ –∫—ä—ç–ª—ç—à—ä—Ö—å–∞I. –ù—ç–±–≥—ã—Ä—ç –º–ª–Ω 1,06 —Ñ—ç–¥–∏–∑ –¥—ç—Å.
political-geographic-object;['–±–µ—Ä–ª–∏–Ω', 'berl√≠n'];–ë–µ—Ä–ª–∏–Ω ‚Äì –ì–µ—Ä–º–∞–Ω–∏–µ–º –∏ –∫—ä—ç–ª—ç—à—ä—Ö—å–∞1.
political-geographic-object;['–Ω—É–∞–∫—à–æ—Ç', 'nouakchott'];–ù—É–∞–∫—à–æ—Ç ‚Äì –ú–∞—É—Ä–∏—Ç–∞–Ω–∏–µ–º –∏ –∫—ä—ç–ª—ç—à—ä—Ö—å–∞I.
political-geographic-object;['—Ä–∏—è–¥'];–†–∏—è–¥ ‚Äì –°–∞—É–¥–∏–µ–º –∏ –∫—ä—ç–ª—ç—à—ä—Ö—å–∞I. –ö—ä—ç–ª—ç —Ç—Ö—å–∞–º–∞—Ç—ç—Ä ‚Äì –ê–±–¥—É–ª–ª–∞ –±–∏–Ω –ê–±–¥—É—Ä–∞—Ö–º–∞–Ω –∏–±–Ω –ê–ª—å–º–æ–≥–±–µ–ª—å.
political-geographic-object;['–ø–µ–∫–∏–Ω'];–ü–µ–∫–∏–Ω ‚Äì –ö–∏—Ç–∞–∏–º –∏ –∫—ä—ç–ª—ç—à—ä—Ö—å–∞I, –¥—É–Ω–∞–µ–º —Ç–µ—Ç –∫—ä–∞–ª—ç–º—ç –∞–Ω–∞—Ö—å –∏–Ω—ã—à—Ö–æ–º—ç –∞—â—ã—â, –∞–≥–ª–æ–º–µ—Ä–∞—Ü–∏–µ—à—Ö–æ—É –º—ç—Ö—ä—É.
political-geographic-object;['—Ç–∞–π–ª–∞–Ω–¥'];–¢–∞–π–ª–∞–Ω–¥, –ü–∞—á—ä—ã—Ö—å—ã–≥—ä–æ—É –¢–∞–π–ª–∞–Ω–¥ ‚Äì –ê–∑–∏–µ–º —ã–∫—ä—ã–±–ª—ç-—Ç—ã–≥—ä—ç–∫—ä–æ–∫I—ã–øI—ç –ª—ä—ç–Ω—ã–∫—ä–æ —â—ãI—ç –∫—ä—ç—Ä–∞–ª—ã–≥—ä—É.
political-geographic-object;['—ç—Ñ–∏–æ–ø–∏–µ'];–≠—Ñ–∏–æ–ø–∏–µ, –§–µ–¥–µ—Ä–∞—Ç–∏–≤ –î–µ–º–æ–∫—Ä–∞—Ç–∏–∫ –†–µ—Å–ø—É–±–ª–∏–∫—ç—É –≠—Ñ–∏–æ–ø–∏–µ ‚Äì –ê—Ñ—Ä–∏–∫—ç–º –∏—Ç –∫—ä—ç—Ä–∞–ª—ã–≥—ä—É, –ê—Ñ—Ä–∏–∫—ç –±–∂—ä–∞–∫—ä–æ–º –¥—ç–∂—å.
political-geographic-object;['–º–æ—Å–∫–≤–∞', '–º—ç—Å–∫—ç—É'];–ú–æ—Å–∫–≤–∞ ‚Äî –£—Ä—ã—Å—ã–µ –§–µ–¥–µ—Ä–∞—Ü–∏–µ–º –∏ –∫—ä—ç–ª—ç —à—ä—Ö—å–∞I –∏–ø–æ–ª–∏—Ç–∏—á–µ—Å–∫—ç —ã–∫I–∏ –∫—É–ª—å—Ç—É—Ä–Ω—ç –≥—É–ø—á, —ÜI—ã—Ñ—ç—É —â—ã–ø—Å—ç—É—Ä—ç–º–∫I—ç –£—Ä—ã—Å—ã–µ –∫—ä—ç—Ä–∞–ª—ã–≥—ä–æ–º –∏ –∞–Ω–∞—Ö—å –∫—ä—ç–ª—ç—à—Ö—É, –ï–≤—Ä–æ–ø—ç–º–∫I—ç —ã–∫I–∏ –¥—É–Ω–∞–µ–º–∫I—ç –∞–Ω–∞—Ö—å –∫—ä—ç–ª—ç—à—Ö–æ–º—ç –∞—â—ã—â.
political-geographic-object;['–±–µ–Ω–∏–Ω', '–∞—É–∑—ç'];–ë–µ–Ω–∏–Ω, –†–µ—Å–ø—É–±–ª–∏–∫—ç—É –ë–µ–Ω–∏–Ω ‚Äì –ê—Ñ—Ä–∏–∫—ç–º –∏—Ç –∫—ä—ç—Ä–∞–ª—ã–≥—ä—É.
political-geographic-object;['–±—É—Ä–∫–∏–Ω–∞-—Ñ–∞—Å–æ', '–∞—É –º—ã—â'];–ë—É—Ä–∫–∏–Ω–∞-–§–∞—Å–æ ‚Äì –ê—Ñ—Ä–∏–∫—ç–º –∏—Ç –∫—ä—ç—Ä–∞–ª—ã–≥—ä—É.
political-geographic-object;['–∏—Å—Ä–∞–∏–ª', '–∏—Å—Ä–∞—ç–ª'];Template:Merge –ò—Å—Ä–∞–∏–ª ‚Äî –ê–∑–∏–µ–º –∏ –∏–ø—à—ä—ç-–∫—ä—É—ç—Ö—å–∞–ø”Ä—ç–º —Ö—ç—Ç –∫—ä—ç—Ä–∞–ª—ã–≥—ä—É.
political-geographic-object;['—Ç—Ä–∏–ø–æ–ª–∏', 'tripoli'];–¢—Ä–∏–ø–æ–ª–∏ (–∞—Ä–∞–ø—ã–±–∑—ç–∫I—ç –¢–∞—Ä–∞–±—É–ª—É—Å) ‚Äì –õ–∏–≤–∏–µ–º –∏ –∫—ä—ç–ª—ç—à—ä—Ö—å–∞I. –ù—ç–±–≥—ã—Ä—ç –º–ª–Ω 1.7 —Ñ—ç–¥–∏—Å –¥—ç—Å.
political-geographic-object;['—Ñ–∏–Ω–ª–∞–Ω–¥', '—Ñ–∏–Ω–ª—è–Ω–¥'];–§–∏–Ω–ª–∞–Ω–¥, –µ –†–µ—Å–ø—É–±–ª–∏–∫—ç—É –§–∏–Ω–ª–∞–Ω–¥ ‚Äì –ï—É—Ä–æ–ø—ç–º —Ö—ç—Ç –∫—ä—ç—Ä–∞–ª.
political-geographic-object;['–≤–µ–Ω—ç', '–≤–µ–Ω–∞'];–í–µ–Ω—ç ‚Äì –ê—É—Å—Ç—Ä–∏–µ–º –∏ –∫—ä—ç–ª—ç—à—ä—Ö—å–∞I, —ã–∫I–∏ –∏ –∞–Ω–∞—Ö—å –∫—ä—ç–ª—ç—à—ä–æ –¥—ç–¥.
political-geographic-object;['—Å–∞–Ω—Ç—å—è–≥–æ'];–°–∞–Ω—Ç—å—è–≥–æ ‚Äì –ß–∏–ª–∏ –∏ –∫—ä—ç–ª—ç—à—ä—Ö—å–∞I. –ù—ç–±–≥—ã—Ä—ç –º–ª–Ω 5.4 —Ñ—ç–¥–∏–∑ –¥—ç—Å.
political-geographic-object;['–ª–æ–Ω–¥–æ–Ω'];–õ–æ–Ω–¥–æ–Ω ‚Äì –ë—Ä–∏—Ç–∞–Ω–∏–µ—à—Ö–æ–º —ã–∫1–∏ –ê–Ω–≥–ª–∏–µ–º —è –∫—ä—ç–ª—ç —à—ä—Ö—å–∞1.
political-geographic-object;['–ø–∞—Ä–∏–∂'];–ü–∞—Ä–∏–∂ ‚Äì –§—Ä–∞–Ω—Ü–∏–µ–º –∏ –∫—ä—ç–ª—ç—à—ä—Ö—å–∞1.
political-geographic-object;['—Ç–±–∏–ª–∏—Å–∏'];–¢–±–∏–ª–∏—Å–∏ ‚Äì –∫—ä–∞–ª—ç, –ö—ä—É—Ä–¥–∂—ã–µ–º –∏ –∫—ä—ç–ª–∞—à—ä—Ö—å–∞I. –ù—ç–±–≥—ã—Ä—ç –º–ª–Ω-–º –∫—ä–µ—Ö—ä—É –¥—ç—Å —ÜI—ã—Ñ.
political-geographic-object;['—Ç–µ–≥–µ—Ä–∞–Ω', 'teher√°n'];–¢–µ–≥–µ—Ä–∞–Ω ‚Äì –ò—Ä–∞–Ω—ã–º –∏ –∫—ä—ç–ª—ç—à—ä—Ö—å–∞I —ã–∫I–∏ –∞–Ω–∞—Ö—å –∫—ä—ç–ª—ç—à—Ö—É.
political-geographic-object;['—Ç–æ–∫–∏–æ'];–¢–æ–∫–∏–æ ‚Äî –Ø–ø–æ–Ω–∏–µ–º –∏ –∫—ä–∞–ª—ç.
political-geographic-object;['–∞–º–º–∞–Ω', 'amman'];–ê–º–º–∞–Ω ‚Äì –ò–æ—Ä–¥–∞–Ω–∏–µ–º –∏ –∫—ä—ç–ª—ç—à—ä—Ö—å–∞I. –ù—ç–±–≥—ã—Ä—ç –º–ª–Ω 1.3 —Ñ—ç–¥–∏–∑ –¥—ç—Å.
political-geographic-object;['–Ω–∞–π—Ä–æ–±–∏', 'nairobi'];–ù–∞–π—Ä–æ–±–∏ ‚Äì –ö–µ–Ω–∏–µ–º –∏ –∫—ä—ç–ª—ç—à—ä—Ö—å–∞I, –¢—ã–≥—ä—ç–∫—ä–æ–∫I—ã–øI—ç –ê—Ñ—Ä–∏–∫—ç–º –∏ –Ω–∞—Ö—å –∫—ä—ç–ª—ç—à—Ö—É, –Ω—ç–±–≥—ã—Ä—ç –º–ª–Ω 4 —Ñ—ç–¥–∏–∑ –¥—ç—Å.
political-geographic-object;['–≤–∞—Ä—à–∞–≤—ç', '–≤–∞—Ä—à–∞–≤–∞'];–í–∞—Ä—à–∞–≤—ç ‚Äì –ü–æ–ª—à—ç–º –∏ –∫—ä—ç–ª—ç—à—ä—Ö—å–∞I. –ù—ç–±–≥—ã—Ä—ç –º–ª–Ω 2 —Ñ—ç–¥–∏–∑ —ÜI—ã—Ñ—ç—É –¥—ç—Å.
political-geographic-object;['–º–∞–¥—Ä–∏–¥', 'madrid'];–ú–∞–¥—Ä–∏–¥ ‚Äî –ò—Å–ø–∞–Ω–∏–µ–º –∏ –∫—ä—ç–ª—ç—à—ä—Ö—å–∞1.
political-geographic-object;['—Å–∞–Ω–∞'];–°–∞–Ω–∞ ‚Äî –ô–µ–º–µ–Ω—ã–º –∏ –∫—ä—ç–ª—ç—à—ä—Ö—å–∞I. –ù—ç–±–≥—ã—Ä—ç –º–ª–Ω 2.5-—Ä—ç —Ñ—ç–¥–∏–∑ –¥—ç—Å.
political-geographic-object;['–∞—à—Ö–∞–±–∞–¥'];–ê—à—Ö–∞–±–∞–¥ ‚Äì –¢—É—Ä–∫–º–µ–Ω–∏—Å—Ç–∞–Ω—ã–º –∏ –∫—ä—ç–ª—ç—à—ä—Ö—å–∞I. –ù—ç–±–≥—ã—Ä—ç –º–∏–Ω 900 —Ñ—ç–¥–∏–∑ –¥—ç—Å.
political-geographic-object;['—Ç—É–Ω–∏—Å', 't≈´nis'];–¢—É–Ω–∏—Å ‚Äì –∫—ä–∞–ª—ç, –∫—ä—ç—Ä–∞–ª—ã–≥—ä–æ—É –¢—É–Ω–∏—Å—ã–º –∏ –∫—ä—ç–ª—ç—à—ä—Ö—å–∞I. –ù—ç–±–≥—ã—Ä—ç–º –º–ª–Ω 1.2 —Ñ—ç–¥–∏–∑ –¥—ç—Å.
political-geographic-object;['–∫–∞–Ω–±–µ—Ä—Ä—ç', 'canberra'];–ö–∞–Ω–±–µ—Ä—Ä—ç ‚Äî –ê—É—Å—Ç—Ä–∞–ª–∏–µ–º –∏ –∫—ä—ç–ª—ç —à—ä—Ö—å–∞I. –ù—ç–±–≥—ã—Ä—ç –º–∏–Ω 385-–º —Ñ—ç–¥–∏–∑ —ÜI—ã—Ñ –¥—ç—Å.
political-geographic-object;['–±–∞–∫—É', 'bak√º'];–ë–∞–∫—É ‚Äî –∫—ä–∞–ª—ç, –ê–∑–µ—Ä–±–∞–π–¥–∂–∞–Ω—ã–º –∏ –∫—ä—ç–ª—ç—à—ä—Ö—å–∞I. –ù—ç–±–≥—ã—Ä—ç –º–ª–Ω 2-–º –∫—ä–µ—Ö—ä—É —â—ç–ø—Å—ç—É.
political-geographic-object;['–º–∏–Ω—Å–∫', 'mi≈Ñsk'];–ú–∏–Ω—Å–∫ ‚Äì –ë–µ–ª–æ—Ä—É—Å—Å–∏–µ–º –∏ –∫—ä—ç–ª—ç—à—ä—Ö—å–∞I. –ù—ç–±–≥—ã—Ä—ç –º–ª–Ω 1.9 —Ñ—ç–¥–∏–∑ –¥—ç—Å.
political-geographic-object;['–±—Ä–∞–∑–∏–ª–∏–∞', 'bras√≠lia'];–ë—Ä–∞–∑–∏–ª–∏–∞ - –∫—ä–∞–ª—ç, –ë—Ä–∞–∑–∏–ª–∏–µ–º –∏ –∫—ä—ç–ª—ç—à—ä—Ö—å–∞I. –ù—ç–±–≥—ã—Ä—ç –º–ª–Ω 2.5 —â—ç–ø—Å—ç—É.
political-geographic-object;['–æ—Ç—Ç–∞–≤–∞', 'ottawa'];–û—Ç—Ç–∞–≤–∞ ‚Äì –∫—ä–∞–ª—ç, –ö–∞–Ω–∞–¥—ç–º –∏ –∫—ä—ç–ª—ç—à—ä—Ö—å–∞I. –ù—ç–±–≥—ã—Ä—ç –º–∏–Ω 880 —Ñ—ç–¥–∏—Å –¥—ç—Å.
political-geographic-object;['–∫–∏—Ç–æ', 'quito'];–ö–∏—Ç–æ ‚Äì –∫—ä–∞–ª—ç, –≠–∫—É–∞–¥–æ—Ä—ã–º –∏ –∫—ä—ç–ª—ç—à—ä—Ö—å–∞I. –ù—ç–±–≥—ã—Ä—ç –º–ª–Ω 2.5-–º –∫—ä–µ—Ö—ä—É –¥—ç—Å.
political-geographic-object;['–∫–∞–∏—Ä'];–ö–∞–∏—Ä ‚Äì –∫—ä–∞–ª—ç, –ú—ã—Å—ã—Ä—ã–º –∏ –∫—ä—ç–ª—ç—à—ä—Ö—å–∞I. –ù—ç–±–≥—ã—Ä—ç –º–ª–Ω 8-–º –∫—ä–µ—Ö—ä—É –¥—ç—Å.
political-geographic-object;['–∞–¥–¥–∏—Å-–∞–±–µ–±–∞', 'addis abeba'];–ê–¥–¥–∏—Å-–ê–±–µ–±–∞ - –≠—Ñ–∏–æ–ø–∏–µ–º –∏ –∫—ä—ç–ª—ç—à—ä—Ö—å–∞I, —ã–∫I–∏ –∏ –Ω–∞—Ö—å –∫—ä—ç–ª—ç—à—Ö—É.
political-geographic-object;['–∫–∏—à–∏–Ω—ë–≤'];–ö–∏—à–∏–Ω—ë–≤ ‚Äì –ú–æ–ª–¥–∞–≤–∏–µ –∏ –∫—ä—ç–ª—ç—à—ä—Ö—å–∞I. –ù—ç–±–≥—ã—Ä—ç –º–ª–Ω 678 200 –¥—ç—Å (2015).
political-geographic-object;['–∞–Ω–∫–∞—Ä–∞', 'ankara'];–ê–Ω–∫–∞—Ä–∞ ‚Äî –¢—ã—Ä–∫—É–µ–º –∏ –∫—ä—ç–ª—ç —à—ä—Ö—å–∞I. –ù—ç–±–≥—ã—Ä—ç –º–∏–Ω 5-–º —Ñ—ç–¥–∏–∑ —ÜI—ã—Ñ –¥—ç—Å.
political-geographic-object;['–≤–∞–ª—å–ø–∞—Ä–∞–∏—Å–æ', 'valparaiso'];–í–∞–ª—å–ø–∞—Ä–∞–∏—Å–æ ‚Äî –ß–∏–ª–∏–∏–µ–º –∏ –∫—ä–∞–ª—ç.
political-geographic-object;['—Ä–∏–æ-–¥–µ-–∂–∞–Ω–µ–π—Ä–æ', 'rio de janeiro'];–†–∏–æ-–¥–µ-–ñ–∞–Ω–µ–π—Ä–æ ‚Äî –ë—Ä–∞–∑–∏–ª–∏–µ–º –∏ –∫—ä–∞–ª—ç.
political-geographic-object;['–∏—Å—Ç–∞–º–±—ã–ª'];–ò—Å—Ç–∞–º–±—ã–ª ‚Äî –¢—ã—Ä–∫—É–µ–º –∏ –∫—ä–∞–ª—ç–º—ç –∞–Ω–∞—Ö—å –∏–Ω—ã—Ä.
political-geographic-object;['—Ç—Ä–∏–ø–æ–ª–∏', 'tripoli'];–¢—Ä–∏–ø–æ–ª–∏ (–∞—Ä–∞–ø—ã–±–∑—ç–∫I—ç –¢–∞—Ä–∞–±—É–ª—É—Å) ‚Äì –õ–∏–≤–∏–µ–º –∏ –∫—ä—ç–ª—ç—à—ä—Ö—å–∞I. –ù—ç–±–≥—ã—Ä—ç –º–ª–Ω 1.7 —Ñ—ç–¥–∏—Å –¥—ç—Å.
political-geographic-object;['–±—Ä–∞–∑–∏–ª–∏–µ'];–ë—Ä–∞–∑–∏–ª–∏–µ ‚Äî –ö—ä—ã–±–ª—ç –ê–º–µ—Ä–∏–∫—ç–º –∏—Ç –∫—ä—ç—Ä–∞–ª—ã–≥—ä—É.
quality;['–¥–∂—É—Ä—Ç'];–î–∂—É—Ä—Ç –¥–∏–Ω, –∏—É–¥–∞–∏–∑–º, –¥–∂—É–¥–∞–∏–∑–º - –¥–∂—É—Ä—Ç–º—ç –∞–ª—ç–∂—å—ã—Ä—ç –¥–∏–Ω.
quality;['—á—ã—Ä–∏—Å—Ç–∞–Ω –¥–∏–Ω'];–ß—ã—Ä–∏—Å—Ç–∞–Ω –¥–∏–Ω, —Ö—Ä–∏—Å—Ç–∏–∞–Ω –¥–∏–Ω ‚Äì –¥—É–Ω–∞–µ–º —Ç–µ—Ç –¥–∏–Ω–º—ç –∞–Ω–∞—Ö—å –∂—ä—ã–¥—ç–¥—ç–º—ç –∞—â—ã—â.
socially-constructed-person;['–≤–µ—Ä–≥–∏–ª–∏–π'];–ü—É–±–ª–∏–π –í–µ—Ä–≥–∏–ª–∏–π –ú–∞—Ä–æ–Ω (Publius Vergilius Maro, 70 –≥—ä.
socially-constructed-person;['—É—Ä—ã–º—Ö—ç—Ä'];–£—Ä—ã–º—Ö—ç—Ä ‚Äì –¥—É–Ω–∞–∏–º —Ç–µ—Ç —ÜI—ã—Ñ –ª—ä—ç–ø–∫—ä –∂—ä—ã–¥—ç–¥—ç–º—ç –∞—â—ã—â, —É—Ä—ã–º—ã–±–∑—ç—Ä –∞I—É–ª—ä, –¥–∂—ã—Ä—ç –£—Ä—ã–º—ã–µ–º—Ä—ç, –ö–∏–ø—Ä—ç–º—Ä—ç —è–ª—ä—ç–ø–∫—ä —à—ä—Ö—å–∞I. –¢–∞—Ä–∏—Ö—ä—ã–º–∫I—ç, –∫—É–ª—Ç—É—Ä—ç–º–∫I—ç –º—ç—Ö—å–∞–Ω—ç—à—Ö–æ –∑–∏I—ç–≥—ä—ç –ª—ä—ç–ø–∫—ä–º—ç –∞—â—ã—â—ã–≥—ä.
socially-constructed-person;['–æ—Ä—ç–¥—É—Å'];–û—Ä—ç–¥—É—Å ‚Äî –æ—Ä—ç–¥—Ö—ç—Ä –∑—ã—É—Å—ã—Ä—ç—Ä.
socially-constructed-person;['–∏—Å–∞–∞–∫ –Ω—å—é—Ç–æ–Ω', '–Ω—å—é—Ç–æ–Ω', '–Ω—å—é—Ç–æ–Ω, –∏—Å–∞–∞–∫'];–ò—Å–∞–∞–∫ –ù—å—é—Ç–æ–Ω (Isaac Newton. 1642, –£–ª—Å—Ç–æ—Ä–ø, –ê–Ω–≥–ª–∏–µ ‚Äî 1727, –õ–æ–Ω–¥–æ–Ω) ‚Äî XVII-XVIII-—Ä—ç –ª1—ç—à1—ç–≥—ä—É—Ö—ç–º –ø—Å—ç—É–≥—ä—ç –∞–Ω–≥–ª—ã–∑ —à1—ç–Ω—ã–≥—ä—ç–ª—ç–∂—å, —Ö—å–∏—Å–∞–ø—ã–º, —Ñ–∏–∑–∏–∫—ç–º, –∞—Å—Ç—Ä–æ–Ω–æ–º–∏–µ–º —ã–∫1–∏ –Ω—ç–º—ã–∫1 —à1—ç–Ω—ã–≥—ä—ç –∫—ä—É—Ç–∞–º—ç—Ö—ç–º —â—ã–ª—ç–∂—å–∞–≥—ä.
spatial-feature;['–æ—à—ä—É–∞–ø—â—ç'];–û—à—ä—É–∞–ø—â—ç ‚Äì –æ—à—ä—É–∞–ø—â—ç—Ö—ç—Ä –∫—ä—ã—Ç–µ—Ö—å–∞–≥—ä—ç—Ö, –∞—É –∫—ä–µ—â—Ö—ã—Ä—ç–ø.
taxonomic-collective;['–∫—ä—É–º–±—ã–ª'];–ö—ä—É–º–±—ã–ª ‚Äì –ø—Ö—ä—ç—à—ä—ç–±—ç —á—ä—ã–≥ –ª—ä—ç–ø–∫—ä.
taxonomic-collective;['—á—ç—Ç—ã—É', 'felidae'];–ß—ç—Ç—ã—É—ã—Ä, —â—ç—Ä—ã–øI—É I—ç—Ä—ã–øI—É –ø—Å—ç—É—à—ä—Ö—å—ç—Ö—ç–º—ç –∞ —â—ã—â.
taxonomic-collective;['–ø—Ö—ä—ç—Éi—É', 'picus'];–ü—Ö—ä—ç—ÉI—É ‚Äì –º—ç–∑—ã–º —Ö—ç—Å –±–∑—ã—É –ª—ä—ç–ø–∫—ä.
temporal-region;['—Ç—Ö—å–∞—É–º–∞—Ñ—ç', '—Ç—Ö—å–∞—É–º–∞—Ñ—ç-–≤–æ—Å–∫—Ä–µ—Å–µ–Ω—å–µ'];–¢—Ö—å–∞—É–º–∞—Ñ—ç ‚Äì —Ç—Ö—å–∞—É–º–∞—Ñ—ç–º –¥–∂–∞–Ω—ç –∫—ä—ç—Å—â—ç—Ñ—ã—â—Ç.
temporal-region;['–∫”è—ã–º–∞—Ñ', '–∫1—ã–º–∞—Ñ'];–ö”Ä—ã–º–∞—Ñ ‚Äî –∫”Ä—ã–º–∞—Ñ—ç–º –æ—Å –∫—ä–µ—Å—ã.
temporal-region;['–ø—á—ã—Ö—å—ç', '–ø—á—ã—Ö—å—ç-–≤–µ—á–µ—Ä'];–ü—á—ã—Ö—å—ç ‚Äì —É–∏–ø—á—ã—Ö—å—ç —à”Ä—É, –ø—á—ã—Ö—ç —Ä—ç—Ö—å–∞—Ç—ã—Ä –≥–æ—Ö—å—ã.
temporal-region;['–±–∂—ã—Ö—å—ç'];–ë–∂—ä—ã—Ö—å—ç–º –æ—â—Ö –∫—ä–µ—â—Ö—ã.
temporal-region;['–≥—ä—ç–º–∞—Ñ'];–ì—ä—ç–º–∞—Ñ—ç—Ä —Ñ–∞–±—ç.
